Simulation	Risk_Percentage	Par1	Par2	Par3	Par4	Par5	Par6	Par7	Par8	Par9	Par10	Par11	Par12	Par13	Par14	Par15	Par16	Par17	Par18	Par19	Par20	Par21	Par22	Par23	Par24	Par25	Par26	Par27	Par28	Par29	Par30	Par31	Par32	Par33	Par34	Par35	Par36	Par37	Par38	Par39	Par40	Par41	Par42	Par43	Par44	Par45	Par46	Par47	Par48	Par49	Par50	Par51	Par52	Par53	Par54	Par55
sim25	100	0.59375	0.194375	171.875	0.90625	0.78125	0.171875	15.625	0.34375	0.070625	453.125	4531.25	0.34375	171.875	3281.25	0.28125	0.025625	296.875	156.25	0.84375	484.375	4218.75	0.46875	0.126875	453.125	4531.25	0.03125	0.765625	0.746875	0.971875	0.821875	0.840625	0.671875	0.878125	0.990625	0.671875	0.971875	0.890625	0.953125	0.709375	0.803125	0.640625	0.971875	0.953125	34.375	34.375	65.625	28.125	3.125	59.375	3.125	84.375	59.375	96.875	34.375	90.625
sim35	100	0.765625	0.1184375	101.5625	0.921875	0.046875	0.1409375	242.1875	0.640625	0.1634375	39.0625	234.375	0.046875	351.5625	1640.625	0.765625	0.1746875	414.0625	2109.375	0.359375	367.1875	3359.375	0.015625	0.1971875	54.6875	1015.625	0.796875	0.7234375	0.9859375	0.7703125	0.8921875	0.8171875	0.5078125	0.7796875	0.7140625	0.8515625	0.8265625	0.7734375	0.7515625	0.9953125	0.7421875	0.6484375	0.8734375	0.7734375	54.6875	20.3125	82.8125	26.5625	35.9375	32.8125	92.1875	85.9375	76.5625	54.6875	20.3125	92.1875
sim53	100	0.671875	0.0903125	492.1875	0.953125	0.578125	0.0228125	320.3125	0.296875	0.1915625	85.9375	390.625	0.265625	117.1875	2734.375	0.984375	0.1353125	367.1875	1015.625	0.328125	414.0625	1328.125	0.421875	0.0565625	445.3125	4609.375	0.453125	0.9578125	0.8265625	0.7796875	0.8828125	0.9015625	0.6484375	0.7515625	0.9671875	0.7421875	0.8359375	0.5390625	0.8546875	0.7421875	0.9390625	0.7265625	0.9015625	0.7890625	76.5625	73.4375	4.6875	48.4375	14.0625	23.4375	70.3125	82.8125	67.1875	39.0625	98.4375	95.3125
sim112	100	0.0546875	0.18734375	50.78125	0.9609375	0.3046875	0.12546875	308.59375	0.9765625	0.04671875	261.71875	4179.6875	0.4765625	97.65625	4648.4375	0.1015625	0.02984375	238.28125	4257.8125	0.7578125	214.84375	742.1875	0.4140625	0.11421875	425.78125	3398.4375	0.4296875	0.87109375	0.73046875	0.76328125	0.75390625	0.85234375	0.80078125	0.71640625	0.97890625	0.55078125	0.98828125	0.65234375	0.87578125	0.88515625	0.99296875	0.57421875	0.85703125	0.91796875	47.65625	19.53125	92.96875	10.15625	5.46875	47.65625	85.15625	75.78125	5.46875	92.96875	10.15625	96.09375
sim164	100	0.14453125	0.123359375	177.734375	0.87109375	0.87890625	0.124765625	220.703125	0.68359375	0.091015625	212.890625	3105.46875	0.30078125	13.671875	4160.15625	0.12890625	0.037578125	21.484375	2832.03125	0.46484375	306.640625	292.96875	0.58203125	0.057265625	212.890625	3652.34375	0.01953125	0.729296875	0.926171875	0.722265625	0.794921875	0.703515625	0.548828125	0.731640625	0.839453125	0.615234375	0.984765625	0.880859375	0.787890625	0.787890625	0.741015625	0.927734375	0.909765625	0.615234375	79.296875	88.671875	69.921875	98.828125	33.203125	80.078125	76.953125	89.453125	14.453125	57.421875	35.546875	87.109375
sim247	100	0.93359375	0.189453125	228.515625	0.76953125	0.63671875	0.143046875	287.109375	0.94140625	0.120546875	498.046875	1347.65625	0.23046875	251.953125	2167.96875	0.99609375	0.162734375	322.265625	761.71875	0.91015625	154.296875	2597.65625	0.98046875	0.075546875	333.984375	644.53125	0.65234375	0.886328125	0.755078125	0.729296875	0.956640625	0.968359375	0.763671875	0.794921875	0.874609375	0.791015625	0.823046875	0.501953125	0.982421875	0.748046875	0.996484375	0.845703125	0.888671875	0.689453125	23.828125	89.453125	53.515625	63.671875	2.734375	88.671875	94.921875	98.046875	93.359375	94.140625	45.703125	76.953125
sim287	100	0.15625	0.059375	78.125	0.96875	0.40625	0.025625	265.625	0.96875	0.104375	390.625	4531.25	0.15625	109.375	2031.25	0.71875	0.036875	109.375	4218.75	0.71875	15.625	3906.25	0.90625	0.171875	15.625	1406.25	0.78125	0.728125	0.765625	0.990625	0.878125	0.990625	0.890625	0.746875	0.765625	0.578125	0.990625	0.703125	0.709375	0.859375	0.990625	0.734375	0.934375	0.953125	15.625	21.875	40.625	71.875	96.875	59.375	96.875	78.125	15.625	21.875	15.625	96.875
sim302	100	0.109375	0.0396875	460.9375	0.828125	0.484375	0.1128125	117.1875	0.359375	0.1353125	195.3125	2265.625	0.921875	195.3125	4921.875	0.796875	0.1859375	429.6875	4140.625	0.921875	398.4375	3828.125	0.234375	0.0453125	7.8125	2109.375	0.703125	0.7234375	0.7984375	0.9859375	0.9578125	0.8171875	0.6796875	0.8828125	0.8828125	0.7109375	0.7984375	0.9921875	0.7046875	0.9203125	0.9578125	0.5703125	0.9671875	0.9765625	42.1875	89.0625	48.4375	29.6875	45.3125	35.9375	89.0625	85.9375	10.9375	10.9375	92.1875	82.8125
sim348	100	0.0703125	0.07203125	97.65625	0.9296875	0.6015625	0.06640625	82.03125	0.3984375	0.08046875	394.53125	3398.4375	0.6328125	183.59375	4492.1875	0.3046875	0.06640625	363.28125	2460.9375	0.1640625	417.96875	3320.3125	0.0703125	0.10296875	183.59375	3007.8125	0.8515625	0.80078125	0.86640625	0.91796875	0.98359375	0.77265625	0.70703125	0.87109375	0.93671875	0.84765625	0.82890625	0.55078125	0.92734375	0.89921875	0.96953125	0.91796875	0.78671875	0.58984375	13.28125	86.71875	39.84375	80.46875	22.65625	44.53125	74.21875	91.40625	7.03125	28.90625	19.53125	92.96875
sim368	100	0.3046875	0.12546875	308.59375	0.9765625	0.1484375	0.11421875	417.96875	0.4765625	0.05515625	464.84375	507.8125	0.0546875	238.28125	4257.8125	0.7578125	0.09734375	74.21875	2070.3125	0.5234375	425.78125	3398.4375	0.4296875	0.12265625	50.78125	1054.6875	0.1796875	0.85234375	0.88046875	0.71640625	0.97890625	0.73046875	0.98046875	0.79140625	0.87578125	0.80859375	0.99296875	0.57421875	0.85703125	0.95078125	0.84296875	0.59765625	0.97890625	0.55078125	5.46875	47.65625	85.15625	75.78125	5.46875	92.96875	10.15625	96.09375	30.46875	58.59375	61.71875	97.65625
sim389	100	0.67578125	0.195078125	150.390625	0.79296875	0.41015625	0.060078125	162.109375	0.00390625	0.100859375	376.953125	722.65625	0.51953125	310.546875	1191.40625	0.41796875	0.178203125	443.359375	1582.03125	0.53515625	345.703125	1542.96875	0.53515625	0.164140625	228.515625	4667.96875	0.70703125	0.895703125	0.808984375	0.736328125	0.919140625	0.942578125	0.685546875	0.717578125	0.895703125	0.982421875	0.933203125	0.669921875	0.820703125	0.839453125	0.708203125	0.544921875	0.745703125	0.736328125	28.515625	84.765625	91.015625	47.265625	62.890625	87.109375	18.359375	94.921875	67.578125	97.265625	30.078125	79.296875
sim425	100	0.94140625	0.046015625	439.453125	0.87109375	0.83203125	0.197890625	341.796875	0.11328125	0.036171875	447.265625	2832.03125	0.16015625	365.234375	19.53125	0.90234375	0.164140625	248.046875	1347.65625	0.14453125	369.140625	1464.84375	0.95703125	0.048828125	95.703125	1308.59375	0.25390625	0.834765625	0.785546875	0.900390625	0.895703125	0.975390625	0.880859375	0.947265625	0.994140625	0.927734375	0.797265625	0.708984375	0.741015625	0.712890625	0.881640625	0.974609375	0.853515625	0.650390625	39.453125	48.828125	33.203125	45.703125	58.203125	26.171875	54.296875	93.359375	94.140625	14.453125	87.890625	87.109375
sim436	100	0.59765625	0.175390625	267.578125	0.90234375	0.48828125	0.147265625	451.171875	0.64453125	0.143046875	212.890625	3613.28125	0.25390625	380.859375	3300.78125	0.12109375	0.034765625	13.671875	1816.40625	0.86328125	228.515625	1308.59375	0.36328125	0.054453125	236.328125	3964.84375	0.78515625	0.900390625	0.757421875	0.722265625	0.998828125	0.797265625	0.896484375	0.919140625	0.703515625	0.849609375	0.825390625	0.880859375	0.825390625	0.778515625	0.741015625	0.646484375	0.712890625	0.697265625	5.078125	1.953125	98.828125	55.078125	17.578125	10.546875	19.921875	90.234375	59.765625	86.328125	53.515625	90.234375
sim543	100	0.96875	0.059375	78.125	0.96875	0.40625	0.025625	265.625	0.96875	0.104375	390.625	4531.25	0.15625	109.375	2031.25	0.71875	0.036875	109.375	4218.75	0.71875	15.625	3906.25	0.90625	0.171875	15.625	1406.25	0.78125	0.728125	0.765625	0.990625	0.878125	0.990625	0.890625	0.746875	0.765625	0.578125	0.990625	0.703125	0.709375	0.859375	0.990625	0.734375	0.934375	0.953125	15.625	21.875	40.625	71.875	96.875	59.375	96.875	78.125	15.625	21.875	15.625	96.875
sim558	100	0.453125	0.0396875	460.9375	0.828125	0.484375	0.1128125	117.1875	0.359375	0.1353125	195.3125	2265.625	0.921875	195.3125	4921.875	0.796875	0.1859375	429.6875	4140.625	0.921875	398.4375	3828.125	0.234375	0.0453125	7.8125	2109.375	0.703125	0.7234375	0.7984375	0.9859375	0.9578125	0.8171875	0.6796875	0.8828125	0.8828125	0.7109375	0.7984375	0.9921875	0.7046875	0.9203125	0.9578125	0.5703125	0.9671875	0.9765625	42.1875	89.0625	48.4375	29.6875	45.3125	35.9375	89.0625	85.9375	10.9375	10.9375	92.1875	82.8125
sim604	100	0.2265625	0.07203125	97.65625	0.9296875	0.6015625	0.06640625	82.03125	0.3984375	0.08046875	394.53125	3398.4375	0.6328125	183.59375	4492.1875	0.3046875	0.06640625	363.28125	2460.9375	0.1640625	417.96875	3320.3125	0.0703125	0.10296875	183.59375	3007.8125	0.8515625	0.80078125	0.86640625	0.91796875	0.98359375	0.77265625	0.70703125	0.87109375	0.93671875	0.84765625	0.82890625	0.55078125	0.92734375	0.89921875	0.96953125	0.91796875	0.78671875	0.58984375	13.28125	86.71875	39.84375	80.46875	22.65625	44.53125	74.21875	91.40625	7.03125	28.90625	19.53125	92.96875
sim624	100	0.0546875	0.12546875	308.59375	0.9765625	0.1484375	0.11421875	417.96875	0.4765625	0.05515625	464.84375	507.8125	0.0546875	238.28125	4257.8125	0.7578125	0.09734375	74.21875	2070.3125	0.5234375	425.78125	3398.4375	0.4296875	0.12265625	50.78125	1054.6875	0.1796875	0.85234375	0.88046875	0.71640625	0.97890625	0.73046875	0.98046875	0.79140625	0.87578125	0.80859375	0.99296875	0.57421875	0.85703125	0.95078125	0.84296875	0.59765625	0.97890625	0.55078125	5.46875	47.65625	85.15625	75.78125	5.46875	92.96875	10.15625	96.09375	30.46875	58.59375	61.71875	97.65625
sim645	100	0.62890625	0.195078125	150.390625	0.79296875	0.41015625	0.060078125	162.109375	0.00390625	0.100859375	376.953125	722.65625	0.51953125	310.546875	1191.40625	0.41796875	0.178203125	443.359375	1582.03125	0.53515625	345.703125	1542.96875	0.53515625	0.164140625	228.515625	4667.96875	0.70703125	0.895703125	0.808984375	0.736328125	0.919140625	0.942578125	0.685546875	0.717578125	0.895703125	0.982421875	0.933203125	0.669921875	0.820703125	0.839453125	0.708203125	0.544921875	0.745703125	0.736328125	28.515625	84.765625	91.015625	47.265625	62.890625	87.109375	18.359375	94.921875	67.578125	97.265625	30.078125	79.296875
sim681	100	0.58203125	0.046015625	439.453125	0.87109375	0.83203125	0.197890625	341.796875	0.11328125	0.036171875	447.265625	2832.03125	0.16015625	365.234375	19.53125	0.90234375	0.164140625	248.046875	1347.65625	0.14453125	369.140625	1464.84375	0.95703125	0.048828125	95.703125	1308.59375	0.25390625	0.834765625	0.785546875	0.900390625	0.895703125	0.975390625	0.880859375	0.947265625	0.994140625	0.927734375	0.797265625	0.708984375	0.741015625	0.712890625	0.881640625	0.974609375	0.853515625	0.650390625	39.453125	48.828125	33.203125	45.703125	58.203125	26.171875	54.296875	93.359375	94.140625	14.453125	87.890625	87.109375
sim692	100	0.17578125	0.175390625	267.578125	0.90234375	0.48828125	0.147265625	451.171875	0.64453125	0.143046875	212.890625	3613.28125	0.25390625	380.859375	3300.78125	0.12109375	0.034765625	13.671875	1816.40625	0.86328125	228.515625	1308.59375	0.36328125	0.054453125	236.328125	3964.84375	0.78515625	0.900390625	0.757421875	0.722265625	0.998828125	0.797265625	0.896484375	0.919140625	0.703515625	0.849609375	0.825390625	0.880859375	0.825390625	0.778515625	0.741015625	0.646484375	0.712890625	0.697265625	5.078125	1.953125	98.828125	55.078125	17.578125	10.546875	19.921875	90.234375	59.765625	86.328125	53.515625	90.234375
sim799	100	0.15625	0.126875	78.125	0.96875	0.40625	0.025625	265.625	0.96875	0.104375	390.625	4531.25	0.15625	109.375	2031.25	0.71875	0.036875	109.375	4218.75	0.71875	15.625	3906.25	0.90625	0.171875	15.625	1406.25	0.78125	0.728125	0.765625	0.990625	0.878125	0.990625	0.890625	0.746875	0.765625	0.578125	0.990625	0.703125	0.709375	0.859375	0.990625	0.734375	0.934375	0.953125	15.625	21.875	40.625	71.875	96.875	59.375	96.875	78.125	15.625	21.875	15.625	96.875
sim814	100	0.109375	0.0846875	460.9375	0.828125	0.484375	0.1128125	117.1875	0.359375	0.1353125	195.3125	2265.625	0.921875	195.3125	4921.875	0.796875	0.1859375	429.6875	4140.625	0.921875	398.4375	3828.125	0.234375	0.0453125	7.8125	2109.375	0.703125	0.7234375	0.7984375	0.9859375	0.9578125	0.8171875	0.6796875	0.8828125	0.8828125	0.7109375	0.7984375	0.9921875	0.7046875	0.9203125	0.9578125	0.5703125	0.9671875	0.9765625	42.1875	89.0625	48.4375	29.6875	45.3125	35.9375	89.0625	85.9375	10.9375	10.9375	92.1875	82.8125
sim860	100	0.0703125	0.10015625	97.65625	0.9296875	0.6015625	0.06640625	82.03125	0.3984375	0.08046875	394.53125	3398.4375	0.6328125	183.59375	4492.1875	0.3046875	0.06640625	363.28125	2460.9375	0.1640625	417.96875	3320.3125	0.0703125	0.10296875	183.59375	3007.8125	0.8515625	0.80078125	0.86640625	0.91796875	0.98359375	0.77265625	0.70703125	0.87109375	0.93671875	0.84765625	0.82890625	0.55078125	0.92734375	0.89921875	0.96953125	0.91796875	0.78671875	0.58984375	13.28125	86.71875	39.84375	80.46875	22.65625	44.53125	74.21875	91.40625	7.03125	28.90625	19.53125	92.96875
sim880	100	0.3046875	0.18734375	308.59375	0.9765625	0.1484375	0.11421875	417.96875	0.4765625	0.05515625	464.84375	507.8125	0.0546875	238.28125	4257.8125	0.7578125	0.09734375	74.21875	2070.3125	0.5234375	425.78125	3398.4375	0.4296875	0.12265625	50.78125	1054.6875	0.1796875	0.85234375	0.88046875	0.71640625	0.97890625	0.73046875	0.98046875	0.79140625	0.87578125	0.80859375	0.99296875	0.57421875	0.85703125	0.95078125	0.84296875	0.59765625	0.97890625	0.55078125	5.46875	47.65625	85.15625	75.78125	5.46875	92.96875	10.15625	96.09375	30.46875	58.59375	61.71875	97.65625
sim901	100	0.67578125	0.176796875	150.390625	0.79296875	0.41015625	0.060078125	162.109375	0.00390625	0.100859375	376.953125	722.65625	0.51953125	310.546875	1191.40625	0.41796875	0.178203125	443.359375	1582.03125	0.53515625	345.703125	1542.96875	0.53515625	0.164140625	228.515625	4667.96875	0.70703125	0.895703125	0.808984375	0.736328125	0.919140625	0.942578125	0.685546875	0.717578125	0.895703125	0.982421875	0.933203125	0.669921875	0.820703125	0.839453125	0.708203125	0.544921875	0.745703125	0.736328125	28.515625	84.765625	91.015625	47.265625	62.890625	87.109375	18.359375	94.921875	67.578125	97.265625	30.078125	79.296875
sim937	100	0.94140625	0.067109375	439.453125	0.87109375	0.83203125	0.197890625	341.796875	0.11328125	0.036171875	447.265625	2832.03125	0.16015625	365.234375	19.53125	0.90234375	0.164140625	248.046875	1347.65625	0.14453125	369.140625	1464.84375	0.95703125	0.048828125	95.703125	1308.59375	0.25390625	0.834765625	0.785546875	0.900390625	0.895703125	0.975390625	0.880859375	0.947265625	0.994140625	0.927734375	0.797265625	0.708984375	0.741015625	0.712890625	0.881640625	0.974609375	0.853515625	0.650390625	39.453125	48.828125	33.203125	45.703125	58.203125	26.171875	54.296875	93.359375	94.140625	14.453125	87.890625	87.109375
sim948	100	0.59765625	0.038984375	267.578125	0.90234375	0.48828125	0.147265625	451.171875	0.64453125	0.143046875	212.890625	3613.28125	0.25390625	380.859375	3300.78125	0.12109375	0.034765625	13.671875	1816.40625	0.86328125	228.515625	1308.59375	0.36328125	0.054453125	236.328125	3964.84375	0.78515625	0.900390625	0.757421875	0.722265625	0.998828125	0.797265625	0.896484375	0.919140625	0.703515625	0.849609375	0.825390625	0.880859375	0.825390625	0.778515625	0.741015625	0.646484375	0.712890625	0.697265625	5.078125	1.953125	98.828125	55.078125	17.578125	10.546875	19.921875	90.234375	59.765625	86.328125	53.515625	90.234375
sim1055	100	0.15625	0.059375	484.375	0.96875	0.40625	0.025625	265.625	0.96875	0.104375	390.625	4531.25	0.15625	109.375	2031.25	0.71875	0.036875	109.375	4218.75	0.71875	15.625	3906.25	0.90625	0.171875	15.625	1406.25	0.78125	0.728125	0.765625	0.990625	0.878125	0.990625	0.890625	0.746875	0.765625	0.578125	0.990625	0.703125	0.709375	0.859375	0.990625	0.734375	0.934375	0.953125	15.625	21.875	40.625	71.875	96.875	59.375	96.875	78.125	15.625	21.875	15.625	96.875
sim1070	100	0.109375	0.0396875	445.3125	0.828125	0.484375	0.1128125	117.1875	0.359375	0.1353125	195.3125	2265.625	0.921875	195.3125	4921.875	0.796875	0.1859375	429.6875	4140.625	0.921875	398.4375	3828.125	0.234375	0.0453125	7.8125	2109.375	0.703125	0.7234375	0.7984375	0.9859375	0.9578125	0.8171875	0.6796875	0.8828125	0.8828125	0.7109375	0.7984375	0.9921875	0.7046875	0.9203125	0.9578125	0.5703125	0.9671875	0.9765625	42.1875	89.0625	48.4375	29.6875	45.3125	35.9375	89.0625	85.9375	10.9375	10.9375	92.1875	82.8125
sim1116	100	0.0703125	0.07203125	371.09375	0.9296875	0.6015625	0.06640625	82.03125	0.3984375	0.08046875	394.53125	3398.4375	0.6328125	183.59375	4492.1875	0.3046875	0.06640625	363.28125	2460.9375	0.1640625	417.96875	3320.3125	0.0703125	0.10296875	183.59375	3007.8125	0.8515625	0.80078125	0.86640625	0.91796875	0.98359375	0.77265625	0.70703125	0.87109375	0.93671875	0.84765625	0.82890625	0.55078125	0.92734375	0.89921875	0.96953125	0.91796875	0.78671875	0.58984375	13.28125	86.71875	39.84375	80.46875	22.65625	44.53125	74.21875	91.40625	7.03125	28.90625	19.53125	92.96875
sim1136	100	0.3046875	0.12546875	50.78125	0.9765625	0.1484375	0.11421875	417.96875	0.4765625	0.05515625	464.84375	507.8125	0.0546875	238.28125	4257.8125	0.7578125	0.09734375	74.21875	2070.3125	0.5234375	425.78125	3398.4375	0.4296875	0.12265625	50.78125	1054.6875	0.1796875	0.85234375	0.88046875	0.71640625	0.97890625	0.73046875	0.98046875	0.79140625	0.87578125	0.80859375	0.99296875	0.57421875	0.85703125	0.95078125	0.84296875	0.59765625	0.97890625	0.55078125	5.46875	47.65625	85.15625	75.78125	5.46875	92.96875	10.15625	96.09375	30.46875	58.59375	61.71875	97.65625
sim1157	100	0.67578125	0.195078125	91.796875	0.79296875	0.41015625	0.060078125	162.109375	0.00390625	0.100859375	376.953125	722.65625	0.51953125	310.546875	1191.40625	0.41796875	0.178203125	443.359375	1582.03125	0.53515625	345.703125	1542.96875	0.53515625	0.164140625	228.515625	4667.96875	0.70703125	0.895703125	0.808984375	0.736328125	0.919140625	0.942578125	0.685546875	0.717578125	0.895703125	0.982421875	0.933203125	0.669921875	0.820703125	0.839453125	0.708203125	0.544921875	0.745703125	0.736328125	28.515625	84.765625	91.015625	47.265625	62.890625	87.109375	18.359375	94.921875	67.578125	97.265625	30.078125	79.296875
sim1193	100	0.94140625	0.046015625	271.484375	0.87109375	0.83203125	0.197890625	341.796875	0.11328125	0.036171875	447.265625	2832.03125	0.16015625	365.234375	19.53125	0.90234375	0.164140625	248.046875	1347.65625	0.14453125	369.140625	1464.84375	0.95703125	0.048828125	95.703125	1308.59375	0.25390625	0.834765625	0.785546875	0.900390625	0.895703125	0.975390625	0.880859375	0.947265625	0.994140625	0.927734375	0.797265625	0.708984375	0.741015625	0.712890625	0.881640625	0.974609375	0.853515625	0.650390625	39.453125	48.828125	33.203125	45.703125	58.203125	26.171875	54.296875	93.359375	94.140625	14.453125	87.890625	87.109375
sim1204	100	0.59765625	0.175390625	99.609375	0.90234375	0.48828125	0.147265625	451.171875	0.64453125	0.143046875	212.890625	3613.28125	0.25390625	380.859375	3300.78125	0.12109375	0.034765625	13.671875	1816.40625	0.86328125	228.515625	1308.59375	0.36328125	0.054453125	236.328125	3964.84375	0.78515625	0.900390625	0.757421875	0.722265625	0.998828125	0.797265625	0.896484375	0.919140625	0.703515625	0.849609375	0.825390625	0.880859375	0.825390625	0.778515625	0.741015625	0.646484375	0.712890625	0.697265625	5.078125	1.953125	98.828125	55.078125	17.578125	10.546875	19.921875	90.234375	59.765625	86.328125	53.515625	90.234375
sim1311	100	0.15625	0.059375	78.125	0.78125	0.40625	0.025625	265.625	0.96875	0.104375	390.625	4531.25	0.15625	109.375	2031.25	0.71875	0.036875	109.375	4218.75	0.71875	15.625	3906.25	0.90625	0.171875	15.625	1406.25	0.78125	0.728125	0.765625	0.990625	0.878125	0.990625	0.890625	0.746875	0.765625	0.578125	0.990625	0.703125	0.709375	0.859375	0.990625	0.734375	0.934375	0.953125	15.625	21.875	40.625	71.875	96.875	59.375	96.875	78.125	15.625	21.875	15.625	96.875
sim1326	100	0.109375	0.0396875	460.9375	0.859375	0.484375	0.1128125	117.1875	0.359375	0.1353125	195.3125	2265.625	0.921875	195.3125	4921.875	0.796875	0.1859375	429.6875	4140.625	0.921875	398.4375	3828.125	0.234375	0.0453125	7.8125	2109.375	0.703125	0.7234375	0.7984375	0.9859375	0.9578125	0.8171875	0.6796875	0.8828125	0.8828125	0.7109375	0.7984375	0.9921875	0.7046875	0.9203125	0.9578125	0.5703125	0.9671875	0.9765625	42.1875	89.0625	48.4375	29.6875	45.3125	35.9375	89.0625	85.9375	10.9375	10.9375	92.1875	82.8125
sim1372	100	0.0703125	0.07203125	97.65625	0.9140625	0.6015625	0.06640625	82.03125	0.3984375	0.08046875	394.53125	3398.4375	0.6328125	183.59375	4492.1875	0.3046875	0.06640625	363.28125	2460.9375	0.1640625	417.96875	3320.3125	0.0703125	0.10296875	183.59375	3007.8125	0.8515625	0.80078125	0.86640625	0.91796875	0.98359375	0.77265625	0.70703125	0.87109375	0.93671875	0.84765625	0.82890625	0.55078125	0.92734375	0.89921875	0.96953125	0.91796875	0.78671875	0.58984375	13.28125	86.71875	39.84375	80.46875	22.65625	44.53125	74.21875	91.40625	7.03125	28.90625	19.53125	92.96875
sim1392	100	0.3046875	0.12546875	308.59375	0.9609375	0.1484375	0.11421875	417.96875	0.4765625	0.05515625	464.84375	507.8125	0.0546875	238.28125	4257.8125	0.7578125	0.09734375	74.21875	2070.3125	0.5234375	425.78125	3398.4375	0.4296875	0.12265625	50.78125	1054.6875	0.1796875	0.85234375	0.88046875	0.71640625	0.97890625	0.73046875	0.98046875	0.79140625	0.87578125	0.80859375	0.99296875	0.57421875	0.85703125	0.95078125	0.84296875	0.59765625	0.97890625	0.55078125	5.46875	47.65625	85.15625	75.78125	5.46875	92.96875	10.15625	96.09375	30.46875	58.59375	61.71875	97.65625
sim1413	100	0.67578125	0.195078125	150.390625	0.94921875	0.41015625	0.060078125	162.109375	0.00390625	0.100859375	376.953125	722.65625	0.51953125	310.546875	1191.40625	0.41796875	0.178203125	443.359375	1582.03125	0.53515625	345.703125	1542.96875	0.53515625	0.164140625	228.515625	4667.96875	0.70703125	0.895703125	0.808984375	0.736328125	0.919140625	0.942578125	0.685546875	0.717578125	0.895703125	0.982421875	0.933203125	0.669921875	0.820703125	0.839453125	0.708203125	0.544921875	0.745703125	0.736328125	28.515625	84.765625	91.015625	47.265625	62.890625	87.109375	18.359375	94.921875	67.578125	97.265625	30.078125	79.296875
sim1449	100	0.94140625	0.046015625	439.453125	0.93359375	0.83203125	0.197890625	341.796875	0.11328125	0.036171875	447.265625	2832.03125	0.16015625	365.234375	19.53125	0.90234375	0.164140625	248.046875	1347.65625	0.14453125	369.140625	1464.84375	0.95703125	0.048828125	95.703125	1308.59375	0.25390625	0.834765625	0.785546875	0.900390625	0.895703125	0.975390625	0.880859375	0.947265625	0.994140625	0.927734375	0.797265625	0.708984375	0.741015625	0.712890625	0.881640625	0.974609375	0.853515625	0.650390625	39.453125	48.828125	33.203125	45.703125	58.203125	26.171875	54.296875	93.359375	94.140625	14.453125	87.890625	87.109375
sim1460	100	0.59765625	0.175390625	267.578125	0.90234375	0.48828125	0.147265625	451.171875	0.64453125	0.143046875	212.890625	3613.28125	0.25390625	380.859375	3300.78125	0.12109375	0.034765625	13.671875	1816.40625	0.86328125	228.515625	1308.59375	0.36328125	0.054453125	236.328125	3964.84375	0.78515625	0.900390625	0.757421875	0.722265625	0.998828125	0.797265625	0.896484375	0.919140625	0.703515625	0.849609375	0.825390625	0.880859375	0.825390625	0.778515625	0.741015625	0.646484375	0.712890625	0.697265625	5.078125	1.953125	98.828125	55.078125	17.578125	10.546875	19.921875	90.234375	59.765625	86.328125	53.515625	90.234375
sim1567	100	0.15625	0.059375	78.125	0.96875	0.15625	0.025625	265.625	0.96875	0.104375	390.625	4531.25	0.15625	109.375	2031.25	0.71875	0.036875	109.375	4218.75	0.71875	15.625	3906.25	0.90625	0.171875	15.625	1406.25	0.78125	0.728125	0.765625	0.990625	0.878125	0.990625	0.890625	0.746875	0.765625	0.578125	0.990625	0.703125	0.709375	0.859375	0.990625	0.734375	0.934375	0.953125	15.625	21.875	40.625	71.875	96.875	59.375	96.875	78.125	15.625	21.875	15.625	96.875
sim1582	100	0.109375	0.0396875	460.9375	0.828125	0.109375	0.1128125	117.1875	0.359375	0.1353125	195.3125	2265.625	0.921875	195.3125	4921.875	0.796875	0.1859375	429.6875	4140.625	0.921875	398.4375	3828.125	0.234375	0.0453125	7.8125	2109.375	0.703125	0.7234375	0.7984375	0.9859375	0.9578125	0.8171875	0.6796875	0.8828125	0.8828125	0.7109375	0.7984375	0.9921875	0.7046875	0.9203125	0.9578125	0.5703125	0.9671875	0.9765625	42.1875	89.0625	48.4375	29.6875	45.3125	35.9375	89.0625	85.9375	10.9375	10.9375	92.1875	82.8125
sim1628	100	0.0703125	0.07203125	97.65625	0.9296875	0.0703125	0.06640625	82.03125	0.3984375	0.08046875	394.53125	3398.4375	0.6328125	183.59375	4492.1875	0.3046875	0.06640625	363.28125	2460.9375	0.1640625	417.96875	3320.3125	0.0703125	0.10296875	183.59375	3007.8125	0.8515625	0.80078125	0.86640625	0.91796875	0.98359375	0.77265625	0.70703125	0.87109375	0.93671875	0.84765625	0.82890625	0.55078125	0.92734375	0.89921875	0.96953125	0.91796875	0.78671875	0.58984375	13.28125	86.71875	39.84375	80.46875	22.65625	44.53125	74.21875	91.40625	7.03125	28.90625	19.53125	92.96875
sim1648	100	0.3046875	0.12546875	308.59375	0.9765625	0.3046875	0.11421875	417.96875	0.4765625	0.05515625	464.84375	507.8125	0.0546875	238.28125	4257.8125	0.7578125	0.09734375	74.21875	2070.3125	0.5234375	425.78125	3398.4375	0.4296875	0.12265625	50.78125	1054.6875	0.1796875	0.85234375	0.88046875	0.71640625	0.97890625	0.73046875	0.98046875	0.79140625	0.87578125	0.80859375	0.99296875	0.57421875	0.85703125	0.95078125	0.84296875	0.59765625	0.97890625	0.55078125	5.46875	47.65625	85.15625	75.78125	5.46875	92.96875	10.15625	96.09375	30.46875	58.59375	61.71875	97.65625
sim1669	100	0.67578125	0.195078125	150.390625	0.79296875	0.67578125	0.060078125	162.109375	0.00390625	0.100859375	376.953125	722.65625	0.51953125	310.546875	1191.40625	0.41796875	0.178203125	443.359375	1582.03125	0.53515625	345.703125	1542.96875	0.53515625	0.164140625	228.515625	4667.96875	0.70703125	0.895703125	0.808984375	0.736328125	0.919140625	0.942578125	0.685546875	0.717578125	0.895703125	0.982421875	0.933203125	0.669921875	0.820703125	0.839453125	0.708203125	0.544921875	0.745703125	0.736328125	28.515625	84.765625	91.015625	47.265625	62.890625	87.109375	18.359375	94.921875	67.578125	97.265625	30.078125	79.296875
sim1705	100	0.94140625	0.046015625	439.453125	0.87109375	0.94140625	0.197890625	341.796875	0.11328125	0.036171875	447.265625	2832.03125	0.16015625	365.234375	19.53125	0.90234375	0.164140625	248.046875	1347.65625	0.14453125	369.140625	1464.84375	0.95703125	0.048828125	95.703125	1308.59375	0.25390625	0.834765625	0.785546875	0.900390625	0.895703125	0.975390625	0.880859375	0.947265625	0.994140625	0.927734375	0.797265625	0.708984375	0.741015625	0.712890625	0.881640625	0.974609375	0.853515625	0.650390625	39.453125	48.828125	33.203125	45.703125	58.203125	26.171875	54.296875	93.359375	94.140625	14.453125	87.890625	87.109375
sim1716	100	0.59765625	0.175390625	267.578125	0.90234375	0.59765625	0.147265625	451.171875	0.64453125	0.143046875	212.890625	3613.28125	0.25390625	380.859375	3300.78125	0.12109375	0.034765625	13.671875	1816.40625	0.86328125	228.515625	1308.59375	0.36328125	0.054453125	236.328125	3964.84375	0.78515625	0.900390625	0.757421875	0.722265625	0.998828125	0.797265625	0.896484375	0.919140625	0.703515625	0.849609375	0.825390625	0.880859375	0.825390625	0.778515625	0.741015625	0.646484375	0.712890625	0.697265625	5.078125	1.953125	98.828125	55.078125	17.578125	10.546875	19.921875	90.234375	59.765625	86.328125	53.515625	90.234375
sim1823	100	0.15625	0.059375	78.125	0.96875	0.40625	0.059375	265.625	0.96875	0.104375	390.625	4531.25	0.15625	109.375	2031.25	0.71875	0.036875	109.375	4218.75	0.71875	15.625	3906.25	0.90625	0.171875	15.625	1406.25	0.78125	0.728125	0.765625	0.990625	0.878125	0.990625	0.890625	0.746875	0.765625	0.578125	0.990625	0.703125	0.709375	0.859375	0.990625	0.734375	0.934375	0.953125	15.625	21.875	40.625	71.875	96.875	59.375	96.875	78.125	15.625	21.875	15.625	96.875
sim1838	100	0.109375	0.0396875	460.9375	0.828125	0.484375	0.0396875	117.1875	0.359375	0.1353125	195.3125	2265.625	0.921875	195.3125	4921.875	0.796875	0.1859375	429.6875	4140.625	0.921875	398.4375	3828.125	0.234375	0.0453125	7.8125	2109.375	0.703125	0.7234375	0.7984375	0.9859375	0.9578125	0.8171875	0.6796875	0.8828125	0.8828125	0.7109375	0.7984375	0.9921875	0.7046875	0.9203125	0.9578125	0.5703125	0.9671875	0.9765625	42.1875	89.0625	48.4375	29.6875	45.3125	35.9375	89.0625	85.9375	10.9375	10.9375	92.1875	82.8125
sim1884	100	0.0703125	0.07203125	97.65625	0.9296875	0.6015625	0.07203125	82.03125	0.3984375	0.08046875	394.53125	3398.4375	0.6328125	183.59375	4492.1875	0.3046875	0.06640625	363.28125	2460.9375	0.1640625	417.96875	3320.3125	0.0703125	0.10296875	183.59375	3007.8125	0.8515625	0.80078125	0.86640625	0.91796875	0.98359375	0.77265625	0.70703125	0.87109375	0.93671875	0.84765625	0.82890625	0.55078125	0.92734375	0.89921875	0.96953125	0.91796875	0.78671875	0.58984375	13.28125	86.71875	39.84375	80.46875	22.65625	44.53125	74.21875	91.40625	7.03125	28.90625	19.53125	92.96875
sim1904	100	0.3046875	0.12546875	308.59375	0.9765625	0.1484375	0.12546875	417.96875	0.4765625	0.05515625	464.84375	507.8125	0.0546875	238.28125	4257.8125	0.7578125	0.09734375	74.21875	2070.3125	0.5234375	425.78125	3398.4375	0.4296875	0.12265625	50.78125	1054.6875	0.1796875	0.85234375	0.88046875	0.71640625	0.97890625	0.73046875	0.98046875	0.79140625	0.87578125	0.80859375	0.99296875	0.57421875	0.85703125	0.95078125	0.84296875	0.59765625	0.97890625	0.55078125	5.46875	47.65625	85.15625	75.78125	5.46875	92.96875	10.15625	96.09375	30.46875	58.59375	61.71875	97.65625
sim1925	100	0.67578125	0.195078125	150.390625	0.79296875	0.41015625	0.195078125	162.109375	0.00390625	0.100859375	376.953125	722.65625	0.51953125	310.546875	1191.40625	0.41796875	0.178203125	443.359375	1582.03125	0.53515625	345.703125	1542.96875	0.53515625	0.164140625	228.515625	4667.96875	0.70703125	0.895703125	0.808984375	0.736328125	0.919140625	0.942578125	0.685546875	0.717578125	0.895703125	0.982421875	0.933203125	0.669921875	0.820703125	0.839453125	0.708203125	0.544921875	0.745703125	0.736328125	28.515625	84.765625	91.015625	47.265625	62.890625	87.109375	18.359375	94.921875	67.578125	97.265625	30.078125	79.296875
sim1961	100	0.94140625	0.046015625	439.453125	0.87109375	0.83203125	0.046015625	341.796875	0.11328125	0.036171875	447.265625	2832.03125	0.16015625	365.234375	19.53125	0.90234375	0.164140625	248.046875	1347.65625	0.14453125	369.140625	1464.84375	0.95703125	0.048828125	95.703125	1308.59375	0.25390625	0.834765625	0.785546875	0.900390625	0.895703125	0.975390625	0.880859375	0.947265625	0.994140625	0.927734375	0.797265625	0.708984375	0.741015625	0.712890625	0.881640625	0.974609375	0.853515625	0.650390625	39.453125	48.828125	33.203125	45.703125	58.203125	26.171875	54.296875	93.359375	94.140625	14.453125	87.890625	87.109375
sim1972	100	0.59765625	0.175390625	267.578125	0.90234375	0.48828125	0.175390625	451.171875	0.64453125	0.143046875	212.890625	3613.28125	0.25390625	380.859375	3300.78125	0.12109375	0.034765625	13.671875	1816.40625	0.86328125	228.515625	1308.59375	0.36328125	0.054453125	236.328125	3964.84375	0.78515625	0.900390625	0.757421875	0.722265625	0.998828125	0.797265625	0.896484375	0.919140625	0.703515625	0.849609375	0.825390625	0.880859375	0.825390625	0.778515625	0.741015625	0.646484375	0.712890625	0.697265625	5.078125	1.953125	98.828125	55.078125	17.578125	10.546875	19.921875	90.234375	59.765625	86.328125	53.515625	90.234375
sim2079	100	0.15625	0.059375	78.125	0.96875	0.40625	0.025625	78.125	0.96875	0.104375	390.625	4531.25	0.15625	109.375	2031.25	0.71875	0.036875	109.375	4218.75	0.71875	15.625	3906.25	0.90625	0.171875	15.625	1406.25	0.78125	0.728125	0.765625	0.990625	0.878125	0.990625	0.890625	0.746875	0.765625	0.578125	0.990625	0.703125	0.709375	0.859375	0.990625	0.734375	0.934375	0.953125	15.625	21.875	40.625	71.875	96.875	59.375	96.875	78.125	15.625	21.875	15.625	96.875
sim2094	100	0.109375	0.0396875	460.9375	0.828125	0.484375	0.1128125	460.9375	0.359375	0.1353125	195.3125	2265.625	0.921875	195.3125	4921.875	0.796875	0.1859375	429.6875	4140.625	0.921875	398.4375	3828.125	0.234375	0.0453125	7.8125	2109.375	0.703125	0.7234375	0.7984375	0.9859375	0.9578125	0.8171875	0.6796875	0.8828125	0.8828125	0.7109375	0.7984375	0.9921875	0.7046875	0.9203125	0.9578125	0.5703125	0.9671875	0.9765625	42.1875	89.0625	48.4375	29.6875	45.3125	35.9375	89.0625	85.9375	10.9375	10.9375	92.1875	82.8125
sim2140	100	0.0703125	0.07203125	97.65625	0.9296875	0.6015625	0.06640625	97.65625	0.3984375	0.08046875	394.53125	3398.4375	0.6328125	183.59375	4492.1875	0.3046875	0.06640625	363.28125	2460.9375	0.1640625	417.96875	3320.3125	0.0703125	0.10296875	183.59375	3007.8125	0.8515625	0.80078125	0.86640625	0.91796875	0.98359375	0.77265625	0.70703125	0.87109375	0.93671875	0.84765625	0.82890625	0.55078125	0.92734375	0.89921875	0.96953125	0.91796875	0.78671875	0.58984375	13.28125	86.71875	39.84375	80.46875	22.65625	44.53125	74.21875	91.40625	7.03125	28.90625	19.53125	92.96875
sim2160	100	0.3046875	0.12546875	308.59375	0.9765625	0.1484375	0.11421875	308.59375	0.4765625	0.05515625	464.84375	507.8125	0.0546875	238.28125	4257.8125	0.7578125	0.09734375	74.21875	2070.3125	0.5234375	425.78125	3398.4375	0.4296875	0.12265625	50.78125	1054.6875	0.1796875	0.85234375	0.88046875	0.71640625	0.97890625	0.73046875	0.98046875	0.79140625	0.87578125	0.80859375	0.99296875	0.57421875	0.85703125	0.95078125	0.84296875	0.59765625	0.97890625	0.55078125	5.46875	47.65625	85.15625	75.78125	5.46875	92.96875	10.15625	96.09375	30.46875	58.59375	61.71875	97.65625
sim2181	100	0.67578125	0.195078125	150.390625	0.79296875	0.41015625	0.060078125	150.390625	0.00390625	0.100859375	376.953125	722.65625	0.51953125	310.546875	1191.40625	0.41796875	0.178203125	443.359375	1582.03125	0.53515625	345.703125	1542.96875	0.53515625	0.164140625	228.515625	4667.96875	0.70703125	0.895703125	0.808984375	0.736328125	0.919140625	0.942578125	0.685546875	0.717578125	0.895703125	0.982421875	0.933203125	0.669921875	0.820703125	0.839453125	0.708203125	0.544921875	0.745703125	0.736328125	28.515625	84.765625	91.015625	47.265625	62.890625	87.109375	18.359375	94.921875	67.578125	97.265625	30.078125	79.296875
sim2217	100	0.94140625	0.046015625	439.453125	0.87109375	0.83203125	0.197890625	439.453125	0.11328125	0.036171875	447.265625	2832.03125	0.16015625	365.234375	19.53125	0.90234375	0.164140625	248.046875	1347.65625	0.14453125	369.140625	1464.84375	0.95703125	0.048828125	95.703125	1308.59375	0.25390625	0.834765625	0.785546875	0.900390625	0.895703125	0.975390625	0.880859375	0.947265625	0.994140625	0.927734375	0.797265625	0.708984375	0.741015625	0.712890625	0.881640625	0.974609375	0.853515625	0.650390625	39.453125	48.828125	33.203125	45.703125	58.203125	26.171875	54.296875	93.359375	94.140625	14.453125	87.890625	87.109375
sim2228	100	0.59765625	0.175390625	267.578125	0.90234375	0.48828125	0.147265625	267.578125	0.64453125	0.143046875	212.890625	3613.28125	0.25390625	380.859375	3300.78125	0.12109375	0.034765625	13.671875	1816.40625	0.86328125	228.515625	1308.59375	0.36328125	0.054453125	236.328125	3964.84375	0.78515625	0.900390625	0.757421875	0.722265625	0.998828125	0.797265625	0.896484375	0.919140625	0.703515625	0.849609375	0.825390625	0.880859375	0.825390625	0.778515625	0.741015625	0.646484375	0.712890625	0.697265625	5.078125	1.953125	98.828125	55.078125	17.578125	10.546875	19.921875	90.234375	59.765625	86.328125	53.515625	90.234375
sim2335	100	0.15625	0.059375	78.125	0.96875	0.40625	0.025625	265.625	0.96875	0.104375	390.625	4531.25	0.15625	109.375	2031.25	0.71875	0.036875	109.375	4218.75	0.71875	15.625	3906.25	0.90625	0.171875	15.625	1406.25	0.78125	0.728125	0.765625	0.990625	0.878125	0.990625	0.890625	0.746875	0.765625	0.578125	0.990625	0.703125	0.709375	0.859375	0.990625	0.734375	0.934375	0.953125	15.625	21.875	40.625	71.875	96.875	59.375	96.875	78.125	15.625	21.875	15.625	96.875
sim2350	100	0.109375	0.0396875	460.9375	0.828125	0.484375	0.1128125	117.1875	0.828125	0.1353125	195.3125	2265.625	0.921875	195.3125	4921.875	0.796875	0.1859375	429.6875	4140.625	0.921875	398.4375	3828.125	0.234375	0.0453125	7.8125	2109.375	0.703125	0.7234375	0.7984375	0.9859375	0.9578125	0.8171875	0.6796875	0.8828125	0.8828125	0.7109375	0.7984375	0.9921875	0.7046875	0.9203125	0.9578125	0.5703125	0.9671875	0.9765625	42.1875	89.0625	48.4375	29.6875	45.3125	35.9375	89.0625	85.9375	10.9375	10.9375	92.1875	82.8125
sim2396	100	0.0703125	0.07203125	97.65625	0.9296875	0.6015625	0.06640625	82.03125	0.9296875	0.08046875	394.53125	3398.4375	0.6328125	183.59375	4492.1875	0.3046875	0.06640625	363.28125	2460.9375	0.1640625	417.96875	3320.3125	0.0703125	0.10296875	183.59375	3007.8125	0.8515625	0.80078125	0.86640625	0.91796875	0.98359375	0.77265625	0.70703125	0.87109375	0.93671875	0.84765625	0.82890625	0.55078125	0.92734375	0.89921875	0.96953125	0.91796875	0.78671875	0.58984375	13.28125	86.71875	39.84375	80.46875	22.65625	44.53125	74.21875	91.40625	7.03125	28.90625	19.53125	92.96875
sim2416	100	0.3046875	0.12546875	308.59375	0.9765625	0.1484375	0.11421875	417.96875	0.9765625	0.05515625	464.84375	507.8125	0.0546875	238.28125	4257.8125	0.7578125	0.09734375	74.21875	2070.3125	0.5234375	425.78125	3398.4375	0.4296875	0.12265625	50.78125	1054.6875	0.1796875	0.85234375	0.88046875	0.71640625	0.97890625	0.73046875	0.98046875	0.79140625	0.87578125	0.80859375	0.99296875	0.57421875	0.85703125	0.95078125	0.84296875	0.59765625	0.97890625	0.55078125	5.46875	47.65625	85.15625	75.78125	5.46875	92.96875	10.15625	96.09375	30.46875	58.59375	61.71875	97.65625
sim2437	100	0.67578125	0.195078125	150.390625	0.79296875	0.41015625	0.060078125	162.109375	0.79296875	0.100859375	376.953125	722.65625	0.51953125	310.546875	1191.40625	0.41796875	0.178203125	443.359375	1582.03125	0.53515625	345.703125	1542.96875	0.53515625	0.164140625	228.515625	4667.96875	0.70703125	0.895703125	0.808984375	0.736328125	0.919140625	0.942578125	0.685546875	0.717578125	0.895703125	0.982421875	0.933203125	0.669921875	0.820703125	0.839453125	0.708203125	0.544921875	0.745703125	0.736328125	28.515625	84.765625	91.015625	47.265625	62.890625	87.109375	18.359375	94.921875	67.578125	97.265625	30.078125	79.296875
sim2473	100	0.94140625	0.046015625	439.453125	0.87109375	0.83203125	0.197890625	341.796875	0.87109375	0.036171875	447.265625	2832.03125	0.16015625	365.234375	19.53125	0.90234375	0.164140625	248.046875	1347.65625	0.14453125	369.140625	1464.84375	0.95703125	0.048828125	95.703125	1308.59375	0.25390625	0.834765625	0.785546875	0.900390625	0.895703125	0.975390625	0.880859375	0.947265625	0.994140625	0.927734375	0.797265625	0.708984375	0.741015625	0.712890625	0.881640625	0.974609375	0.853515625	0.650390625	39.453125	48.828125	33.203125	45.703125	58.203125	26.171875	54.296875	93.359375	94.140625	14.453125	87.890625	87.109375
sim2484	100	0.59765625	0.175390625	267.578125	0.90234375	0.48828125	0.147265625	451.171875	0.90234375	0.143046875	212.890625	3613.28125	0.25390625	380.859375	3300.78125	0.12109375	0.034765625	13.671875	1816.40625	0.86328125	228.515625	1308.59375	0.36328125	0.054453125	236.328125	3964.84375	0.78515625	0.900390625	0.757421875	0.722265625	0.998828125	0.797265625	0.896484375	0.919140625	0.703515625	0.849609375	0.825390625	0.880859375	0.825390625	0.778515625	0.741015625	0.646484375	0.712890625	0.697265625	5.078125	1.953125	98.828125	55.078125	17.578125	10.546875	19.921875	90.234375	59.765625	86.328125	53.515625	90.234375
sim2591	100	0.15625	0.059375	78.125	0.96875	0.40625	0.025625	265.625	0.96875	0.093125	390.625	4531.25	0.15625	109.375	2031.25	0.71875	0.036875	109.375	4218.75	0.71875	15.625	3906.25	0.90625	0.171875	15.625	1406.25	0.78125	0.728125	0.765625	0.990625	0.878125	0.990625	0.890625	0.746875	0.765625	0.578125	0.990625	0.703125	0.709375	0.859375	0.990625	0.734375	0.934375	0.953125	15.625	21.875	40.625	71.875	96.875	59.375	96.875	78.125	15.625	21.875	15.625	96.875
sim2606	100	0.109375	0.0396875	460.9375	0.828125	0.484375	0.1128125	117.1875	0.359375	0.1071875	195.3125	2265.625	0.921875	195.3125	4921.875	0.796875	0.1859375	429.6875	4140.625	0.921875	398.4375	3828.125	0.234375	0.0453125	7.8125	2109.375	0.703125	0.7234375	0.7984375	0.9859375	0.9578125	0.8171875	0.6796875	0.8828125	0.8828125	0.7109375	0.7984375	0.9921875	0.7046875	0.9203125	0.9578125	0.5703125	0.9671875	0.9765625	42.1875	89.0625	48.4375	29.6875	45.3125	35.9375	89.0625	85.9375	10.9375	10.9375	92.1875	82.8125
sim2652	100	0.0703125	0.07203125	97.65625	0.9296875	0.6015625	0.06640625	82.03125	0.3984375	0.12828125	394.53125	3398.4375	0.6328125	183.59375	4492.1875	0.3046875	0.06640625	363.28125	2460.9375	0.1640625	417.96875	3320.3125	0.0703125	0.10296875	183.59375	3007.8125	0.8515625	0.80078125	0.86640625	0.91796875	0.98359375	0.77265625	0.70703125	0.87109375	0.93671875	0.84765625	0.82890625	0.55078125	0.92734375	0.89921875	0.96953125	0.91796875	0.78671875	0.58984375	13.28125	86.71875	39.84375	80.46875	22.65625	44.53125	74.21875	91.40625	7.03125	28.90625	19.53125	92.96875
sim2672	100	0.3046875	0.12546875	308.59375	0.9765625	0.1484375	0.11421875	417.96875	0.4765625	0.04671875	464.84375	507.8125	0.0546875	238.28125	4257.8125	0.7578125	0.09734375	74.21875	2070.3125	0.5234375	425.78125	3398.4375	0.4296875	0.12265625	50.78125	1054.6875	0.1796875	0.85234375	0.88046875	0.71640625	0.97890625	0.73046875	0.98046875	0.79140625	0.87578125	0.80859375	0.99296875	0.57421875	0.85703125	0.95078125	0.84296875	0.59765625	0.97890625	0.55078125	5.46875	47.65625	85.15625	75.78125	5.46875	92.96875	10.15625	96.09375	30.46875	58.59375	61.71875	97.65625
sim2693	100	0.67578125	0.195078125	150.390625	0.79296875	0.41015625	0.060078125	162.109375	0.00390625	0.093828125	376.953125	722.65625	0.51953125	310.546875	1191.40625	0.41796875	0.178203125	443.359375	1582.03125	0.53515625	345.703125	1542.96875	0.53515625	0.164140625	228.515625	4667.96875	0.70703125	0.895703125	0.808984375	0.736328125	0.919140625	0.942578125	0.685546875	0.717578125	0.895703125	0.982421875	0.933203125	0.669921875	0.820703125	0.839453125	0.708203125	0.544921875	0.745703125	0.736328125	28.515625	84.765625	91.015625	47.265625	62.890625	87.109375	18.359375	94.921875	67.578125	97.265625	30.078125	79.296875
sim2729	100	0.94140625	0.046015625	439.453125	0.87109375	0.83203125	0.197890625	341.796875	0.11328125	0.169765625	447.265625	2832.03125	0.16015625	365.234375	19.53125	0.90234375	0.164140625	248.046875	1347.65625	0.14453125	369.140625	1464.84375	0.95703125	0.048828125	95.703125	1308.59375	0.25390625	0.834765625	0.785546875	0.900390625	0.895703125	0.975390625	0.880859375	0.947265625	0.994140625	0.927734375	0.797265625	0.708984375	0.741015625	0.712890625	0.881640625	0.974609375	0.853515625	0.650390625	39.453125	48.828125	33.203125	45.703125	58.203125	26.171875	54.296875	93.359375	94.140625	14.453125	87.890625	87.109375
sim2740	100	0.59765625	0.175390625	267.578125	0.90234375	0.48828125	0.147265625	451.171875	0.64453125	0.107890625	212.890625	3613.28125	0.25390625	380.859375	3300.78125	0.12109375	0.034765625	13.671875	1816.40625	0.86328125	228.515625	1308.59375	0.36328125	0.054453125	236.328125	3964.84375	0.78515625	0.900390625	0.757421875	0.722265625	0.998828125	0.797265625	0.896484375	0.919140625	0.703515625	0.849609375	0.825390625	0.880859375	0.825390625	0.778515625	0.741015625	0.646484375	0.712890625	0.697265625	5.078125	1.953125	98.828125	55.078125	17.578125	10.546875	19.921875	90.234375	59.765625	86.328125	53.515625	90.234375
sim2847	100	0.15625	0.059375	78.125	0.96875	0.40625	0.025625	265.625	0.96875	0.104375	15.625	4531.25	0.15625	109.375	2031.25	0.71875	0.036875	109.375	4218.75	0.71875	15.625	3906.25	0.90625	0.171875	15.625	1406.25	0.78125	0.728125	0.765625	0.990625	0.878125	0.990625	0.890625	0.746875	0.765625	0.578125	0.990625	0.703125	0.709375	0.859375	0.990625	0.734375	0.934375	0.953125	15.625	21.875	40.625	71.875	96.875	59.375	96.875	78.125	15.625	21.875	15.625	96.875
sim2862	100	0.109375	0.0396875	460.9375	0.828125	0.484375	0.1128125	117.1875	0.359375	0.1353125	257.8125	2265.625	0.921875	195.3125	4921.875	0.796875	0.1859375	429.6875	4140.625	0.921875	398.4375	3828.125	0.234375	0.0453125	7.8125	2109.375	0.703125	0.7234375	0.7984375	0.9859375	0.9578125	0.8171875	0.6796875	0.8828125	0.8828125	0.7109375	0.7984375	0.9921875	0.7046875	0.9203125	0.9578125	0.5703125	0.9671875	0.9765625	42.1875	89.0625	48.4375	29.6875	45.3125	35.9375	89.0625	85.9375	10.9375	10.9375	92.1875	82.8125
sim2908	100	0.0703125	0.07203125	97.65625	0.9296875	0.6015625	0.06640625	82.03125	0.3984375	0.08046875	128.90625	3398.4375	0.6328125	183.59375	4492.1875	0.3046875	0.06640625	363.28125	2460.9375	0.1640625	417.96875	3320.3125	0.0703125	0.10296875	183.59375	3007.8125	0.8515625	0.80078125	0.86640625	0.91796875	0.98359375	0.77265625	0.70703125	0.87109375	0.93671875	0.84765625	0.82890625	0.55078125	0.92734375	0.89921875	0.96953125	0.91796875	0.78671875	0.58984375	13.28125	86.71875	39.84375	80.46875	22.65625	44.53125	74.21875	91.40625	7.03125	28.90625	19.53125	92.96875
sim2928	100	0.3046875	0.12546875	308.59375	0.9765625	0.1484375	0.11421875	417.96875	0.4765625	0.05515625	261.71875	507.8125	0.0546875	238.28125	4257.8125	0.7578125	0.09734375	74.21875	2070.3125	0.5234375	425.78125	3398.4375	0.4296875	0.12265625	50.78125	1054.6875	0.1796875	0.85234375	0.88046875	0.71640625	0.97890625	0.73046875	0.98046875	0.79140625	0.87578125	0.80859375	0.99296875	0.57421875	0.85703125	0.95078125	0.84296875	0.59765625	0.97890625	0.55078125	5.46875	47.65625	85.15625	75.78125	5.46875	92.96875	10.15625	96.09375	30.46875	58.59375	61.71875	97.65625
sim2949	100	0.67578125	0.195078125	150.390625	0.79296875	0.41015625	0.060078125	162.109375	0.00390625	0.100859375	111.328125	722.65625	0.51953125	310.546875	1191.40625	0.41796875	0.178203125	443.359375	1582.03125	0.53515625	345.703125	1542.96875	0.53515625	0.164140625	228.515625	4667.96875	0.70703125	0.895703125	0.808984375	0.736328125	0.919140625	0.942578125	0.685546875	0.717578125	0.895703125	0.982421875	0.933203125	0.669921875	0.820703125	0.839453125	0.708203125	0.544921875	0.745703125	0.736328125	28.515625	84.765625	91.015625	47.265625	62.890625	87.109375	18.359375	94.921875	67.578125	97.265625	30.078125	79.296875
sim2985	100	0.94140625	0.046015625	439.453125	0.87109375	0.83203125	0.197890625	341.796875	0.11328125	0.036171875	494.140625	2832.03125	0.16015625	365.234375	19.53125	0.90234375	0.164140625	248.046875	1347.65625	0.14453125	369.140625	1464.84375	0.95703125	0.048828125	95.703125	1308.59375	0.25390625	0.834765625	0.785546875	0.900390625	0.895703125	0.975390625	0.880859375	0.947265625	0.994140625	0.927734375	0.797265625	0.708984375	0.741015625	0.712890625	0.881640625	0.974609375	0.853515625	0.650390625	39.453125	48.828125	33.203125	45.703125	58.203125	26.171875	54.296875	93.359375	94.140625	14.453125	87.890625	87.109375
sim2996	100	0.59765625	0.175390625	267.578125	0.90234375	0.48828125	0.147265625	451.171875	0.64453125	0.143046875	353.515625	3613.28125	0.25390625	380.859375	3300.78125	0.12109375	0.034765625	13.671875	1816.40625	0.86328125	228.515625	1308.59375	0.36328125	0.054453125	236.328125	3964.84375	0.78515625	0.900390625	0.757421875	0.722265625	0.998828125	0.797265625	0.896484375	0.919140625	0.703515625	0.849609375	0.825390625	0.880859375	0.825390625	0.778515625	0.741015625	0.646484375	0.712890625	0.697265625	5.078125	1.953125	98.828125	55.078125	17.578125	10.546875	19.921875	90.234375	59.765625	86.328125	53.515625	90.234375
sim3103	100	0.15625	0.059375	78.125	0.96875	0.40625	0.025625	265.625	0.96875	0.104375	390.625	2656.25	0.15625	109.375	2031.25	0.71875	0.036875	109.375	4218.75	0.71875	15.625	3906.25	0.90625	0.171875	15.625	1406.25	0.78125	0.728125	0.765625	0.990625	0.878125	0.990625	0.890625	0.746875	0.765625	0.578125	0.990625	0.703125	0.709375	0.859375	0.990625	0.734375	0.934375	0.953125	15.625	21.875	40.625	71.875	96.875	59.375	96.875	78.125	15.625	21.875	15.625	96.875
sim3118	100	0.109375	0.0396875	460.9375	0.828125	0.484375	0.1128125	117.1875	0.359375	0.1353125	195.3125	1171.875	0.921875	195.3125	4921.875	0.796875	0.1859375	429.6875	4140.625	0.921875	398.4375	3828.125	0.234375	0.0453125	7.8125	2109.375	0.703125	0.7234375	0.7984375	0.9859375	0.9578125	0.8171875	0.6796875	0.8828125	0.8828125	0.7109375	0.7984375	0.9921875	0.7046875	0.9203125	0.9578125	0.5703125	0.9671875	0.9765625	42.1875	89.0625	48.4375	29.6875	45.3125	35.9375	89.0625	85.9375	10.9375	10.9375	92.1875	82.8125
sim3164	100	0.0703125	0.07203125	97.65625	0.9296875	0.6015625	0.06640625	82.03125	0.3984375	0.08046875	394.53125	820.3125	0.6328125	183.59375	4492.1875	0.3046875	0.06640625	363.28125	2460.9375	0.1640625	417.96875	3320.3125	0.0703125	0.10296875	183.59375	3007.8125	0.8515625	0.80078125	0.86640625	0.91796875	0.98359375	0.77265625	0.70703125	0.87109375	0.93671875	0.84765625	0.82890625	0.55078125	0.92734375	0.89921875	0.96953125	0.91796875	0.78671875	0.58984375	13.28125	86.71875	39.84375	80.46875	22.65625	44.53125	74.21875	91.40625	7.03125	28.90625	19.53125	92.96875
sim3184	100	0.3046875	0.12546875	308.59375	0.9765625	0.1484375	0.11421875	417.96875	0.4765625	0.05515625	464.84375	4179.6875	0.0546875	238.28125	4257.8125	0.7578125	0.09734375	74.21875	2070.3125	0.5234375	425.78125	3398.4375	0.4296875	0.12265625	50.78125	1054.6875	0.1796875	0.85234375	0.88046875	0.71640625	0.97890625	0.73046875	0.98046875	0.79140625	0.87578125	0.80859375	0.99296875	0.57421875	0.85703125	0.95078125	0.84296875	0.59765625	0.97890625	0.55078125	5.46875	47.65625	85.15625	75.78125	5.46875	92.96875	10.15625	96.09375	30.46875	58.59375	61.71875	97.65625
sim3205	100	0.67578125	0.195078125	150.390625	0.79296875	0.41015625	0.060078125	162.109375	0.00390625	0.100859375	376.953125	1621.09375	0.51953125	310.546875	1191.40625	0.41796875	0.178203125	443.359375	1582.03125	0.53515625	345.703125	1542.96875	0.53515625	0.164140625	228.515625	4667.96875	0.70703125	0.895703125	0.808984375	0.736328125	0.919140625	0.942578125	0.685546875	0.717578125	0.895703125	0.982421875	0.933203125	0.669921875	0.820703125	0.839453125	0.708203125	0.544921875	0.745703125	0.736328125	28.515625	84.765625	91.015625	47.265625	62.890625	87.109375	18.359375	94.921875	67.578125	97.265625	30.078125	79.296875
sim3241	100	0.94140625	0.046015625	439.453125	0.87109375	0.83203125	0.197890625	341.796875	0.11328125	0.036171875	447.265625	3417.96875	0.16015625	365.234375	19.53125	0.90234375	0.164140625	248.046875	1347.65625	0.14453125	369.140625	1464.84375	0.95703125	0.048828125	95.703125	1308.59375	0.25390625	0.834765625	0.785546875	0.900390625	0.895703125	0.975390625	0.880859375	0.947265625	0.994140625	0.927734375	0.797265625	0.708984375	0.741015625	0.712890625	0.881640625	0.974609375	0.853515625	0.650390625	39.453125	48.828125	33.203125	45.703125	58.203125	26.171875	54.296875	93.359375	94.140625	14.453125	87.890625	87.109375
sim3252	100	0.59765625	0.175390625	267.578125	0.90234375	0.48828125	0.147265625	451.171875	0.64453125	0.143046875	212.890625	4511.71875	0.25390625	380.859375	3300.78125	0.12109375	0.034765625	13.671875	1816.40625	0.86328125	228.515625	1308.59375	0.36328125	0.054453125	236.328125	3964.84375	0.78515625	0.900390625	0.757421875	0.722265625	0.998828125	0.797265625	0.896484375	0.919140625	0.703515625	0.849609375	0.825390625	0.880859375	0.825390625	0.778515625	0.741015625	0.646484375	0.712890625	0.697265625	5.078125	1.953125	98.828125	55.078125	17.578125	10.546875	19.921875	90.234375	59.765625	86.328125	53.515625	90.234375
sim3359	100	0.15625	0.059375	78.125	0.96875	0.40625	0.025625	265.625	0.96875	0.104375	390.625	4531.25	0.96875	109.375	2031.25	0.71875	0.036875	109.375	4218.75	0.71875	15.625	3906.25	0.90625	0.171875	15.625	1406.25	0.78125	0.728125	0.765625	0.990625	0.878125	0.990625	0.890625	0.746875	0.765625	0.578125	0.990625	0.703125	0.709375	0.859375	0.990625	0.734375	0.934375	0.953125	15.625	21.875	40.625	71.875	96.875	59.375	96.875	78.125	15.625	21.875	15.625	96.875
sim3374	100	0.109375	0.0396875	460.9375	0.828125	0.484375	0.1128125	117.1875	0.359375	0.1353125	195.3125	2265.625	0.359375	195.3125	4921.875	0.796875	0.1859375	429.6875	4140.625	0.921875	398.4375	3828.125	0.234375	0.0453125	7.8125	2109.375	0.703125	0.7234375	0.7984375	0.9859375	0.9578125	0.8171875	0.6796875	0.8828125	0.8828125	0.7109375	0.7984375	0.9921875	0.7046875	0.9203125	0.9578125	0.5703125	0.9671875	0.9765625	42.1875	89.0625	48.4375	29.6875	45.3125	35.9375	89.0625	85.9375	10.9375	10.9375	92.1875	82.8125
sim3420	100	0.0703125	0.07203125	97.65625	0.9296875	0.6015625	0.06640625	82.03125	0.3984375	0.08046875	394.53125	3398.4375	0.3984375	183.59375	4492.1875	0.3046875	0.06640625	363.28125	2460.9375	0.1640625	417.96875	3320.3125	0.0703125	0.10296875	183.59375	3007.8125	0.8515625	0.80078125	0.86640625	0.91796875	0.98359375	0.77265625	0.70703125	0.87109375	0.93671875	0.84765625	0.82890625	0.55078125	0.92734375	0.89921875	0.96953125	0.91796875	0.78671875	0.58984375	13.28125	86.71875	39.84375	80.46875	22.65625	44.53125	74.21875	91.40625	7.03125	28.90625	19.53125	92.96875
sim3440	100	0.3046875	0.12546875	308.59375	0.9765625	0.1484375	0.11421875	417.96875	0.4765625	0.05515625	464.84375	507.8125	0.4765625	238.28125	4257.8125	0.7578125	0.09734375	74.21875	2070.3125	0.5234375	425.78125	3398.4375	0.4296875	0.12265625	50.78125	1054.6875	0.1796875	0.85234375	0.88046875	0.71640625	0.97890625	0.73046875	0.98046875	0.79140625	0.87578125	0.80859375	0.99296875	0.57421875	0.85703125	0.95078125	0.84296875	0.59765625	0.97890625	0.55078125	5.46875	47.65625	85.15625	75.78125	5.46875	92.96875	10.15625	96.09375	30.46875	58.59375	61.71875	97.65625
sim3461	100	0.67578125	0.195078125	150.390625	0.79296875	0.41015625	0.060078125	162.109375	0.00390625	0.100859375	376.953125	722.65625	0.00390625	310.546875	1191.40625	0.41796875	0.178203125	443.359375	1582.03125	0.53515625	345.703125	1542.96875	0.53515625	0.164140625	228.515625	4667.96875	0.70703125	0.895703125	0.808984375	0.736328125	0.919140625	0.942578125	0.685546875	0.717578125	0.895703125	0.982421875	0.933203125	0.669921875	0.820703125	0.839453125	0.708203125	0.544921875	0.745703125	0.736328125	28.515625	84.765625	91.015625	47.265625	62.890625	87.109375	18.359375	94.921875	67.578125	97.265625	30.078125	79.296875
sim3497	100	0.94140625	0.046015625	439.453125	0.87109375	0.83203125	0.197890625	341.796875	0.11328125	0.036171875	447.265625	2832.03125	0.11328125	365.234375	19.53125	0.90234375	0.164140625	248.046875	1347.65625	0.14453125	369.140625	1464.84375	0.95703125	0.048828125	95.703125	1308.59375	0.25390625	0.834765625	0.785546875	0.900390625	0.895703125	0.975390625	0.880859375	0.947265625	0.994140625	0.927734375	0.797265625	0.708984375	0.741015625	0.712890625	0.881640625	0.974609375	0.853515625	0.650390625	39.453125	48.828125	33.203125	45.703125	58.203125	26.171875	54.296875	93.359375	94.140625	14.453125	87.890625	87.109375
sim3508	100	0.59765625	0.175390625	267.578125	0.90234375	0.48828125	0.147265625	451.171875	0.64453125	0.143046875	212.890625	3613.28125	0.64453125	380.859375	3300.78125	0.12109375	0.034765625	13.671875	1816.40625	0.86328125	228.515625	1308.59375	0.36328125	0.054453125	236.328125	3964.84375	0.78515625	0.900390625	0.757421875	0.722265625	0.998828125	0.797265625	0.896484375	0.919140625	0.703515625	0.849609375	0.825390625	0.880859375	0.825390625	0.778515625	0.741015625	0.646484375	0.712890625	0.697265625	5.078125	1.953125	98.828125	55.078125	17.578125	10.546875	19.921875	90.234375	59.765625	86.328125	53.515625	90.234375
sim3615	100	0.15625	0.059375	78.125	0.96875	0.40625	0.025625	265.625	0.96875	0.104375	390.625	4531.25	0.15625	234.375	2031.25	0.71875	0.036875	109.375	4218.75	0.71875	15.625	3906.25	0.90625	0.171875	15.625	1406.25	0.78125	0.728125	0.765625	0.990625	0.878125	0.990625	0.890625	0.746875	0.765625	0.578125	0.990625	0.703125	0.709375	0.859375	0.990625	0.734375	0.934375	0.953125	15.625	21.875	40.625	71.875	96.875	59.375	96.875	78.125	15.625	21.875	15.625	96.875
sim3630	100	0.109375	0.0396875	460.9375	0.828125	0.484375	0.1128125	117.1875	0.359375	0.1353125	195.3125	2265.625	0.921875	320.3125	4921.875	0.796875	0.1859375	429.6875	4140.625	0.921875	398.4375	3828.125	0.234375	0.0453125	7.8125	2109.375	0.703125	0.7234375	0.7984375	0.9859375	0.9578125	0.8171875	0.6796875	0.8828125	0.8828125	0.7109375	0.7984375	0.9921875	0.7046875	0.9203125	0.9578125	0.5703125	0.9671875	0.9765625	42.1875	89.0625	48.4375	29.6875	45.3125	35.9375	89.0625	85.9375	10.9375	10.9375	92.1875	82.8125
sim3676	100	0.0703125	0.07203125	97.65625	0.9296875	0.6015625	0.06640625	82.03125	0.3984375	0.08046875	394.53125	3398.4375	0.6328125	167.96875	4492.1875	0.3046875	0.06640625	363.28125	2460.9375	0.1640625	417.96875	3320.3125	0.0703125	0.10296875	183.59375	3007.8125	0.8515625	0.80078125	0.86640625	0.91796875	0.98359375	0.77265625	0.70703125	0.87109375	0.93671875	0.84765625	0.82890625	0.55078125	0.92734375	0.89921875	0.96953125	0.91796875	0.78671875	0.58984375	13.28125	86.71875	39.84375	80.46875	22.65625	44.53125	74.21875	91.40625	7.03125	28.90625	19.53125	92.96875
sim3696	100	0.3046875	0.12546875	308.59375	0.9765625	0.1484375	0.11421875	417.96875	0.4765625	0.05515625	464.84375	507.8125	0.0546875	97.65625	4257.8125	0.7578125	0.09734375	74.21875	2070.3125	0.5234375	425.78125	3398.4375	0.4296875	0.12265625	50.78125	1054.6875	0.1796875	0.85234375	0.88046875	0.71640625	0.97890625	0.73046875	0.98046875	0.79140625	0.87578125	0.80859375	0.99296875	0.57421875	0.85703125	0.95078125	0.84296875	0.59765625	0.97890625	0.55078125	5.46875	47.65625	85.15625	75.78125	5.46875	92.96875	10.15625	96.09375	30.46875	58.59375	61.71875	97.65625
sim3717	100	0.67578125	0.195078125	150.390625	0.79296875	0.41015625	0.060078125	162.109375	0.00390625	0.100859375	376.953125	722.65625	0.51953125	224.609375	1191.40625	0.41796875	0.178203125	443.359375	1582.03125	0.53515625	345.703125	1542.96875	0.53515625	0.164140625	228.515625	4667.96875	0.70703125	0.895703125	0.808984375	0.736328125	0.919140625	0.942578125	0.685546875	0.717578125	0.895703125	0.982421875	0.933203125	0.669921875	0.820703125	0.839453125	0.708203125	0.544921875	0.745703125	0.736328125	28.515625	84.765625	91.015625	47.265625	62.890625	87.109375	18.359375	94.921875	67.578125	97.265625	30.078125	79.296875
sim3753	100	0.94140625	0.046015625	439.453125	0.87109375	0.83203125	0.197890625	341.796875	0.11328125	0.036171875	447.265625	2832.03125	0.16015625	44.921875	19.53125	0.90234375	0.164140625	248.046875	1347.65625	0.14453125	369.140625	1464.84375	0.95703125	0.048828125	95.703125	1308.59375	0.25390625	0.834765625	0.785546875	0.900390625	0.895703125	0.975390625	0.880859375	0.947265625	0.994140625	0.927734375	0.797265625	0.708984375	0.741015625	0.712890625	0.881640625	0.974609375	0.853515625	0.650390625	39.453125	48.828125	33.203125	45.703125	58.203125	26.171875	54.296875	93.359375	94.140625	14.453125	87.890625	87.109375
sim3764	100	0.59765625	0.175390625	267.578125	0.90234375	0.48828125	0.147265625	451.171875	0.64453125	0.143046875	212.890625	3613.28125	0.25390625	341.796875	3300.78125	0.12109375	0.034765625	13.671875	1816.40625	0.86328125	228.515625	1308.59375	0.36328125	0.054453125	236.328125	3964.84375	0.78515625	0.900390625	0.757421875	0.722265625	0.998828125	0.797265625	0.896484375	0.919140625	0.703515625	0.849609375	0.825390625	0.880859375	0.825390625	0.778515625	0.741015625	0.646484375	0.712890625	0.697265625	5.078125	1.953125	98.828125	55.078125	17.578125	10.546875	19.921875	90.234375	59.765625	86.328125	53.515625	90.234375
sim3871	100	0.15625	0.059375	78.125	0.96875	0.40625	0.025625	265.625	0.96875	0.104375	390.625	4531.25	0.15625	109.375	3906.25	0.71875	0.036875	109.375	4218.75	0.71875	15.625	3906.25	0.90625	0.171875	15.625	1406.25	0.78125	0.728125	0.765625	0.990625	0.878125	0.990625	0.890625	0.746875	0.765625	0.578125	0.990625	0.703125	0.709375	0.859375	0.990625	0.734375	0.934375	0.953125	15.625	21.875	40.625	71.875	96.875	59.375	96.875	78.125	15.625	21.875	15.625	96.875
sim3886	100	0.109375	0.0396875	460.9375	0.828125	0.484375	0.1128125	117.1875	0.359375	0.1353125	195.3125	2265.625	0.921875	195.3125	1953.125	0.796875	0.1859375	429.6875	4140.625	0.921875	398.4375	3828.125	0.234375	0.0453125	7.8125	2109.375	0.703125	0.7234375	0.7984375	0.9859375	0.9578125	0.8171875	0.6796875	0.8828125	0.8828125	0.7109375	0.7984375	0.9921875	0.7046875	0.9203125	0.9578125	0.5703125	0.9671875	0.9765625	42.1875	89.0625	48.4375	29.6875	45.3125	35.9375	89.0625	85.9375	10.9375	10.9375	92.1875	82.8125
sim3932	100	0.0703125	0.07203125	97.65625	0.9296875	0.6015625	0.06640625	82.03125	0.3984375	0.08046875	394.53125	3398.4375	0.6328125	183.59375	3945.3125	0.3046875	0.06640625	363.28125	2460.9375	0.1640625	417.96875	3320.3125	0.0703125	0.10296875	183.59375	3007.8125	0.8515625	0.80078125	0.86640625	0.91796875	0.98359375	0.77265625	0.70703125	0.87109375	0.93671875	0.84765625	0.82890625	0.55078125	0.92734375	0.89921875	0.96953125	0.91796875	0.78671875	0.58984375	13.28125	86.71875	39.84375	80.46875	22.65625	44.53125	74.21875	91.40625	7.03125	28.90625	19.53125	92.96875
sim3952	100	0.3046875	0.12546875	308.59375	0.9765625	0.1484375	0.11421875	417.96875	0.4765625	0.05515625	464.84375	507.8125	0.0546875	238.28125	4648.4375	0.7578125	0.09734375	74.21875	2070.3125	0.5234375	425.78125	3398.4375	0.4296875	0.12265625	50.78125	1054.6875	0.1796875	0.85234375	0.88046875	0.71640625	0.97890625	0.73046875	0.98046875	0.79140625	0.87578125	0.80859375	0.99296875	0.57421875	0.85703125	0.95078125	0.84296875	0.59765625	0.97890625	0.55078125	5.46875	47.65625	85.15625	75.78125	5.46875	92.96875	10.15625	96.09375	30.46875	58.59375	61.71875	97.65625
sim3973	100	0.67578125	0.195078125	150.390625	0.79296875	0.41015625	0.060078125	162.109375	0.00390625	0.100859375	376.953125	722.65625	0.51953125	310.546875	3769.53125	0.41796875	0.178203125	443.359375	1582.03125	0.53515625	345.703125	1542.96875	0.53515625	0.164140625	228.515625	4667.96875	0.70703125	0.895703125	0.808984375	0.736328125	0.919140625	0.942578125	0.685546875	0.717578125	0.895703125	0.982421875	0.933203125	0.669921875	0.820703125	0.839453125	0.708203125	0.544921875	0.745703125	0.736328125	28.515625	84.765625	91.015625	47.265625	62.890625	87.109375	18.359375	94.921875	67.578125	97.265625	30.078125	79.296875
sim4009	100	0.94140625	0.046015625	439.453125	0.87109375	0.83203125	0.197890625	341.796875	0.11328125	0.036171875	447.265625	2832.03125	0.16015625	365.234375	4472.65625	0.90234375	0.164140625	248.046875	1347.65625	0.14453125	369.140625	1464.84375	0.95703125	0.048828125	95.703125	1308.59375	0.25390625	0.834765625	0.785546875	0.900390625	0.895703125	0.975390625	0.880859375	0.947265625	0.994140625	0.927734375	0.797265625	0.708984375	0.741015625	0.712890625	0.881640625	0.974609375	0.853515625	0.650390625	39.453125	48.828125	33.203125	45.703125	58.203125	26.171875	54.296875	93.359375	94.140625	14.453125	87.890625	87.109375
sim4020	100	0.59765625	0.175390625	267.578125	0.90234375	0.48828125	0.147265625	451.171875	0.64453125	0.143046875	212.890625	3613.28125	0.25390625	380.859375	2128.90625	0.12109375	0.034765625	13.671875	1816.40625	0.86328125	228.515625	1308.59375	0.36328125	0.054453125	236.328125	3964.84375	0.78515625	0.900390625	0.757421875	0.722265625	0.998828125	0.797265625	0.896484375	0.919140625	0.703515625	0.849609375	0.825390625	0.880859375	0.825390625	0.778515625	0.741015625	0.646484375	0.712890625	0.697265625	5.078125	1.953125	98.828125	55.078125	17.578125	10.546875	19.921875	90.234375	59.765625	86.328125	53.515625	90.234375
sim4127	100	0.15625	0.059375	78.125	0.96875	0.40625	0.025625	265.625	0.96875	0.104375	390.625	4531.25	0.15625	109.375	2031.25	0.90625	0.036875	109.375	4218.75	0.71875	15.625	3906.25	0.90625	0.171875	15.625	1406.25	0.78125	0.728125	0.765625	0.990625	0.878125	0.990625	0.890625	0.746875	0.765625	0.578125	0.990625	0.703125	0.709375	0.859375	0.990625	0.734375	0.934375	0.953125	15.625	21.875	40.625	71.875	96.875	59.375	96.875	78.125	15.625	21.875	15.625	96.875
sim4142	100	0.109375	0.0396875	460.9375	0.828125	0.484375	0.1128125	117.1875	0.359375	0.1353125	195.3125	2265.625	0.921875	195.3125	4921.875	0.453125	0.1859375	429.6875	4140.625	0.921875	398.4375	3828.125	0.234375	0.0453125	7.8125	2109.375	0.703125	0.7234375	0.7984375	0.9859375	0.9578125	0.8171875	0.6796875	0.8828125	0.8828125	0.7109375	0.7984375	0.9921875	0.7046875	0.9203125	0.9578125	0.5703125	0.9671875	0.9765625	42.1875	89.0625	48.4375	29.6875	45.3125	35.9375	89.0625	85.9375	10.9375	10.9375	92.1875	82.8125
sim4188	100	0.0703125	0.07203125	97.65625	0.9296875	0.6015625	0.06640625	82.03125	0.3984375	0.08046875	394.53125	3398.4375	0.6328125	183.59375	4492.1875	0.6796875	0.06640625	363.28125	2460.9375	0.1640625	417.96875	3320.3125	0.0703125	0.10296875	183.59375	3007.8125	0.8515625	0.80078125	0.86640625	0.91796875	0.98359375	0.77265625	0.70703125	0.87109375	0.93671875	0.84765625	0.82890625	0.55078125	0.92734375	0.89921875	0.96953125	0.91796875	0.78671875	0.58984375	13.28125	86.71875	39.84375	80.46875	22.65625	44.53125	74.21875	91.40625	7.03125	28.90625	19.53125	92.96875
sim4208	100	0.3046875	0.12546875	308.59375	0.9765625	0.1484375	0.11421875	417.96875	0.4765625	0.05515625	464.84375	507.8125	0.0546875	238.28125	4257.8125	0.1015625	0.09734375	74.21875	2070.3125	0.5234375	425.78125	3398.4375	0.4296875	0.12265625	50.78125	1054.6875	0.1796875	0.85234375	0.88046875	0.71640625	0.97890625	0.73046875	0.98046875	0.79140625	0.87578125	0.80859375	0.99296875	0.57421875	0.85703125	0.95078125	0.84296875	0.59765625	0.97890625	0.55078125	5.46875	47.65625	85.15625	75.78125	5.46875	92.96875	10.15625	96.09375	30.46875	58.59375	61.71875	97.65625
sim4229	100	0.67578125	0.195078125	150.390625	0.79296875	0.41015625	0.060078125	162.109375	0.00390625	0.100859375	376.953125	722.65625	0.51953125	310.546875	1191.40625	0.14453125	0.178203125	443.359375	1582.03125	0.53515625	345.703125	1542.96875	0.53515625	0.164140625	228.515625	4667.96875	0.70703125	0.895703125	0.808984375	0.736328125	0.919140625	0.942578125	0.685546875	0.717578125	0.895703125	0.982421875	0.933203125	0.669921875	0.820703125	0.839453125	0.708203125	0.544921875	0.745703125	0.736328125	28.515625	84.765625	91.015625	47.265625	62.890625	87.109375	18.359375	94.921875	67.578125	97.265625	30.078125	79.296875
sim4265	100	0.94140625	0.046015625	439.453125	0.87109375	0.83203125	0.197890625	341.796875	0.11328125	0.036171875	447.265625	2832.03125	0.16015625	365.234375	19.53125	0.56640625	0.164140625	248.046875	1347.65625	0.14453125	369.140625	1464.84375	0.95703125	0.048828125	95.703125	1308.59375	0.25390625	0.834765625	0.785546875	0.900390625	0.895703125	0.975390625	0.880859375	0.947265625	0.994140625	0.927734375	0.797265625	0.708984375	0.741015625	0.712890625	0.881640625	0.974609375	0.853515625	0.650390625	39.453125	48.828125	33.203125	45.703125	58.203125	26.171875	54.296875	93.359375	94.140625	14.453125	87.890625	87.109375
sim4276	100	0.59765625	0.175390625	267.578125	0.90234375	0.48828125	0.147265625	451.171875	0.64453125	0.143046875	212.890625	3613.28125	0.25390625	380.859375	3300.78125	0.72265625	0.034765625	13.671875	1816.40625	0.86328125	228.515625	1308.59375	0.36328125	0.054453125	236.328125	3964.84375	0.78515625	0.900390625	0.757421875	0.722265625	0.998828125	0.797265625	0.896484375	0.919140625	0.703515625	0.849609375	0.825390625	0.880859375	0.825390625	0.778515625	0.741015625	0.646484375	0.712890625	0.697265625	5.078125	1.953125	98.828125	55.078125	17.578125	10.546875	19.921875	90.234375	59.765625	86.328125	53.515625	90.234375
sim4383	100	0.15625	0.059375	78.125	0.96875	0.40625	0.025625	265.625	0.96875	0.104375	390.625	4531.25	0.15625	109.375	2031.25	0.71875	0.048125	109.375	4218.75	0.71875	15.625	3906.25	0.90625	0.171875	15.625	1406.25	0.78125	0.728125	0.765625	0.990625	0.878125	0.990625	0.890625	0.746875	0.765625	0.578125	0.990625	0.703125	0.709375	0.859375	0.990625	0.734375	0.934375	0.953125	15.625	21.875	40.625	71.875	96.875	59.375	96.875	78.125	15.625	21.875	15.625	96.875
sim4398	100	0.109375	0.0396875	460.9375	0.828125	0.484375	0.1128125	117.1875	0.359375	0.1353125	195.3125	2265.625	0.921875	195.3125	4921.875	0.796875	0.1859375	429.6875	4140.625	0.921875	398.4375	3828.125	0.234375	0.0453125	7.8125	2109.375	0.703125	0.7234375	0.7984375	0.9859375	0.9578125	0.8171875	0.6796875	0.8828125	0.8828125	0.7109375	0.7984375	0.9921875	0.7046875	0.9203125	0.9578125	0.5703125	0.9671875	0.9765625	42.1875	89.0625	48.4375	29.6875	45.3125	35.9375	89.0625	85.9375	10.9375	10.9375	92.1875	82.8125
sim4444	100	0.0703125	0.07203125	97.65625	0.9296875	0.6015625	0.06640625	82.03125	0.3984375	0.08046875	394.53125	3398.4375	0.6328125	183.59375	4492.1875	0.3046875	0.13390625	363.28125	2460.9375	0.1640625	417.96875	3320.3125	0.0703125	0.10296875	183.59375	3007.8125	0.8515625	0.80078125	0.86640625	0.91796875	0.98359375	0.77265625	0.70703125	0.87109375	0.93671875	0.84765625	0.82890625	0.55078125	0.92734375	0.89921875	0.96953125	0.91796875	0.78671875	0.58984375	13.28125	86.71875	39.84375	80.46875	22.65625	44.53125	74.21875	91.40625	7.03125	28.90625	19.53125	92.96875
sim4464	100	0.3046875	0.12546875	308.59375	0.9765625	0.1484375	0.11421875	417.96875	0.4765625	0.05515625	464.84375	507.8125	0.0546875	238.28125	4257.8125	0.7578125	0.02984375	74.21875	2070.3125	0.5234375	425.78125	3398.4375	0.4296875	0.12265625	50.78125	1054.6875	0.1796875	0.85234375	0.88046875	0.71640625	0.97890625	0.73046875	0.98046875	0.79140625	0.87578125	0.80859375	0.99296875	0.57421875	0.85703125	0.95078125	0.84296875	0.59765625	0.97890625	0.55078125	5.46875	47.65625	85.15625	75.78125	5.46875	92.96875	10.15625	96.09375	30.46875	58.59375	61.71875	97.65625
sim4485	100	0.67578125	0.195078125	150.390625	0.79296875	0.41015625	0.060078125	162.109375	0.00390625	0.100859375	376.953125	722.65625	0.51953125	310.546875	1191.40625	0.41796875	0.113515625	443.359375	1582.03125	0.53515625	345.703125	1542.96875	0.53515625	0.164140625	228.515625	4667.96875	0.70703125	0.895703125	0.808984375	0.736328125	0.919140625	0.942578125	0.685546875	0.717578125	0.895703125	0.982421875	0.933203125	0.669921875	0.820703125	0.839453125	0.708203125	0.544921875	0.745703125	0.736328125	28.515625	84.765625	91.015625	47.265625	62.890625	87.109375	18.359375	94.921875	67.578125	97.265625	30.078125	79.296875
sim4521	100	0.94140625	0.046015625	439.453125	0.87109375	0.83203125	0.197890625	341.796875	0.11328125	0.036171875	447.265625	2832.03125	0.16015625	365.234375	19.53125	0.90234375	0.048828125	248.046875	1347.65625	0.14453125	369.140625	1464.84375	0.95703125	0.048828125	95.703125	1308.59375	0.25390625	0.834765625	0.785546875	0.900390625	0.895703125	0.975390625	0.880859375	0.947265625	0.994140625	0.927734375	0.797265625	0.708984375	0.741015625	0.712890625	0.881640625	0.974609375	0.853515625	0.650390625	39.453125	48.828125	33.203125	45.703125	58.203125	26.171875	54.296875	93.359375	94.140625	14.453125	87.890625	87.109375
sim4532	100	0.59765625	0.175390625	267.578125	0.90234375	0.48828125	0.147265625	451.171875	0.64453125	0.143046875	212.890625	3613.28125	0.25390625	380.859375	3300.78125	0.12109375	0.065703125	13.671875	1816.40625	0.86328125	228.515625	1308.59375	0.36328125	0.054453125	236.328125	3964.84375	0.78515625	0.900390625	0.757421875	0.722265625	0.998828125	0.797265625	0.896484375	0.919140625	0.703515625	0.849609375	0.825390625	0.880859375	0.825390625	0.778515625	0.741015625	0.646484375	0.712890625	0.697265625	5.078125	1.953125	98.828125	55.078125	17.578125	10.546875	19.921875	90.234375	59.765625	86.328125	53.515625	90.234375
sim4639	100	0.15625	0.059375	78.125	0.96875	0.40625	0.025625	265.625	0.96875	0.104375	390.625	4531.25	0.15625	109.375	2031.25	0.71875	0.036875	109.375	4218.75	0.71875	15.625	3906.25	0.90625	0.171875	15.625	1406.25	0.78125	0.728125	0.765625	0.990625	0.878125	0.990625	0.890625	0.746875	0.765625	0.578125	0.990625	0.703125	0.709375	0.859375	0.990625	0.734375	0.934375	0.953125	15.625	21.875	40.625	71.875	96.875	59.375	96.875	78.125	15.625	21.875	15.625	96.875
sim4654	100	0.109375	0.0396875	460.9375	0.828125	0.484375	0.1128125	117.1875	0.359375	0.1353125	195.3125	2265.625	0.921875	195.3125	4921.875	0.796875	0.1859375	195.3125	4140.625	0.921875	398.4375	3828.125	0.234375	0.0453125	7.8125	2109.375	0.703125	0.7234375	0.7984375	0.9859375	0.9578125	0.8171875	0.6796875	0.8828125	0.8828125	0.7109375	0.7984375	0.9921875	0.7046875	0.9203125	0.9578125	0.5703125	0.9671875	0.9765625	42.1875	89.0625	48.4375	29.6875	45.3125	35.9375	89.0625	85.9375	10.9375	10.9375	92.1875	82.8125
sim4700	100	0.0703125	0.07203125	97.65625	0.9296875	0.6015625	0.06640625	82.03125	0.3984375	0.08046875	394.53125	3398.4375	0.6328125	183.59375	4492.1875	0.3046875	0.06640625	183.59375	2460.9375	0.1640625	417.96875	3320.3125	0.0703125	0.10296875	183.59375	3007.8125	0.8515625	0.80078125	0.86640625	0.91796875	0.98359375	0.77265625	0.70703125	0.87109375	0.93671875	0.84765625	0.82890625	0.55078125	0.92734375	0.89921875	0.96953125	0.91796875	0.78671875	0.58984375	13.28125	86.71875	39.84375	80.46875	22.65625	44.53125	74.21875	91.40625	7.03125	28.90625	19.53125	92.96875
sim4720	100	0.3046875	0.12546875	308.59375	0.9765625	0.1484375	0.11421875	417.96875	0.4765625	0.05515625	464.84375	507.8125	0.0546875	238.28125	4257.8125	0.7578125	0.09734375	238.28125	2070.3125	0.5234375	425.78125	3398.4375	0.4296875	0.12265625	50.78125	1054.6875	0.1796875	0.85234375	0.88046875	0.71640625	0.97890625	0.73046875	0.98046875	0.79140625	0.87578125	0.80859375	0.99296875	0.57421875	0.85703125	0.95078125	0.84296875	0.59765625	0.97890625	0.55078125	5.46875	47.65625	85.15625	75.78125	5.46875	92.96875	10.15625	96.09375	30.46875	58.59375	61.71875	97.65625
sim4741	100	0.67578125	0.195078125	150.390625	0.79296875	0.41015625	0.060078125	162.109375	0.00390625	0.100859375	376.953125	722.65625	0.51953125	310.546875	1191.40625	0.41796875	0.178203125	310.546875	1582.03125	0.53515625	345.703125	1542.96875	0.53515625	0.164140625	228.515625	4667.96875	0.70703125	0.895703125	0.808984375	0.736328125	0.919140625	0.942578125	0.685546875	0.717578125	0.895703125	0.982421875	0.933203125	0.669921875	0.820703125	0.839453125	0.708203125	0.544921875	0.745703125	0.736328125	28.515625	84.765625	91.015625	47.265625	62.890625	87.109375	18.359375	94.921875	67.578125	97.265625	30.078125	79.296875
sim4777	100	0.94140625	0.046015625	439.453125	0.87109375	0.83203125	0.197890625	341.796875	0.11328125	0.036171875	447.265625	2832.03125	0.16015625	365.234375	19.53125	0.90234375	0.164140625	365.234375	1347.65625	0.14453125	369.140625	1464.84375	0.95703125	0.048828125	95.703125	1308.59375	0.25390625	0.834765625	0.785546875	0.900390625	0.895703125	0.975390625	0.880859375	0.947265625	0.994140625	0.927734375	0.797265625	0.708984375	0.741015625	0.712890625	0.881640625	0.974609375	0.853515625	0.650390625	39.453125	48.828125	33.203125	45.703125	58.203125	26.171875	54.296875	93.359375	94.140625	14.453125	87.890625	87.109375
sim4788	100	0.59765625	0.175390625	267.578125	0.90234375	0.48828125	0.147265625	451.171875	0.64453125	0.143046875	212.890625	3613.28125	0.25390625	380.859375	3300.78125	0.12109375	0.034765625	380.859375	1816.40625	0.86328125	228.515625	1308.59375	0.36328125	0.054453125	236.328125	3964.84375	0.78515625	0.900390625	0.757421875	0.722265625	0.998828125	0.797265625	0.896484375	0.919140625	0.703515625	0.849609375	0.825390625	0.880859375	0.825390625	0.778515625	0.741015625	0.646484375	0.712890625	0.697265625	5.078125	1.953125	98.828125	55.078125	17.578125	10.546875	19.921875	90.234375	59.765625	86.328125	53.515625	90.234375
sim4895	100	0.15625	0.059375	78.125	0.96875	0.40625	0.025625	265.625	0.96875	0.104375	390.625	4531.25	0.15625	109.375	2031.25	0.71875	0.036875	109.375	2031.25	0.71875	15.625	3906.25	0.90625	0.171875	15.625	1406.25	0.78125	0.728125	0.765625	0.990625	0.878125	0.990625	0.890625	0.746875	0.765625	0.578125	0.990625	0.703125	0.709375	0.859375	0.990625	0.734375	0.934375	0.953125	15.625	21.875	40.625	71.875	96.875	59.375	96.875	78.125	15.625	21.875	15.625	96.875
sim4910	100	0.109375	0.0396875	460.9375	0.828125	0.484375	0.1128125	117.1875	0.359375	0.1353125	195.3125	2265.625	0.921875	195.3125	4921.875	0.796875	0.1859375	429.6875	4921.875	0.921875	398.4375	3828.125	0.234375	0.0453125	7.8125	2109.375	0.703125	0.7234375	0.7984375	0.9859375	0.9578125	0.8171875	0.6796875	0.8828125	0.8828125	0.7109375	0.7984375	0.9921875	0.7046875	0.9203125	0.9578125	0.5703125	0.9671875	0.9765625	42.1875	89.0625	48.4375	29.6875	45.3125	35.9375	89.0625	85.9375	10.9375	10.9375	92.1875	82.8125
sim4956	100	0.0703125	0.07203125	97.65625	0.9296875	0.6015625	0.06640625	82.03125	0.3984375	0.08046875	394.53125	3398.4375	0.6328125	183.59375	4492.1875	0.3046875	0.06640625	363.28125	4492.1875	0.1640625	417.96875	3320.3125	0.0703125	0.10296875	183.59375	3007.8125	0.8515625	0.80078125	0.86640625	0.91796875	0.98359375	0.77265625	0.70703125	0.87109375	0.93671875	0.84765625	0.82890625	0.55078125	0.92734375	0.89921875	0.96953125	0.91796875	0.78671875	0.58984375	13.28125	86.71875	39.84375	80.46875	22.65625	44.53125	74.21875	91.40625	7.03125	28.90625	19.53125	92.96875
sim4976	100	0.3046875	0.12546875	308.59375	0.9765625	0.1484375	0.11421875	417.96875	0.4765625	0.05515625	464.84375	507.8125	0.0546875	238.28125	4257.8125	0.7578125	0.09734375	74.21875	4257.8125	0.5234375	425.78125	3398.4375	0.4296875	0.12265625	50.78125	1054.6875	0.1796875	0.85234375	0.88046875	0.71640625	0.97890625	0.73046875	0.98046875	0.79140625	0.87578125	0.80859375	0.99296875	0.57421875	0.85703125	0.95078125	0.84296875	0.59765625	0.97890625	0.55078125	5.46875	47.65625	85.15625	75.78125	5.46875	92.96875	10.15625	96.09375	30.46875	58.59375	61.71875	97.65625
sim4997	100	0.67578125	0.195078125	150.390625	0.79296875	0.41015625	0.060078125	162.109375	0.00390625	0.100859375	376.953125	722.65625	0.51953125	310.546875	1191.40625	0.41796875	0.178203125	443.359375	1191.40625	0.53515625	345.703125	1542.96875	0.53515625	0.164140625	228.515625	4667.96875	0.70703125	0.895703125	0.808984375	0.736328125	0.919140625	0.942578125	0.685546875	0.717578125	0.895703125	0.982421875	0.933203125	0.669921875	0.820703125	0.839453125	0.708203125	0.544921875	0.745703125	0.736328125	28.515625	84.765625	91.015625	47.265625	62.890625	87.109375	18.359375	94.921875	67.578125	97.265625	30.078125	79.296875
sim5033	100	0.94140625	0.046015625	439.453125	0.87109375	0.83203125	0.197890625	341.796875	0.11328125	0.036171875	447.265625	2832.03125	0.16015625	365.234375	19.53125	0.90234375	0.164140625	248.046875	19.53125	0.14453125	369.140625	1464.84375	0.95703125	0.048828125	95.703125	1308.59375	0.25390625	0.834765625	0.785546875	0.900390625	0.895703125	0.975390625	0.880859375	0.947265625	0.994140625	0.927734375	0.797265625	0.708984375	0.741015625	0.712890625	0.881640625	0.974609375	0.853515625	0.650390625	39.453125	48.828125	33.203125	45.703125	58.203125	26.171875	54.296875	93.359375	94.140625	14.453125	87.890625	87.109375
sim5044	100	0.59765625	0.175390625	267.578125	0.90234375	0.48828125	0.147265625	451.171875	0.64453125	0.143046875	212.890625	3613.28125	0.25390625	380.859375	3300.78125	0.12109375	0.034765625	13.671875	3300.78125	0.86328125	228.515625	1308.59375	0.36328125	0.054453125	236.328125	3964.84375	0.78515625	0.900390625	0.757421875	0.722265625	0.998828125	0.797265625	0.896484375	0.919140625	0.703515625	0.849609375	0.825390625	0.880859375	0.825390625	0.778515625	0.741015625	0.646484375	0.712890625	0.697265625	5.078125	1.953125	98.828125	55.078125	17.578125	10.546875	19.921875	90.234375	59.765625	86.328125	53.515625	90.234375
sim5151	100	0.15625	0.059375	78.125	0.96875	0.40625	0.025625	265.625	0.96875	0.104375	390.625	4531.25	0.15625	109.375	2031.25	0.71875	0.036875	109.375	4218.75	0.71875	15.625	3906.25	0.90625	0.171875	15.625	1406.25	0.78125	0.728125	0.765625	0.990625	0.878125	0.990625	0.890625	0.746875	0.765625	0.578125	0.990625	0.703125	0.709375	0.859375	0.990625	0.734375	0.934375	0.953125	15.625	21.875	40.625	71.875	96.875	59.375	96.875	78.125	15.625	21.875	15.625	96.875
sim5166	100	0.109375	0.0396875	460.9375	0.828125	0.484375	0.1128125	117.1875	0.359375	0.1353125	195.3125	2265.625	0.921875	195.3125	4921.875	0.796875	0.1859375	429.6875	4140.625	0.796875	398.4375	3828.125	0.234375	0.0453125	7.8125	2109.375	0.703125	0.7234375	0.7984375	0.9859375	0.9578125	0.8171875	0.6796875	0.8828125	0.8828125	0.7109375	0.7984375	0.9921875	0.7046875	0.9203125	0.9578125	0.5703125	0.9671875	0.9765625	42.1875	89.0625	48.4375	29.6875	45.3125	35.9375	89.0625	85.9375	10.9375	10.9375	92.1875	82.8125
sim5212	100	0.0703125	0.07203125	97.65625	0.9296875	0.6015625	0.06640625	82.03125	0.3984375	0.08046875	394.53125	3398.4375	0.6328125	183.59375	4492.1875	0.3046875	0.06640625	363.28125	2460.9375	0.3046875	417.96875	3320.3125	0.0703125	0.10296875	183.59375	3007.8125	0.8515625	0.80078125	0.86640625	0.91796875	0.98359375	0.77265625	0.70703125	0.87109375	0.93671875	0.84765625	0.82890625	0.55078125	0.92734375	0.89921875	0.96953125	0.91796875	0.78671875	0.58984375	13.28125	86.71875	39.84375	80.46875	22.65625	44.53125	74.21875	91.40625	7.03125	28.90625	19.53125	92.96875
sim5232	100	0.3046875	0.12546875	308.59375	0.9765625	0.1484375	0.11421875	417.96875	0.4765625	0.05515625	464.84375	507.8125	0.0546875	238.28125	4257.8125	0.7578125	0.09734375	74.21875	2070.3125	0.7578125	425.78125	3398.4375	0.4296875	0.12265625	50.78125	1054.6875	0.1796875	0.85234375	0.88046875	0.71640625	0.97890625	0.73046875	0.98046875	0.79140625	0.87578125	0.80859375	0.99296875	0.57421875	0.85703125	0.95078125	0.84296875	0.59765625	0.97890625	0.55078125	5.46875	47.65625	85.15625	75.78125	5.46875	92.96875	10.15625	96.09375	30.46875	58.59375	61.71875	97.65625
sim5253	100	0.67578125	0.195078125	150.390625	0.79296875	0.41015625	0.060078125	162.109375	0.00390625	0.100859375	376.953125	722.65625	0.51953125	310.546875	1191.40625	0.41796875	0.178203125	443.359375	1582.03125	0.41796875	345.703125	1542.96875	0.53515625	0.164140625	228.515625	4667.96875	0.70703125	0.895703125	0.808984375	0.736328125	0.919140625	0.942578125	0.685546875	0.717578125	0.895703125	0.982421875	0.933203125	0.669921875	0.820703125	0.839453125	0.708203125	0.544921875	0.745703125	0.736328125	28.515625	84.765625	91.015625	47.265625	62.890625	87.109375	18.359375	94.921875	67.578125	97.265625	30.078125	79.296875
sim5289	100	0.94140625	0.046015625	439.453125	0.87109375	0.83203125	0.197890625	341.796875	0.11328125	0.036171875	447.265625	2832.03125	0.16015625	365.234375	19.53125	0.90234375	0.164140625	248.046875	1347.65625	0.90234375	369.140625	1464.84375	0.95703125	0.048828125	95.703125	1308.59375	0.25390625	0.834765625	0.785546875	0.900390625	0.895703125	0.975390625	0.880859375	0.947265625	0.994140625	0.927734375	0.797265625	0.708984375	0.741015625	0.712890625	0.881640625	0.974609375	0.853515625	0.650390625	39.453125	48.828125	33.203125	45.703125	58.203125	26.171875	54.296875	93.359375	94.140625	14.453125	87.890625	87.109375
sim5300	100	0.59765625	0.175390625	267.578125	0.90234375	0.48828125	0.147265625	451.171875	0.64453125	0.143046875	212.890625	3613.28125	0.25390625	380.859375	3300.78125	0.12109375	0.034765625	13.671875	1816.40625	0.12109375	228.515625	1308.59375	0.36328125	0.054453125	236.328125	3964.84375	0.78515625	0.900390625	0.757421875	0.722265625	0.998828125	0.797265625	0.896484375	0.919140625	0.703515625	0.849609375	0.825390625	0.880859375	0.825390625	0.778515625	0.741015625	0.646484375	0.712890625	0.697265625	5.078125	1.953125	98.828125	55.078125	17.578125	10.546875	19.921875	90.234375	59.765625	86.328125	53.515625	90.234375
sim5407	100	0.15625	0.059375	78.125	0.96875	0.40625	0.025625	265.625	0.96875	0.104375	390.625	4531.25	0.15625	109.375	2031.25	0.71875	0.036875	109.375	4218.75	0.71875	46.875	3906.25	0.90625	0.171875	15.625	1406.25	0.78125	0.728125	0.765625	0.990625	0.878125	0.990625	0.890625	0.746875	0.765625	0.578125	0.990625	0.703125	0.709375	0.859375	0.990625	0.734375	0.934375	0.953125	15.625	21.875	40.625	71.875	96.875	59.375	96.875	78.125	15.625	21.875	15.625	96.875
sim5422	100	0.109375	0.0396875	460.9375	0.828125	0.484375	0.1128125	117.1875	0.359375	0.1353125	195.3125	2265.625	0.921875	195.3125	4921.875	0.796875	0.1859375	429.6875	4140.625	0.921875	460.9375	3828.125	0.234375	0.0453125	7.8125	2109.375	0.703125	0.7234375	0.7984375	0.9859375	0.9578125	0.8171875	0.6796875	0.8828125	0.8828125	0.7109375	0.7984375	0.9921875	0.7046875	0.9203125	0.9578125	0.5703125	0.9671875	0.9765625	42.1875	89.0625	48.4375	29.6875	45.3125	35.9375	89.0625	85.9375	10.9375	10.9375	92.1875	82.8125
sim5468	100	0.0703125	0.07203125	97.65625	0.9296875	0.6015625	0.06640625	82.03125	0.3984375	0.08046875	394.53125	3398.4375	0.6328125	183.59375	4492.1875	0.3046875	0.06640625	363.28125	2460.9375	0.1640625	128.90625	3320.3125	0.0703125	0.10296875	183.59375	3007.8125	0.8515625	0.80078125	0.86640625	0.91796875	0.98359375	0.77265625	0.70703125	0.87109375	0.93671875	0.84765625	0.82890625	0.55078125	0.92734375	0.89921875	0.96953125	0.91796875	0.78671875	0.58984375	13.28125	86.71875	39.84375	80.46875	22.65625	44.53125	74.21875	91.40625	7.03125	28.90625	19.53125	92.96875
sim5488	100	0.3046875	0.12546875	308.59375	0.9765625	0.1484375	0.11421875	417.96875	0.4765625	0.05515625	464.84375	507.8125	0.0546875	238.28125	4257.8125	0.7578125	0.09734375	74.21875	2070.3125	0.5234375	214.84375	3398.4375	0.4296875	0.12265625	50.78125	1054.6875	0.1796875	0.85234375	0.88046875	0.71640625	0.97890625	0.73046875	0.98046875	0.79140625	0.87578125	0.80859375	0.99296875	0.57421875	0.85703125	0.95078125	0.84296875	0.59765625	0.97890625	0.55078125	5.46875	47.65625	85.15625	75.78125	5.46875	92.96875	10.15625	96.09375	30.46875	58.59375	61.71875	97.65625
sim5509	100	0.67578125	0.195078125	150.390625	0.79296875	0.41015625	0.060078125	162.109375	0.00390625	0.100859375	376.953125	722.65625	0.51953125	310.546875	1191.40625	0.41796875	0.178203125	443.359375	1582.03125	0.53515625	439.453125	1542.96875	0.53515625	0.164140625	228.515625	4667.96875	0.70703125	0.895703125	0.808984375	0.736328125	0.919140625	0.942578125	0.685546875	0.717578125	0.895703125	0.982421875	0.933203125	0.669921875	0.820703125	0.839453125	0.708203125	0.544921875	0.745703125	0.736328125	28.515625	84.765625	91.015625	47.265625	62.890625	87.109375	18.359375	94.921875	67.578125	97.265625	30.078125	79.296875
sim5545	100	0.94140625	0.046015625	439.453125	0.87109375	0.83203125	0.197890625	341.796875	0.11328125	0.036171875	447.265625	2832.03125	0.16015625	365.234375	19.53125	0.90234375	0.164140625	248.046875	1347.65625	0.14453125	400.390625	1464.84375	0.95703125	0.048828125	95.703125	1308.59375	0.25390625	0.834765625	0.785546875	0.900390625	0.895703125	0.975390625	0.880859375	0.947265625	0.994140625	0.927734375	0.797265625	0.708984375	0.741015625	0.712890625	0.881640625	0.974609375	0.853515625	0.650390625	39.453125	48.828125	33.203125	45.703125	58.203125	26.171875	54.296875	93.359375	94.140625	14.453125	87.890625	87.109375
sim5556	100	0.59765625	0.175390625	267.578125	0.90234375	0.48828125	0.147265625	451.171875	0.64453125	0.143046875	212.890625	3613.28125	0.25390625	380.859375	3300.78125	0.12109375	0.034765625	13.671875	1816.40625	0.86328125	41.015625	1308.59375	0.36328125	0.054453125	236.328125	3964.84375	0.78515625	0.900390625	0.757421875	0.722265625	0.998828125	0.797265625	0.896484375	0.919140625	0.703515625	0.849609375	0.825390625	0.880859375	0.825390625	0.778515625	0.741015625	0.646484375	0.712890625	0.697265625	5.078125	1.953125	98.828125	55.078125	17.578125	10.546875	19.921875	90.234375	59.765625	86.328125	53.515625	90.234375
sim5663	100	0.15625	0.059375	78.125	0.96875	0.40625	0.025625	265.625	0.96875	0.104375	390.625	4531.25	0.15625	109.375	2031.25	0.71875	0.036875	109.375	4218.75	0.71875	15.625	1093.75	0.90625	0.171875	15.625	1406.25	0.78125	0.728125	0.765625	0.990625	0.878125	0.990625	0.890625	0.746875	0.765625	0.578125	0.990625	0.703125	0.709375	0.859375	0.990625	0.734375	0.934375	0.953125	15.625	21.875	40.625	71.875	96.875	59.375	96.875	78.125	15.625	21.875	15.625	96.875
sim5678	100	0.109375	0.0396875	460.9375	0.828125	0.484375	0.1128125	117.1875	0.359375	0.1353125	195.3125	2265.625	0.921875	195.3125	4921.875	0.796875	0.1859375	429.6875	4140.625	0.921875	398.4375	4296.875	0.234375	0.0453125	7.8125	2109.375	0.703125	0.7234375	0.7984375	0.9859375	0.9578125	0.8171875	0.6796875	0.8828125	0.8828125	0.7109375	0.7984375	0.9921875	0.7046875	0.9203125	0.9578125	0.5703125	0.9671875	0.9765625	42.1875	89.0625	48.4375	29.6875	45.3125	35.9375	89.0625	85.9375	10.9375	10.9375	92.1875	82.8125
sim5724	100	0.0703125	0.07203125	97.65625	0.9296875	0.6015625	0.06640625	82.03125	0.3984375	0.08046875	394.53125	3398.4375	0.6328125	183.59375	4492.1875	0.3046875	0.06640625	363.28125	2460.9375	0.1640625	417.96875	3632.8125	0.0703125	0.10296875	183.59375	3007.8125	0.8515625	0.80078125	0.86640625	0.91796875	0.98359375	0.77265625	0.70703125	0.87109375	0.93671875	0.84765625	0.82890625	0.55078125	0.92734375	0.89921875	0.96953125	0.91796875	0.78671875	0.58984375	13.28125	86.71875	39.84375	80.46875	22.65625	44.53125	74.21875	91.40625	7.03125	28.90625	19.53125	92.96875
sim5744	100	0.3046875	0.12546875	308.59375	0.9765625	0.1484375	0.11421875	417.96875	0.4765625	0.05515625	464.84375	507.8125	0.0546875	238.28125	4257.8125	0.7578125	0.09734375	74.21875	2070.3125	0.5234375	425.78125	742.1875	0.4296875	0.12265625	50.78125	1054.6875	0.1796875	0.85234375	0.88046875	0.71640625	0.97890625	0.73046875	0.98046875	0.79140625	0.87578125	0.80859375	0.99296875	0.57421875	0.85703125	0.95078125	0.84296875	0.59765625	0.97890625	0.55078125	5.46875	47.65625	85.15625	75.78125	5.46875	92.96875	10.15625	96.09375	30.46875	58.59375	61.71875	97.65625
sim5765	100	0.67578125	0.195078125	150.390625	0.79296875	0.41015625	0.060078125	162.109375	0.00390625	0.100859375	376.953125	722.65625	0.51953125	310.546875	1191.40625	0.41796875	0.178203125	443.359375	1582.03125	0.53515625	345.703125	4433.59375	0.53515625	0.164140625	228.515625	4667.96875	0.70703125	0.895703125	0.808984375	0.736328125	0.919140625	0.942578125	0.685546875	0.717578125	0.895703125	0.982421875	0.933203125	0.669921875	0.820703125	0.839453125	0.708203125	0.544921875	0.745703125	0.736328125	28.515625	84.765625	91.015625	47.265625	62.890625	87.109375	18.359375	94.921875	67.578125	97.265625	30.078125	79.296875
sim5801	100	0.94140625	0.046015625	439.453125	0.87109375	0.83203125	0.197890625	341.796875	0.11328125	0.036171875	447.265625	2832.03125	0.16015625	365.234375	19.53125	0.90234375	0.164140625	248.046875	1347.65625	0.14453125	369.140625	2480.46875	0.95703125	0.048828125	95.703125	1308.59375	0.25390625	0.834765625	0.785546875	0.900390625	0.895703125	0.975390625	0.880859375	0.947265625	0.994140625	0.927734375	0.797265625	0.708984375	0.741015625	0.712890625	0.881640625	0.974609375	0.853515625	0.650390625	39.453125	48.828125	33.203125	45.703125	58.203125	26.171875	54.296875	93.359375	94.140625	14.453125	87.890625	87.109375
sim5812	100	0.59765625	0.175390625	267.578125	0.90234375	0.48828125	0.147265625	451.171875	0.64453125	0.143046875	212.890625	3613.28125	0.25390625	380.859375	3300.78125	0.12109375	0.034765625	13.671875	1816.40625	0.86328125	228.515625	136.71875	0.36328125	0.054453125	236.328125	3964.84375	0.78515625	0.900390625	0.757421875	0.722265625	0.998828125	0.797265625	0.896484375	0.919140625	0.703515625	0.849609375	0.825390625	0.880859375	0.825390625	0.778515625	0.741015625	0.646484375	0.712890625	0.697265625	5.078125	1.953125	98.828125	55.078125	17.578125	10.546875	19.921875	90.234375	59.765625	86.328125	53.515625	90.234375
sim5919	100	0.15625	0.059375	78.125	0.96875	0.40625	0.025625	265.625	0.96875	0.104375	390.625	4531.25	0.15625	109.375	2031.25	0.71875	0.036875	109.375	4218.75	0.71875	15.625	3906.25	0.84375	0.171875	15.625	1406.25	0.78125	0.728125	0.765625	0.990625	0.878125	0.990625	0.890625	0.746875	0.765625	0.578125	0.990625	0.703125	0.709375	0.859375	0.990625	0.734375	0.934375	0.953125	15.625	21.875	40.625	71.875	96.875	59.375	96.875	78.125	15.625	21.875	15.625	96.875
sim5934	100	0.109375	0.0396875	460.9375	0.828125	0.484375	0.1128125	117.1875	0.359375	0.1353125	195.3125	2265.625	0.921875	195.3125	4921.875	0.796875	0.1859375	429.6875	4140.625	0.921875	398.4375	3828.125	0.828125	0.0453125	7.8125	2109.375	0.703125	0.7234375	0.7984375	0.9859375	0.9578125	0.8171875	0.6796875	0.8828125	0.8828125	0.7109375	0.7984375	0.9921875	0.7046875	0.9203125	0.9578125	0.5703125	0.9671875	0.9765625	42.1875	89.0625	48.4375	29.6875	45.3125	35.9375	89.0625	85.9375	10.9375	10.9375	92.1875	82.8125
sim5980	100	0.0703125	0.07203125	97.65625	0.9296875	0.6015625	0.06640625	82.03125	0.3984375	0.08046875	394.53125	3398.4375	0.6328125	183.59375	4492.1875	0.3046875	0.06640625	363.28125	2460.9375	0.1640625	417.96875	3320.3125	0.4921875	0.10296875	183.59375	3007.8125	0.8515625	0.80078125	0.86640625	0.91796875	0.98359375	0.77265625	0.70703125	0.87109375	0.93671875	0.84765625	0.82890625	0.55078125	0.92734375	0.89921875	0.96953125	0.91796875	0.78671875	0.58984375	13.28125	86.71875	39.84375	80.46875	22.65625	44.53125	74.21875	91.40625	7.03125	28.90625	19.53125	92.96875
sim6000	100	0.3046875	0.12546875	308.59375	0.9765625	0.1484375	0.11421875	417.96875	0.4765625	0.05515625	464.84375	507.8125	0.0546875	238.28125	4257.8125	0.7578125	0.09734375	74.21875	2070.3125	0.5234375	425.78125	3398.4375	0.4140625	0.12265625	50.78125	1054.6875	0.1796875	0.85234375	0.88046875	0.71640625	0.97890625	0.73046875	0.98046875	0.79140625	0.87578125	0.80859375	0.99296875	0.57421875	0.85703125	0.95078125	0.84296875	0.59765625	0.97890625	0.55078125	5.46875	47.65625	85.15625	75.78125	5.46875	92.96875	10.15625	96.09375	30.46875	58.59375	61.71875	97.65625
sim6021	100	0.67578125	0.195078125	150.390625	0.79296875	0.41015625	0.060078125	162.109375	0.00390625	0.100859375	376.953125	722.65625	0.51953125	310.546875	1191.40625	0.41796875	0.178203125	443.359375	1582.03125	0.53515625	345.703125	1542.96875	0.31640625	0.164140625	228.515625	4667.96875	0.70703125	0.895703125	0.808984375	0.736328125	0.919140625	0.942578125	0.685546875	0.717578125	0.895703125	0.982421875	0.933203125	0.669921875	0.820703125	0.839453125	0.708203125	0.544921875	0.745703125	0.736328125	28.515625	84.765625	91.015625	47.265625	62.890625	87.109375	18.359375	94.921875	67.578125	97.265625	30.078125	79.296875
sim6057	100	0.94140625	0.046015625	439.453125	0.87109375	0.83203125	0.197890625	341.796875	0.11328125	0.036171875	447.265625	2832.03125	0.16015625	365.234375	19.53125	0.90234375	0.164140625	248.046875	1347.65625	0.14453125	369.140625	1464.84375	0.26953125	0.048828125	95.703125	1308.59375	0.25390625	0.834765625	0.785546875	0.900390625	0.895703125	0.975390625	0.880859375	0.947265625	0.994140625	0.927734375	0.797265625	0.708984375	0.741015625	0.712890625	0.881640625	0.974609375	0.853515625	0.650390625	39.453125	48.828125	33.203125	45.703125	58.203125	26.171875	54.296875	93.359375	94.140625	14.453125	87.890625	87.109375
sim6068	100	0.59765625	0.175390625	267.578125	0.90234375	0.48828125	0.147265625	451.171875	0.64453125	0.143046875	212.890625	3613.28125	0.25390625	380.859375	3300.78125	0.12109375	0.034765625	13.671875	1816.40625	0.86328125	228.515625	1308.59375	0.36328125	0.054453125	236.328125	3964.84375	0.78515625	0.900390625	0.757421875	0.722265625	0.998828125	0.797265625	0.896484375	0.919140625	0.703515625	0.849609375	0.825390625	0.880859375	0.825390625	0.778515625	0.741015625	0.646484375	0.712890625	0.697265625	5.078125	1.953125	98.828125	55.078125	17.578125	10.546875	19.921875	90.234375	59.765625	86.328125	53.515625	90.234375
sim6175	100	0.15625	0.059375	78.125	0.96875	0.40625	0.025625	265.625	0.96875	0.104375	390.625	4531.25	0.15625	109.375	2031.25	0.71875	0.036875	109.375	4218.75	0.71875	15.625	3906.25	0.90625	0.149375	15.625	1406.25	0.78125	0.728125	0.765625	0.990625	0.878125	0.990625	0.890625	0.746875	0.765625	0.578125	0.990625	0.703125	0.709375	0.859375	0.990625	0.734375	0.934375	0.953125	15.625	21.875	40.625	71.875	96.875	59.375	96.875	78.125	15.625	21.875	15.625	96.875
sim6190	100	0.109375	0.0396875	460.9375	0.828125	0.484375	0.1128125	117.1875	0.359375	0.1353125	195.3125	2265.625	0.921875	195.3125	4921.875	0.796875	0.1859375	429.6875	4140.625	0.921875	398.4375	3828.125	0.234375	0.1859375	7.8125	2109.375	0.703125	0.7234375	0.7984375	0.9859375	0.9578125	0.8171875	0.6796875	0.8828125	0.8828125	0.7109375	0.7984375	0.9921875	0.7046875	0.9203125	0.9578125	0.5703125	0.9671875	0.9765625	42.1875	89.0625	48.4375	29.6875	45.3125	35.9375	89.0625	85.9375	10.9375	10.9375	92.1875	82.8125
sim6236	100	0.0703125	0.07203125	97.65625	0.9296875	0.6015625	0.06640625	82.03125	0.3984375	0.08046875	394.53125	3398.4375	0.6328125	183.59375	4492.1875	0.3046875	0.06640625	363.28125	2460.9375	0.1640625	417.96875	3320.3125	0.0703125	0.04953125	183.59375	3007.8125	0.8515625	0.80078125	0.86640625	0.91796875	0.98359375	0.77265625	0.70703125	0.87109375	0.93671875	0.84765625	0.82890625	0.55078125	0.92734375	0.89921875	0.96953125	0.91796875	0.78671875	0.58984375	13.28125	86.71875	39.84375	80.46875	22.65625	44.53125	74.21875	91.40625	7.03125	28.90625	19.53125	92.96875
sim6256	100	0.3046875	0.12546875	308.59375	0.9765625	0.1484375	0.11421875	417.96875	0.4765625	0.05515625	464.84375	507.8125	0.0546875	238.28125	4257.8125	0.7578125	0.09734375	74.21875	2070.3125	0.5234375	425.78125	3398.4375	0.4296875	0.11421875	50.78125	1054.6875	0.1796875	0.85234375	0.88046875	0.71640625	0.97890625	0.73046875	0.98046875	0.79140625	0.87578125	0.80859375	0.99296875	0.57421875	0.85703125	0.95078125	0.84296875	0.59765625	0.97890625	0.55078125	5.46875	47.65625	85.15625	75.78125	5.46875	92.96875	10.15625	96.09375	30.46875	58.59375	61.71875	97.65625
sim6277	100	0.67578125	0.195078125	150.390625	0.79296875	0.41015625	0.060078125	162.109375	0.00390625	0.100859375	376.953125	722.65625	0.51953125	310.546875	1191.40625	0.41796875	0.178203125	443.359375	1582.03125	0.53515625	345.703125	1542.96875	0.53515625	0.116328125	228.515625	4667.96875	0.70703125	0.895703125	0.808984375	0.736328125	0.919140625	0.942578125	0.685546875	0.717578125	0.895703125	0.982421875	0.933203125	0.669921875	0.820703125	0.839453125	0.708203125	0.544921875	0.745703125	0.736328125	28.515625	84.765625	91.015625	47.265625	62.890625	87.109375	18.359375	94.921875	67.578125	97.265625	30.078125	79.296875
sim6313	100	0.94140625	0.046015625	439.453125	0.87109375	0.83203125	0.197890625	341.796875	0.11328125	0.036171875	447.265625	2832.03125	0.16015625	365.234375	19.53125	0.90234375	0.164140625	248.046875	1347.65625	0.14453125	369.140625	1464.84375	0.95703125	0.046015625	95.703125	1308.59375	0.25390625	0.834765625	0.785546875	0.900390625	0.895703125	0.975390625	0.880859375	0.947265625	0.994140625	0.927734375	0.797265625	0.708984375	0.741015625	0.712890625	0.881640625	0.974609375	0.853515625	0.650390625	39.453125	48.828125	33.203125	45.703125	58.203125	26.171875	54.296875	93.359375	94.140625	14.453125	87.890625	87.109375
sim6324	100	0.59765625	0.175390625	267.578125	0.90234375	0.48828125	0.147265625	451.171875	0.64453125	0.143046875	212.890625	3613.28125	0.25390625	380.859375	3300.78125	0.12109375	0.034765625	13.671875	1816.40625	0.86328125	228.515625	1308.59375	0.36328125	0.175390625	236.328125	3964.84375	0.78515625	0.900390625	0.757421875	0.722265625	0.998828125	0.797265625	0.896484375	0.919140625	0.703515625	0.849609375	0.825390625	0.880859375	0.825390625	0.778515625	0.741015625	0.646484375	0.712890625	0.697265625	5.078125	1.953125	98.828125	55.078125	17.578125	10.546875	19.921875	90.234375	59.765625	86.328125	53.515625	90.234375
sim6431	100	0.15625	0.059375	78.125	0.96875	0.40625	0.025625	265.625	0.96875	0.104375	390.625	4531.25	0.15625	109.375	2031.25	0.71875	0.036875	109.375	4218.75	0.71875	15.625	3906.25	0.90625	0.171875	15.625	1406.25	0.78125	0.728125	0.765625	0.990625	0.878125	0.990625	0.890625	0.746875	0.765625	0.578125	0.990625	0.703125	0.709375	0.859375	0.990625	0.734375	0.934375	0.953125	15.625	21.875	40.625	71.875	96.875	59.375	96.875	78.125	15.625	21.875	15.625	96.875
sim6446	100	0.109375	0.0396875	460.9375	0.828125	0.484375	0.1128125	117.1875	0.359375	0.1353125	195.3125	2265.625	0.921875	195.3125	4921.875	0.796875	0.1859375	429.6875	4140.625	0.921875	398.4375	3828.125	0.234375	0.0453125	398.4375	2109.375	0.703125	0.7234375	0.7984375	0.9859375	0.9578125	0.8171875	0.6796875	0.8828125	0.8828125	0.7109375	0.7984375	0.9921875	0.7046875	0.9203125	0.9578125	0.5703125	0.9671875	0.9765625	42.1875	89.0625	48.4375	29.6875	45.3125	35.9375	89.0625	85.9375	10.9375	10.9375	92.1875	82.8125
sim6492	100	0.0703125	0.07203125	97.65625	0.9296875	0.6015625	0.06640625	82.03125	0.3984375	0.08046875	394.53125	3398.4375	0.6328125	183.59375	4492.1875	0.3046875	0.06640625	363.28125	2460.9375	0.1640625	417.96875	3320.3125	0.0703125	0.10296875	417.96875	3007.8125	0.8515625	0.80078125	0.86640625	0.91796875	0.98359375	0.77265625	0.70703125	0.87109375	0.93671875	0.84765625	0.82890625	0.55078125	0.92734375	0.89921875	0.96953125	0.91796875	0.78671875	0.58984375	13.28125	86.71875	39.84375	80.46875	22.65625	44.53125	74.21875	91.40625	7.03125	28.90625	19.53125	92.96875
sim6512	100	0.3046875	0.12546875	308.59375	0.9765625	0.1484375	0.11421875	417.96875	0.4765625	0.05515625	464.84375	507.8125	0.0546875	238.28125	4257.8125	0.7578125	0.09734375	74.21875	2070.3125	0.5234375	425.78125	3398.4375	0.4296875	0.12265625	425.78125	1054.6875	0.1796875	0.85234375	0.88046875	0.71640625	0.97890625	0.73046875	0.98046875	0.79140625	0.87578125	0.80859375	0.99296875	0.57421875	0.85703125	0.95078125	0.84296875	0.59765625	0.97890625	0.55078125	5.46875	47.65625	85.15625	75.78125	5.46875	92.96875	10.15625	96.09375	30.46875	58.59375	61.71875	97.65625
sim6533	100	0.67578125	0.195078125	150.390625	0.79296875	0.41015625	0.060078125	162.109375	0.00390625	0.100859375	376.953125	722.65625	0.51953125	310.546875	1191.40625	0.41796875	0.178203125	443.359375	1582.03125	0.53515625	345.703125	1542.96875	0.53515625	0.164140625	345.703125	4667.96875	0.70703125	0.895703125	0.808984375	0.736328125	0.919140625	0.942578125	0.685546875	0.717578125	0.895703125	0.982421875	0.933203125	0.669921875	0.820703125	0.839453125	0.708203125	0.544921875	0.745703125	0.736328125	28.515625	84.765625	91.015625	47.265625	62.890625	87.109375	18.359375	94.921875	67.578125	97.265625	30.078125	79.296875
sim6569	100	0.94140625	0.046015625	439.453125	0.87109375	0.83203125	0.197890625	341.796875	0.11328125	0.036171875	447.265625	2832.03125	0.16015625	365.234375	19.53125	0.90234375	0.164140625	248.046875	1347.65625	0.14453125	369.140625	1464.84375	0.95703125	0.048828125	369.140625	1308.59375	0.25390625	0.834765625	0.785546875	0.900390625	0.895703125	0.975390625	0.880859375	0.947265625	0.994140625	0.927734375	0.797265625	0.708984375	0.741015625	0.712890625	0.881640625	0.974609375	0.853515625	0.650390625	39.453125	48.828125	33.203125	45.703125	58.203125	26.171875	54.296875	93.359375	94.140625	14.453125	87.890625	87.109375
sim6580	100	0.59765625	0.175390625	267.578125	0.90234375	0.48828125	0.147265625	451.171875	0.64453125	0.143046875	212.890625	3613.28125	0.25390625	380.859375	3300.78125	0.12109375	0.034765625	13.671875	1816.40625	0.86328125	228.515625	1308.59375	0.36328125	0.054453125	228.515625	3964.84375	0.78515625	0.900390625	0.757421875	0.722265625	0.998828125	0.797265625	0.896484375	0.919140625	0.703515625	0.849609375	0.825390625	0.880859375	0.825390625	0.778515625	0.741015625	0.646484375	0.712890625	0.697265625	5.078125	1.953125	98.828125	55.078125	17.578125	10.546875	19.921875	90.234375	59.765625	86.328125	53.515625	90.234375
sim6687	100	0.15625	0.059375	78.125	0.96875	0.40625	0.025625	265.625	0.96875	0.104375	390.625	4531.25	0.15625	109.375	2031.25	0.71875	0.036875	109.375	4218.75	0.71875	15.625	3906.25	0.90625	0.171875	15.625	3906.25	0.78125	0.728125	0.765625	0.990625	0.878125	0.990625	0.890625	0.746875	0.765625	0.578125	0.990625	0.703125	0.709375	0.859375	0.990625	0.734375	0.934375	0.953125	15.625	21.875	40.625	71.875	96.875	59.375	96.875	78.125	15.625	21.875	15.625	96.875
sim6702	100	0.109375	0.0396875	460.9375	0.828125	0.484375	0.1128125	117.1875	0.359375	0.1353125	195.3125	2265.625	0.921875	195.3125	4921.875	0.796875	0.1859375	429.6875	4140.625	0.921875	398.4375	3828.125	0.234375	0.0453125	7.8125	3828.125	0.703125	0.7234375	0.7984375	0.9859375	0.9578125	0.8171875	0.6796875	0.8828125	0.8828125	0.7109375	0.7984375	0.9921875	0.7046875	0.9203125	0.9578125	0.5703125	0.9671875	0.9765625	42.1875	89.0625	48.4375	29.6875	45.3125	35.9375	89.0625	85.9375	10.9375	10.9375	92.1875	82.8125
sim6748	100	0.0703125	0.07203125	97.65625	0.9296875	0.6015625	0.06640625	82.03125	0.3984375	0.08046875	394.53125	3398.4375	0.6328125	183.59375	4492.1875	0.3046875	0.06640625	363.28125	2460.9375	0.1640625	417.96875	3320.3125	0.0703125	0.10296875	183.59375	3320.3125	0.8515625	0.80078125	0.86640625	0.91796875	0.98359375	0.77265625	0.70703125	0.87109375	0.93671875	0.84765625	0.82890625	0.55078125	0.92734375	0.89921875	0.96953125	0.91796875	0.78671875	0.58984375	13.28125	86.71875	39.84375	80.46875	22.65625	44.53125	74.21875	91.40625	7.03125	28.90625	19.53125	92.96875
sim6768	100	0.3046875	0.12546875	308.59375	0.9765625	0.1484375	0.11421875	417.96875	0.4765625	0.05515625	464.84375	507.8125	0.0546875	238.28125	4257.8125	0.7578125	0.09734375	74.21875	2070.3125	0.5234375	425.78125	3398.4375	0.4296875	0.12265625	50.78125	3398.4375	0.1796875	0.85234375	0.88046875	0.71640625	0.97890625	0.73046875	0.98046875	0.79140625	0.87578125	0.80859375	0.99296875	0.57421875	0.85703125	0.95078125	0.84296875	0.59765625	0.97890625	0.55078125	5.46875	47.65625	85.15625	75.78125	5.46875	92.96875	10.15625	96.09375	30.46875	58.59375	61.71875	97.65625
sim6789	100	0.67578125	0.195078125	150.390625	0.79296875	0.41015625	0.060078125	162.109375	0.00390625	0.100859375	376.953125	722.65625	0.51953125	310.546875	1191.40625	0.41796875	0.178203125	443.359375	1582.03125	0.53515625	345.703125	1542.96875	0.53515625	0.164140625	228.515625	1542.96875	0.70703125	0.895703125	0.808984375	0.736328125	0.919140625	0.942578125	0.685546875	0.717578125	0.895703125	0.982421875	0.933203125	0.669921875	0.820703125	0.839453125	0.708203125	0.544921875	0.745703125	0.736328125	28.515625	84.765625	91.015625	47.265625	62.890625	87.109375	18.359375	94.921875	67.578125	97.265625	30.078125	79.296875
sim6825	100	0.94140625	0.046015625	439.453125	0.87109375	0.83203125	0.197890625	341.796875	0.11328125	0.036171875	447.265625	2832.03125	0.16015625	365.234375	19.53125	0.90234375	0.164140625	248.046875	1347.65625	0.14453125	369.140625	1464.84375	0.95703125	0.048828125	95.703125	1464.84375	0.25390625	0.834765625	0.785546875	0.900390625	0.895703125	0.975390625	0.880859375	0.947265625	0.994140625	0.927734375	0.797265625	0.708984375	0.741015625	0.712890625	0.881640625	0.974609375	0.853515625	0.650390625	39.453125	48.828125	33.203125	45.703125	58.203125	26.171875	54.296875	93.359375	94.140625	14.453125	87.890625	87.109375
sim6836	100	0.59765625	0.175390625	267.578125	0.90234375	0.48828125	0.147265625	451.171875	0.64453125	0.143046875	212.890625	3613.28125	0.25390625	380.859375	3300.78125	0.12109375	0.034765625	13.671875	1816.40625	0.86328125	228.515625	1308.59375	0.36328125	0.054453125	236.328125	1308.59375	0.78515625	0.900390625	0.757421875	0.722265625	0.998828125	0.797265625	0.896484375	0.919140625	0.703515625	0.849609375	0.825390625	0.880859375	0.825390625	0.778515625	0.741015625	0.646484375	0.712890625	0.697265625	5.078125	1.953125	98.828125	55.078125	17.578125	10.546875	19.921875	90.234375	59.765625	86.328125	53.515625	90.234375
sim6943	100	0.15625	0.059375	78.125	0.96875	0.40625	0.025625	265.625	0.96875	0.104375	390.625	4531.25	0.15625	109.375	2031.25	0.71875	0.036875	109.375	4218.75	0.71875	15.625	3906.25	0.90625	0.171875	15.625	1406.25	0.90625	0.728125	0.765625	0.990625	0.878125	0.990625	0.890625	0.746875	0.765625	0.578125	0.990625	0.703125	0.709375	0.859375	0.990625	0.734375	0.934375	0.953125	15.625	21.875	40.625	71.875	96.875	59.375	96.875	78.125	15.625	21.875	15.625	96.875
sim6958	100	0.109375	0.0396875	460.9375	0.828125	0.484375	0.1128125	117.1875	0.359375	0.1353125	195.3125	2265.625	0.921875	195.3125	4921.875	0.796875	0.1859375	429.6875	4140.625	0.921875	398.4375	3828.125	0.234375	0.0453125	7.8125	2109.375	0.234375	0.7234375	0.7984375	0.9859375	0.9578125	0.8171875	0.6796875	0.8828125	0.8828125	0.7109375	0.7984375	0.9921875	0.7046875	0.9203125	0.9578125	0.5703125	0.9671875	0.9765625	42.1875	89.0625	48.4375	29.6875	45.3125	35.9375	89.0625	85.9375	10.9375	10.9375	92.1875	82.8125
sim7004	100	0.0703125	0.07203125	97.65625	0.9296875	0.6015625	0.06640625	82.03125	0.3984375	0.08046875	394.53125	3398.4375	0.6328125	183.59375	4492.1875	0.3046875	0.06640625	363.28125	2460.9375	0.1640625	417.96875	3320.3125	0.0703125	0.10296875	183.59375	3007.8125	0.0703125	0.80078125	0.86640625	0.91796875	0.98359375	0.77265625	0.70703125	0.87109375	0.93671875	0.84765625	0.82890625	0.55078125	0.92734375	0.89921875	0.96953125	0.91796875	0.78671875	0.58984375	13.28125	86.71875	39.84375	80.46875	22.65625	44.53125	74.21875	91.40625	7.03125	28.90625	19.53125	92.96875
sim7024	100	0.3046875	0.12546875	308.59375	0.9765625	0.1484375	0.11421875	417.96875	0.4765625	0.05515625	464.84375	507.8125	0.0546875	238.28125	4257.8125	0.7578125	0.09734375	74.21875	2070.3125	0.5234375	425.78125	3398.4375	0.4296875	0.12265625	50.78125	1054.6875	0.4296875	0.85234375	0.88046875	0.71640625	0.97890625	0.73046875	0.98046875	0.79140625	0.87578125	0.80859375	0.99296875	0.57421875	0.85703125	0.95078125	0.84296875	0.59765625	0.97890625	0.55078125	5.46875	47.65625	85.15625	75.78125	5.46875	92.96875	10.15625	96.09375	30.46875	58.59375	61.71875	97.65625
sim7045	100	0.67578125	0.195078125	150.390625	0.79296875	0.41015625	0.060078125	162.109375	0.00390625	0.100859375	376.953125	722.65625	0.51953125	310.546875	1191.40625	0.41796875	0.178203125	443.359375	1582.03125	0.53515625	345.703125	1542.96875	0.53515625	0.164140625	228.515625	4667.96875	0.53515625	0.895703125	0.808984375	0.736328125	0.919140625	0.942578125	0.685546875	0.717578125	0.895703125	0.982421875	0.933203125	0.669921875	0.820703125	0.839453125	0.708203125	0.544921875	0.745703125	0.736328125	28.515625	84.765625	91.015625	47.265625	62.890625	87.109375	18.359375	94.921875	67.578125	97.265625	30.078125	79.296875
sim7081	100	0.94140625	0.046015625	439.453125	0.87109375	0.83203125	0.197890625	341.796875	0.11328125	0.036171875	447.265625	2832.03125	0.16015625	365.234375	19.53125	0.90234375	0.164140625	248.046875	1347.65625	0.14453125	369.140625	1464.84375	0.95703125	0.048828125	95.703125	1308.59375	0.95703125	0.834765625	0.785546875	0.900390625	0.895703125	0.975390625	0.880859375	0.947265625	0.994140625	0.927734375	0.797265625	0.708984375	0.741015625	0.712890625	0.881640625	0.974609375	0.853515625	0.650390625	39.453125	48.828125	33.203125	45.703125	58.203125	26.171875	54.296875	93.359375	94.140625	14.453125	87.890625	87.109375
sim7092	100	0.59765625	0.175390625	267.578125	0.90234375	0.48828125	0.147265625	451.171875	0.64453125	0.143046875	212.890625	3613.28125	0.25390625	380.859375	3300.78125	0.12109375	0.034765625	13.671875	1816.40625	0.86328125	228.515625	1308.59375	0.36328125	0.054453125	236.328125	3964.84375	0.36328125	0.900390625	0.757421875	0.722265625	0.998828125	0.797265625	0.896484375	0.919140625	0.703515625	0.849609375	0.825390625	0.880859375	0.825390625	0.778515625	0.741015625	0.646484375	0.712890625	0.697265625	5.078125	1.953125	98.828125	55.078125	17.578125	10.546875	19.921875	90.234375	59.765625	86.328125	53.515625	90.234375
sim7199	100	0.15625	0.059375	78.125	0.96875	0.40625	0.025625	265.625	0.96875	0.104375	390.625	4531.25	0.15625	109.375	2031.25	0.71875	0.036875	109.375	4218.75	0.71875	15.625	3906.25	0.90625	0.171875	15.625	1406.25	0.78125	0.953125	0.765625	0.990625	0.878125	0.990625	0.890625	0.746875	0.765625	0.578125	0.990625	0.703125	0.709375	0.859375	0.990625	0.734375	0.934375	0.953125	15.625	21.875	40.625	71.875	96.875	59.375	96.875	78.125	15.625	21.875	15.625	96.875
sim7214	100	0.109375	0.0396875	460.9375	0.828125	0.484375	0.1128125	117.1875	0.359375	0.1353125	195.3125	2265.625	0.921875	195.3125	4921.875	0.796875	0.1859375	429.6875	4140.625	0.921875	398.4375	3828.125	0.234375	0.0453125	7.8125	2109.375	0.703125	0.7421875	0.7984375	0.9859375	0.9578125	0.8171875	0.6796875	0.8828125	0.8828125	0.7109375	0.7984375	0.9921875	0.7046875	0.9203125	0.9578125	0.5703125	0.9671875	0.9765625	42.1875	89.0625	48.4375	29.6875	45.3125	35.9375	89.0625	85.9375	10.9375	10.9375	92.1875	82.8125
sim7260	100	0.0703125	0.07203125	97.65625	0.9296875	0.6015625	0.06640625	82.03125	0.3984375	0.08046875	394.53125	3398.4375	0.6328125	183.59375	4492.1875	0.3046875	0.06640625	363.28125	2460.9375	0.1640625	417.96875	3320.3125	0.0703125	0.10296875	183.59375	3007.8125	0.8515625	0.83828125	0.86640625	0.91796875	0.98359375	0.77265625	0.70703125	0.87109375	0.93671875	0.84765625	0.82890625	0.55078125	0.92734375	0.89921875	0.96953125	0.91796875	0.78671875	0.58984375	13.28125	86.71875	39.84375	80.46875	22.65625	44.53125	74.21875	91.40625	7.03125	28.90625	19.53125	92.96875
sim7280	100	0.3046875	0.12546875	308.59375	0.9765625	0.1484375	0.11421875	417.96875	0.4765625	0.05515625	464.84375	507.8125	0.0546875	238.28125	4257.8125	0.7578125	0.09734375	74.21875	2070.3125	0.5234375	425.78125	3398.4375	0.4296875	0.12265625	50.78125	1054.6875	0.1796875	0.87109375	0.88046875	0.71640625	0.97890625	0.73046875	0.98046875	0.79140625	0.87578125	0.80859375	0.99296875	0.57421875	0.85703125	0.95078125	0.84296875	0.59765625	0.97890625	0.55078125	5.46875	47.65625	85.15625	75.78125	5.46875	92.96875	10.15625	96.09375	30.46875	58.59375	61.71875	97.65625
sim7301	100	0.67578125	0.195078125	150.390625	0.79296875	0.41015625	0.060078125	162.109375	0.00390625	0.100859375	376.953125	722.65625	0.51953125	310.546875	1191.40625	0.41796875	0.178203125	443.359375	1582.03125	0.53515625	345.703125	1542.96875	0.53515625	0.164140625	228.515625	4667.96875	0.70703125	0.940234375	0.808984375	0.736328125	0.919140625	0.942578125	0.685546875	0.717578125	0.895703125	0.982421875	0.933203125	0.669921875	0.820703125	0.839453125	0.708203125	0.544921875	0.745703125	0.736328125	28.515625	84.765625	91.015625	47.265625	62.890625	87.109375	18.359375	94.921875	67.578125	97.265625	30.078125	79.296875
sim7337	100	0.94140625	0.046015625	439.453125	0.87109375	0.83203125	0.197890625	341.796875	0.11328125	0.036171875	447.265625	2832.03125	0.16015625	365.234375	19.53125	0.90234375	0.164140625	248.046875	1347.65625	0.14453125	369.140625	1464.84375	0.95703125	0.048828125	95.703125	1308.59375	0.25390625	0.748046875	0.785546875	0.900390625	0.895703125	0.975390625	0.880859375	0.947265625	0.994140625	0.927734375	0.797265625	0.708984375	0.741015625	0.712890625	0.881640625	0.974609375	0.853515625	0.650390625	39.453125	48.828125	33.203125	45.703125	58.203125	26.171875	54.296875	93.359375	94.140625	14.453125	87.890625	87.109375
sim7348	100	0.59765625	0.175390625	267.578125	0.90234375	0.48828125	0.147265625	451.171875	0.64453125	0.143046875	212.890625	3613.28125	0.25390625	380.859375	3300.78125	0.12109375	0.034765625	13.671875	1816.40625	0.86328125	228.515625	1308.59375	0.36328125	0.054453125	236.328125	3964.84375	0.78515625	0.757421875	0.757421875	0.722265625	0.998828125	0.797265625	0.896484375	0.919140625	0.703515625	0.849609375	0.825390625	0.880859375	0.825390625	0.778515625	0.741015625	0.646484375	0.712890625	0.697265625	5.078125	1.953125	98.828125	55.078125	17.578125	10.546875	19.921875	90.234375	59.765625	86.328125	53.515625	90.234375
sim7455	100	0.15625	0.059375	78.125	0.96875	0.40625	0.025625	265.625	0.96875	0.104375	390.625	4531.25	0.15625	109.375	2031.25	0.71875	0.036875	109.375	4218.75	0.71875	15.625	3906.25	0.90625	0.171875	15.625	1406.25	0.78125	0.728125	0.709375	0.990625	0.878125	0.990625	0.890625	0.746875	0.765625	0.578125	0.990625	0.703125	0.709375	0.859375	0.990625	0.734375	0.934375	0.953125	15.625	21.875	40.625	71.875	96.875	59.375	96.875	78.125	15.625	21.875	15.625	96.875
sim7470	100	0.109375	0.0396875	460.9375	0.828125	0.484375	0.1128125	117.1875	0.359375	0.1353125	195.3125	2265.625	0.921875	195.3125	4921.875	0.796875	0.1859375	429.6875	4140.625	0.921875	398.4375	3828.125	0.234375	0.0453125	7.8125	2109.375	0.703125	0.7234375	0.7046875	0.9859375	0.9578125	0.8171875	0.6796875	0.8828125	0.8828125	0.7109375	0.7984375	0.9921875	0.7046875	0.9203125	0.9578125	0.5703125	0.9671875	0.9765625	42.1875	89.0625	48.4375	29.6875	45.3125	35.9375	89.0625	85.9375	10.9375	10.9375	92.1875	82.8125
sim7516	100	0.0703125	0.07203125	97.65625	0.9296875	0.6015625	0.06640625	82.03125	0.3984375	0.08046875	394.53125	3398.4375	0.6328125	183.59375	4492.1875	0.3046875	0.06640625	363.28125	2460.9375	0.1640625	417.96875	3320.3125	0.0703125	0.10296875	183.59375	3007.8125	0.8515625	0.80078125	0.81015625	0.91796875	0.98359375	0.77265625	0.70703125	0.87109375	0.93671875	0.84765625	0.82890625	0.55078125	0.92734375	0.89921875	0.96953125	0.91796875	0.78671875	0.58984375	13.28125	86.71875	39.84375	80.46875	22.65625	44.53125	74.21875	91.40625	7.03125	28.90625	19.53125	92.96875
sim7536	100	0.3046875	0.12546875	308.59375	0.9765625	0.1484375	0.11421875	417.96875	0.4765625	0.05515625	464.84375	507.8125	0.0546875	238.28125	4257.8125	0.7578125	0.09734375	74.21875	2070.3125	0.5234375	425.78125	3398.4375	0.4296875	0.12265625	50.78125	1054.6875	0.1796875	0.85234375	0.73046875	0.71640625	0.97890625	0.73046875	0.98046875	0.79140625	0.87578125	0.80859375	0.99296875	0.57421875	0.85703125	0.95078125	0.84296875	0.59765625	0.97890625	0.55078125	5.46875	47.65625	85.15625	75.78125	5.46875	92.96875	10.15625	96.09375	30.46875	58.59375	61.71875	97.65625
sim7557	100	0.67578125	0.195078125	150.390625	0.79296875	0.41015625	0.060078125	162.109375	0.00390625	0.100859375	376.953125	722.65625	0.51953125	310.546875	1191.40625	0.41796875	0.178203125	443.359375	1582.03125	0.53515625	345.703125	1542.96875	0.53515625	0.164140625	228.515625	4667.96875	0.70703125	0.895703125	0.837109375	0.736328125	0.919140625	0.942578125	0.685546875	0.717578125	0.895703125	0.982421875	0.933203125	0.669921875	0.820703125	0.839453125	0.708203125	0.544921875	0.745703125	0.736328125	28.515625	84.765625	91.015625	47.265625	62.890625	87.109375	18.359375	94.921875	67.578125	97.265625	30.078125	79.296875
sim7593	100	0.94140625	0.046015625	439.453125	0.87109375	0.83203125	0.197890625	341.796875	0.11328125	0.036171875	447.265625	2832.03125	0.16015625	365.234375	19.53125	0.90234375	0.164140625	248.046875	1347.65625	0.14453125	369.140625	1464.84375	0.95703125	0.048828125	95.703125	1308.59375	0.25390625	0.834765625	0.757421875	0.900390625	0.895703125	0.975390625	0.880859375	0.947265625	0.994140625	0.927734375	0.797265625	0.708984375	0.741015625	0.712890625	0.881640625	0.974609375	0.853515625	0.650390625	39.453125	48.828125	33.203125	45.703125	58.203125	26.171875	54.296875	93.359375	94.140625	14.453125	87.890625	87.109375
sim7604	100	0.59765625	0.175390625	267.578125	0.90234375	0.48828125	0.147265625	451.171875	0.64453125	0.143046875	212.890625	3613.28125	0.25390625	380.859375	3300.78125	0.12109375	0.034765625	13.671875	1816.40625	0.86328125	228.515625	1308.59375	0.36328125	0.054453125	236.328125	3964.84375	0.78515625	0.900390625	0.841796875	0.722265625	0.998828125	0.797265625	0.896484375	0.919140625	0.703515625	0.849609375	0.825390625	0.880859375	0.825390625	0.778515625	0.741015625	0.646484375	0.712890625	0.697265625	5.078125	1.953125	98.828125	55.078125	17.578125	10.546875	19.921875	90.234375	59.765625	86.328125	53.515625	90.234375
sim7711	100	0.15625	0.059375	78.125	0.96875	0.40625	0.025625	265.625	0.96875	0.104375	390.625	4531.25	0.15625	109.375	2031.25	0.71875	0.036875	109.375	4218.75	0.71875	15.625	3906.25	0.90625	0.171875	15.625	1406.25	0.78125	0.728125	0.765625	0.784375	0.878125	0.990625	0.890625	0.746875	0.765625	0.578125	0.990625	0.703125	0.709375	0.859375	0.990625	0.734375	0.934375	0.953125	15.625	21.875	40.625	71.875	96.875	59.375	96.875	78.125	15.625	21.875	15.625	96.875
sim7726	100	0.109375	0.0396875	460.9375	0.828125	0.484375	0.1128125	117.1875	0.359375	0.1353125	195.3125	2265.625	0.921875	195.3125	4921.875	0.796875	0.1859375	429.6875	4140.625	0.921875	398.4375	3828.125	0.234375	0.0453125	7.8125	2109.375	0.703125	0.7234375	0.7984375	0.8265625	0.9578125	0.8171875	0.6796875	0.8828125	0.8828125	0.7109375	0.7984375	0.9921875	0.7046875	0.9203125	0.9578125	0.5703125	0.9671875	0.9765625	42.1875	89.0625	48.4375	29.6875	45.3125	35.9375	89.0625	85.9375	10.9375	10.9375	92.1875	82.8125
sim7772	100	0.0703125	0.07203125	97.65625	0.9296875	0.6015625	0.06640625	82.03125	0.3984375	0.08046875	394.53125	3398.4375	0.6328125	183.59375	4492.1875	0.3046875	0.06640625	363.28125	2460.9375	0.1640625	417.96875	3320.3125	0.0703125	0.10296875	183.59375	3007.8125	0.8515625	0.80078125	0.86640625	0.88046875	0.98359375	0.77265625	0.70703125	0.87109375	0.93671875	0.84765625	0.82890625	0.55078125	0.92734375	0.89921875	0.96953125	0.91796875	0.78671875	0.58984375	13.28125	86.71875	39.84375	80.46875	22.65625	44.53125	74.21875	91.40625	7.03125	28.90625	19.53125	92.96875
sim7792	100	0.3046875	0.12546875	308.59375	0.9765625	0.1484375	0.11421875	417.96875	0.4765625	0.05515625	464.84375	507.8125	0.0546875	238.28125	4257.8125	0.7578125	0.09734375	74.21875	2070.3125	0.5234375	425.78125	3398.4375	0.4296875	0.12265625	50.78125	1054.6875	0.1796875	0.85234375	0.88046875	0.76328125	0.97890625	0.73046875	0.98046875	0.79140625	0.87578125	0.80859375	0.99296875	0.57421875	0.85703125	0.95078125	0.84296875	0.59765625	0.97890625	0.55078125	5.46875	47.65625	85.15625	75.78125	5.46875	92.96875	10.15625	96.09375	30.46875	58.59375	61.71875	97.65625
sim7813	100	0.67578125	0.195078125	150.390625	0.79296875	0.41015625	0.060078125	162.109375	0.00390625	0.100859375	376.953125	722.65625	0.51953125	310.546875	1191.40625	0.41796875	0.178203125	443.359375	1582.03125	0.53515625	345.703125	1542.96875	0.53515625	0.164140625	228.515625	4667.96875	0.70703125	0.895703125	0.808984375	0.980078125	0.919140625	0.942578125	0.685546875	0.717578125	0.895703125	0.982421875	0.933203125	0.669921875	0.820703125	0.839453125	0.708203125	0.544921875	0.745703125	0.736328125	28.515625	84.765625	91.015625	47.265625	62.890625	87.109375	18.359375	94.921875	67.578125	97.265625	30.078125	79.296875
sim7849	100	0.94140625	0.046015625	439.453125	0.87109375	0.83203125	0.197890625	341.796875	0.11328125	0.036171875	447.265625	2832.03125	0.16015625	365.234375	19.53125	0.90234375	0.164140625	248.046875	1347.65625	0.14453125	369.140625	1464.84375	0.95703125	0.048828125	95.703125	1308.59375	0.25390625	0.834765625	0.785546875	0.778515625	0.895703125	0.975390625	0.880859375	0.947265625	0.994140625	0.927734375	0.797265625	0.708984375	0.741015625	0.712890625	0.881640625	0.974609375	0.853515625	0.650390625	39.453125	48.828125	33.203125	45.703125	58.203125	26.171875	54.296875	93.359375	94.140625	14.453125	87.890625	87.109375
sim7860	100	0.59765625	0.175390625	267.578125	0.90234375	0.48828125	0.147265625	451.171875	0.64453125	0.143046875	212.890625	3613.28125	0.25390625	380.859375	3300.78125	0.12109375	0.034765625	13.671875	1816.40625	0.86328125	228.515625	1308.59375	0.36328125	0.054453125	236.328125	3964.84375	0.78515625	0.900390625	0.757421875	0.937890625	0.998828125	0.797265625	0.896484375	0.919140625	0.703515625	0.849609375	0.825390625	0.880859375	0.825390625	0.778515625	0.741015625	0.646484375	0.712890625	0.697265625	5.078125	1.953125	98.828125	55.078125	17.578125	10.546875	19.921875	90.234375	59.765625	86.328125	53.515625	90.234375
sim7967	100	0.15625	0.059375	78.125	0.96875	0.40625	0.025625	265.625	0.96875	0.104375	390.625	4531.25	0.15625	109.375	2031.25	0.71875	0.036875	109.375	4218.75	0.71875	15.625	3906.25	0.90625	0.171875	15.625	1406.25	0.78125	0.728125	0.765625	0.990625	0.934375	0.990625	0.890625	0.746875	0.765625	0.578125	0.990625	0.703125	0.709375	0.859375	0.990625	0.734375	0.934375	0.953125	15.625	21.875	40.625	71.875	96.875	59.375	96.875	78.125	15.625	21.875	15.625	96.875
sim7982	100	0.109375	0.0396875	460.9375	0.828125	0.484375	0.1128125	117.1875	0.359375	0.1353125	195.3125	2265.625	0.921875	195.3125	4921.875	0.796875	0.1859375	429.6875	4140.625	0.921875	398.4375	3828.125	0.234375	0.0453125	7.8125	2109.375	0.703125	0.7234375	0.7984375	0.9859375	0.9109375	0.8171875	0.6796875	0.8828125	0.8828125	0.7109375	0.7984375	0.9921875	0.7046875	0.9203125	0.9578125	0.5703125	0.9671875	0.9765625	42.1875	89.0625	48.4375	29.6875	45.3125	35.9375	89.0625	85.9375	10.9375	10.9375	92.1875	82.8125
sim8028	100	0.0703125	0.07203125	97.65625	0.9296875	0.6015625	0.06640625	82.03125	0.3984375	0.08046875	394.53125	3398.4375	0.6328125	183.59375	4492.1875	0.3046875	0.06640625	363.28125	2460.9375	0.1640625	417.96875	3320.3125	0.0703125	0.10296875	183.59375	3007.8125	0.8515625	0.80078125	0.86640625	0.91796875	0.95546875	0.77265625	0.70703125	0.87109375	0.93671875	0.84765625	0.82890625	0.55078125	0.92734375	0.89921875	0.96953125	0.91796875	0.78671875	0.58984375	13.28125	86.71875	39.84375	80.46875	22.65625	44.53125	74.21875	91.40625	7.03125	28.90625	19.53125	92.96875
sim8048	100	0.3046875	0.12546875	308.59375	0.9765625	0.1484375	0.11421875	417.96875	0.4765625	0.05515625	464.84375	507.8125	0.0546875	238.28125	4257.8125	0.7578125	0.09734375	74.21875	2070.3125	0.5234375	425.78125	3398.4375	0.4296875	0.12265625	50.78125	1054.6875	0.1796875	0.85234375	0.88046875	0.71640625	0.75390625	0.73046875	0.98046875	0.79140625	0.87578125	0.80859375	0.99296875	0.57421875	0.85703125	0.95078125	0.84296875	0.59765625	0.97890625	0.55078125	5.46875	47.65625	85.15625	75.78125	5.46875	92.96875	10.15625	96.09375	30.46875	58.59375	61.71875	97.65625
sim8069	100	0.67578125	0.195078125	150.390625	0.79296875	0.41015625	0.060078125	162.109375	0.00390625	0.100859375	376.953125	722.65625	0.51953125	310.546875	1191.40625	0.41796875	0.178203125	443.359375	1582.03125	0.53515625	345.703125	1542.96875	0.53515625	0.164140625	228.515625	4667.96875	0.70703125	0.895703125	0.808984375	0.736328125	0.912109375	0.942578125	0.685546875	0.717578125	0.895703125	0.982421875	0.933203125	0.669921875	0.820703125	0.839453125	0.708203125	0.544921875	0.745703125	0.736328125	28.515625	84.765625	91.015625	47.265625	62.890625	87.109375	18.359375	94.921875	67.578125	97.265625	30.078125	79.296875
sim8105	100	0.94140625	0.046015625	439.453125	0.87109375	0.83203125	0.197890625	341.796875	0.11328125	0.036171875	447.265625	2832.03125	0.16015625	365.234375	19.53125	0.90234375	0.164140625	248.046875	1347.65625	0.14453125	369.140625	1464.84375	0.95703125	0.048828125	95.703125	1308.59375	0.25390625	0.834765625	0.785546875	0.900390625	0.776171875	0.975390625	0.880859375	0.947265625	0.994140625	0.927734375	0.797265625	0.708984375	0.741015625	0.712890625	0.881640625	0.974609375	0.853515625	0.650390625	39.453125	48.828125	33.203125	45.703125	58.203125	26.171875	54.296875	93.359375	94.140625	14.453125	87.890625	87.109375
sim8116	100	0.59765625	0.175390625	267.578125	0.90234375	0.48828125	0.147265625	451.171875	0.64453125	0.143046875	212.890625	3613.28125	0.25390625	380.859375	3300.78125	0.12109375	0.034765625	13.671875	1816.40625	0.86328125	228.515625	1308.59375	0.36328125	0.054453125	236.328125	3964.84375	0.78515625	0.900390625	0.757421875	0.722265625	0.935546875	0.797265625	0.896484375	0.919140625	0.703515625	0.849609375	0.825390625	0.880859375	0.825390625	0.778515625	0.741015625	0.646484375	0.712890625	0.697265625	5.078125	1.953125	98.828125	55.078125	17.578125	10.546875	19.921875	90.234375	59.765625	86.328125	53.515625	90.234375
sim8223	100	0.15625	0.059375	78.125	0.96875	0.40625	0.025625	265.625	0.96875	0.104375	390.625	4531.25	0.15625	109.375	2031.25	0.71875	0.036875	109.375	4218.75	0.71875	15.625	3906.25	0.90625	0.171875	15.625	1406.25	0.78125	0.728125	0.765625	0.990625	0.878125	0.728125	0.890625	0.746875	0.765625	0.578125	0.990625	0.703125	0.709375	0.859375	0.990625	0.734375	0.934375	0.953125	15.625	21.875	40.625	71.875	96.875	59.375	96.875	78.125	15.625	21.875	15.625	96.875
sim8238	100	0.109375	0.0396875	460.9375	0.828125	0.484375	0.1128125	117.1875	0.359375	0.1353125	195.3125	2265.625	0.921875	195.3125	4921.875	0.796875	0.1859375	429.6875	4140.625	0.921875	398.4375	3828.125	0.234375	0.0453125	7.8125	2109.375	0.703125	0.7234375	0.7984375	0.9859375	0.9578125	0.7234375	0.6796875	0.8828125	0.8828125	0.7109375	0.7984375	0.9921875	0.7046875	0.9203125	0.9578125	0.5703125	0.9671875	0.9765625	42.1875	89.0625	48.4375	29.6875	45.3125	35.9375	89.0625	85.9375	10.9375	10.9375	92.1875	82.8125
sim8284	100	0.0703125	0.07203125	97.65625	0.9296875	0.6015625	0.06640625	82.03125	0.3984375	0.08046875	394.53125	3398.4375	0.6328125	183.59375	4492.1875	0.3046875	0.06640625	363.28125	2460.9375	0.1640625	417.96875	3320.3125	0.0703125	0.10296875	183.59375	3007.8125	0.8515625	0.80078125	0.86640625	0.91796875	0.98359375	0.80078125	0.70703125	0.87109375	0.93671875	0.84765625	0.82890625	0.55078125	0.92734375	0.89921875	0.96953125	0.91796875	0.78671875	0.58984375	13.28125	86.71875	39.84375	80.46875	22.65625	44.53125	74.21875	91.40625	7.03125	28.90625	19.53125	92.96875
sim8304	100	0.3046875	0.12546875	308.59375	0.9765625	0.1484375	0.11421875	417.96875	0.4765625	0.05515625	464.84375	507.8125	0.0546875	238.28125	4257.8125	0.7578125	0.09734375	74.21875	2070.3125	0.5234375	425.78125	3398.4375	0.4296875	0.12265625	50.78125	1054.6875	0.1796875	0.85234375	0.88046875	0.71640625	0.97890625	0.85234375	0.98046875	0.79140625	0.87578125	0.80859375	0.99296875	0.57421875	0.85703125	0.95078125	0.84296875	0.59765625	0.97890625	0.55078125	5.46875	47.65625	85.15625	75.78125	5.46875	92.96875	10.15625	96.09375	30.46875	58.59375	61.71875	97.65625
sim8325	100	0.67578125	0.195078125	150.390625	0.79296875	0.41015625	0.060078125	162.109375	0.00390625	0.100859375	376.953125	722.65625	0.51953125	310.546875	1191.40625	0.41796875	0.178203125	443.359375	1582.03125	0.53515625	345.703125	1542.96875	0.53515625	0.164140625	228.515625	4667.96875	0.70703125	0.895703125	0.808984375	0.736328125	0.919140625	0.895703125	0.685546875	0.717578125	0.895703125	0.982421875	0.933203125	0.669921875	0.820703125	0.839453125	0.708203125	0.544921875	0.745703125	0.736328125	28.515625	84.765625	91.015625	47.265625	62.890625	87.109375	18.359375	94.921875	67.578125	97.265625	30.078125	79.296875
sim8361	100	0.94140625	0.046015625	439.453125	0.87109375	0.83203125	0.197890625	341.796875	0.11328125	0.036171875	447.265625	2832.03125	0.16015625	365.234375	19.53125	0.90234375	0.164140625	248.046875	1347.65625	0.14453125	369.140625	1464.84375	0.95703125	0.048828125	95.703125	1308.59375	0.25390625	0.834765625	0.785546875	0.900390625	0.895703125	0.834765625	0.880859375	0.947265625	0.994140625	0.927734375	0.797265625	0.708984375	0.741015625	0.712890625	0.881640625	0.974609375	0.853515625	0.650390625	39.453125	48.828125	33.203125	45.703125	58.203125	26.171875	54.296875	93.359375	94.140625	14.453125	87.890625	87.109375
sim8372	100	0.59765625	0.175390625	267.578125	0.90234375	0.48828125	0.147265625	451.171875	0.64453125	0.143046875	212.890625	3613.28125	0.25390625	380.859375	3300.78125	0.12109375	0.034765625	13.671875	1816.40625	0.86328125	228.515625	1308.59375	0.36328125	0.054453125	236.328125	3964.84375	0.78515625	0.900390625	0.757421875	0.722265625	0.998828125	0.900390625	0.896484375	0.919140625	0.703515625	0.849609375	0.825390625	0.880859375	0.825390625	0.778515625	0.741015625	0.646484375	0.712890625	0.697265625	5.078125	1.953125	98.828125	55.078125	17.578125	10.546875	19.921875	90.234375	59.765625	86.328125	53.515625	90.234375
sim8479	100	0.15625	0.059375	78.125	0.96875	0.40625	0.025625	265.625	0.96875	0.104375	390.625	4531.25	0.15625	109.375	2031.25	0.71875	0.036875	109.375	4218.75	0.71875	15.625	3906.25	0.90625	0.171875	15.625	1406.25	0.78125	0.728125	0.765625	0.990625	0.878125	0.990625	0.609375	0.746875	0.765625	0.578125	0.990625	0.703125	0.709375	0.859375	0.990625	0.734375	0.934375	0.953125	15.625	21.875	40.625	71.875	96.875	59.375	96.875	78.125	15.625	21.875	15.625	96.875
sim8494	100	0.109375	0.0396875	460.9375	0.828125	0.484375	0.1128125	117.1875	0.359375	0.1353125	195.3125	2265.625	0.921875	195.3125	4921.875	0.796875	0.1859375	429.6875	4140.625	0.921875	398.4375	3828.125	0.234375	0.0453125	7.8125	2109.375	0.703125	0.7234375	0.7984375	0.9859375	0.9578125	0.8171875	0.6640625	0.8828125	0.8828125	0.7109375	0.7984375	0.9921875	0.7046875	0.9203125	0.9578125	0.5703125	0.9671875	0.9765625	42.1875	89.0625	48.4375	29.6875	45.3125	35.9375	89.0625	85.9375	10.9375	10.9375	92.1875	82.8125
sim8540	100	0.0703125	0.07203125	97.65625	0.9296875	0.6015625	0.06640625	82.03125	0.3984375	0.08046875	394.53125	3398.4375	0.6328125	183.59375	4492.1875	0.3046875	0.06640625	363.28125	2460.9375	0.1640625	417.96875	3320.3125	0.0703125	0.10296875	183.59375	3007.8125	0.8515625	0.80078125	0.86640625	0.91796875	0.98359375	0.77265625	0.77734375	0.87109375	0.93671875	0.84765625	0.82890625	0.55078125	0.92734375	0.89921875	0.96953125	0.91796875	0.78671875	0.58984375	13.28125	86.71875	39.84375	80.46875	22.65625	44.53125	74.21875	91.40625	7.03125	28.90625	19.53125	92.96875
sim8560	100	0.3046875	0.12546875	308.59375	0.9765625	0.1484375	0.11421875	417.96875	0.4765625	0.05515625	464.84375	507.8125	0.0546875	238.28125	4257.8125	0.7578125	0.09734375	74.21875	2070.3125	0.5234375	425.78125	3398.4375	0.4296875	0.12265625	50.78125	1054.6875	0.1796875	0.85234375	0.88046875	0.71640625	0.97890625	0.73046875	0.80078125	0.79140625	0.87578125	0.80859375	0.99296875	0.57421875	0.85703125	0.95078125	0.84296875	0.59765625	0.97890625	0.55078125	5.46875	47.65625	85.15625	75.78125	5.46875	92.96875	10.15625	96.09375	30.46875	58.59375	61.71875	97.65625
sim8581	100	0.67578125	0.195078125	150.390625	0.79296875	0.41015625	0.060078125	162.109375	0.00390625	0.100859375	376.953125	722.65625	0.51953125	310.546875	1191.40625	0.41796875	0.178203125	443.359375	1582.03125	0.53515625	345.703125	1542.96875	0.53515625	0.164140625	228.515625	4667.96875	0.70703125	0.895703125	0.808984375	0.736328125	0.919140625	0.942578125	0.681640625	0.717578125	0.895703125	0.982421875	0.933203125	0.669921875	0.820703125	0.839453125	0.708203125	0.544921875	0.745703125	0.736328125	28.515625	84.765625	91.015625	47.265625	62.890625	87.109375	18.359375	94.921875	67.578125	97.265625	30.078125	79.296875
sim8617	100	0.94140625	0.046015625	439.453125	0.87109375	0.83203125	0.197890625	341.796875	0.11328125	0.036171875	447.265625	2832.03125	0.16015625	365.234375	19.53125	0.90234375	0.164140625	248.046875	1347.65625	0.14453125	369.140625	1464.84375	0.95703125	0.048828125	95.703125	1308.59375	0.25390625	0.834765625	0.785546875	0.900390625	0.895703125	0.975390625	0.642578125	0.947265625	0.994140625	0.927734375	0.797265625	0.708984375	0.741015625	0.712890625	0.881640625	0.974609375	0.853515625	0.650390625	39.453125	48.828125	33.203125	45.703125	58.203125	26.171875	54.296875	93.359375	94.140625	14.453125	87.890625	87.109375
sim8628	100	0.59765625	0.175390625	267.578125	0.90234375	0.48828125	0.147265625	451.171875	0.64453125	0.143046875	212.890625	3613.28125	0.25390625	380.859375	3300.78125	0.12109375	0.034765625	13.671875	1816.40625	0.86328125	228.515625	1308.59375	0.36328125	0.054453125	236.328125	3964.84375	0.78515625	0.900390625	0.757421875	0.722265625	0.998828125	0.797265625	0.595703125	0.919140625	0.703515625	0.849609375	0.825390625	0.880859375	0.825390625	0.778515625	0.741015625	0.646484375	0.712890625	0.697265625	5.078125	1.953125	98.828125	55.078125	17.578125	10.546875	19.921875	90.234375	59.765625	86.328125	53.515625	90.234375
sim8735	100	0.15625	0.059375	78.125	0.96875	0.40625	0.025625	265.625	0.96875	0.104375	390.625	4531.25	0.15625	109.375	2031.25	0.71875	0.036875	109.375	4218.75	0.71875	15.625	3906.25	0.90625	0.171875	15.625	1406.25	0.78125	0.728125	0.765625	0.990625	0.878125	0.990625	0.890625	0.990625	0.765625	0.578125	0.990625	0.703125	0.709375	0.859375	0.990625	0.734375	0.934375	0.953125	15.625	21.875	40.625	71.875	96.875	59.375	96.875	78.125	15.625	21.875	15.625	96.875
sim8750	100	0.109375	0.0396875	460.9375	0.828125	0.484375	0.1128125	117.1875	0.359375	0.1353125	195.3125	2265.625	0.921875	195.3125	4921.875	0.796875	0.1859375	429.6875	4140.625	0.921875	398.4375	3828.125	0.234375	0.0453125	7.8125	2109.375	0.703125	0.7234375	0.7984375	0.9859375	0.9578125	0.8171875	0.6796875	0.9859375	0.8828125	0.7109375	0.7984375	0.9921875	0.7046875	0.9203125	0.9578125	0.5703125	0.9671875	0.9765625	42.1875	89.0625	48.4375	29.6875	45.3125	35.9375	89.0625	85.9375	10.9375	10.9375	92.1875	82.8125
sim8796	100	0.0703125	0.07203125	97.65625	0.9296875	0.6015625	0.06640625	82.03125	0.3984375	0.08046875	394.53125	3398.4375	0.6328125	183.59375	4492.1875	0.3046875	0.06640625	363.28125	2460.9375	0.1640625	417.96875	3320.3125	0.0703125	0.10296875	183.59375	3007.8125	0.8515625	0.80078125	0.86640625	0.91796875	0.98359375	0.77265625	0.70703125	0.91796875	0.93671875	0.84765625	0.82890625	0.55078125	0.92734375	0.89921875	0.96953125	0.91796875	0.78671875	0.58984375	13.28125	86.71875	39.84375	80.46875	22.65625	44.53125	74.21875	91.40625	7.03125	28.90625	19.53125	92.96875
sim8816	100	0.3046875	0.12546875	308.59375	0.9765625	0.1484375	0.11421875	417.96875	0.4765625	0.05515625	464.84375	507.8125	0.0546875	238.28125	4257.8125	0.7578125	0.09734375	74.21875	2070.3125	0.5234375	425.78125	3398.4375	0.4296875	0.12265625	50.78125	1054.6875	0.1796875	0.85234375	0.88046875	0.71640625	0.97890625	0.73046875	0.98046875	0.71640625	0.87578125	0.80859375	0.99296875	0.57421875	0.85703125	0.95078125	0.84296875	0.59765625	0.97890625	0.55078125	5.46875	47.65625	85.15625	75.78125	5.46875	92.96875	10.15625	96.09375	30.46875	58.59375	61.71875	97.65625
sim8837	100	0.67578125	0.195078125	150.390625	0.79296875	0.41015625	0.060078125	162.109375	0.00390625	0.100859375	376.953125	722.65625	0.51953125	310.546875	1191.40625	0.41796875	0.178203125	443.359375	1582.03125	0.53515625	345.703125	1542.96875	0.53515625	0.164140625	228.515625	4667.96875	0.70703125	0.895703125	0.808984375	0.736328125	0.919140625	0.942578125	0.685546875	0.736328125	0.895703125	0.982421875	0.933203125	0.669921875	0.820703125	0.839453125	0.708203125	0.544921875	0.745703125	0.736328125	28.515625	84.765625	91.015625	47.265625	62.890625	87.109375	18.359375	94.921875	67.578125	97.265625	30.078125	79.296875
sim8873	100	0.94140625	0.046015625	439.453125	0.87109375	0.83203125	0.197890625	341.796875	0.11328125	0.036171875	447.265625	2832.03125	0.16015625	365.234375	19.53125	0.90234375	0.164140625	248.046875	1347.65625	0.14453125	369.140625	1464.84375	0.95703125	0.048828125	95.703125	1308.59375	0.25390625	0.834765625	0.785546875	0.900390625	0.895703125	0.975390625	0.880859375	0.900390625	0.994140625	0.927734375	0.797265625	0.708984375	0.741015625	0.712890625	0.881640625	0.974609375	0.853515625	0.650390625	39.453125	48.828125	33.203125	45.703125	58.203125	26.171875	54.296875	93.359375	94.140625	14.453125	87.890625	87.109375
sim8884	100	0.59765625	0.175390625	267.578125	0.90234375	0.48828125	0.147265625	451.171875	0.64453125	0.143046875	212.890625	3613.28125	0.25390625	380.859375	3300.78125	0.12109375	0.034765625	13.671875	1816.40625	0.86328125	228.515625	1308.59375	0.36328125	0.054453125	236.328125	3964.84375	0.78515625	0.900390625	0.757421875	0.722265625	0.998828125	0.797265625	0.896484375	0.722265625	0.703515625	0.849609375	0.825390625	0.880859375	0.825390625	0.778515625	0.741015625	0.646484375	0.712890625	0.697265625	5.078125	1.953125	98.828125	55.078125	17.578125	10.546875	19.921875	90.234375	59.765625	86.328125	53.515625	90.234375
sim8938	100	0.79296875	0.081171875	490.234375	0.78515625	0.15234375	0.148671875	25.390625	0.51171875	0.060078125	451.171875	4199.21875	0.63671875	431.640625	2792.96875	0.06640625	0.126171875	494.140625	4433.59375	0.71484375	193.359375	800.78125	0.05859375	0.114921875	201.171875	2832.03125	0.32421875	0.771484375	0.998828125	0.973046875	0.940234375	0.752734375	0.689453125	0.973046875	0.710546875	0.626953125	0.930859375	0.548828125	0.973046875	0.748046875	0.855859375	0.681640625	0.701171875	0.771484375	43.359375	60.546875	35.546875	1.171875	33.984375	66.015625	80.078125	80.078125	79.296875	33.984375	98.046875	78.515625
sim8991	100	0.15625	0.059375	78.125	0.96875	0.40625	0.025625	265.625	0.96875	0.104375	390.625	4531.25	0.15625	109.375	2031.25	0.71875	0.036875	109.375	4218.75	0.71875	15.625	3906.25	0.90625	0.171875	15.625	1406.25	0.78125	0.728125	0.765625	0.990625	0.878125	0.990625	0.890625	0.746875	0.878125	0.578125	0.990625	0.703125	0.709375	0.859375	0.990625	0.734375	0.934375	0.953125	15.625	21.875	40.625	71.875	96.875	59.375	96.875	78.125	15.625	21.875	15.625	96.875
sim9006	100	0.109375	0.0396875	460.9375	0.828125	0.484375	0.1128125	117.1875	0.359375	0.1353125	195.3125	2265.625	0.921875	195.3125	4921.875	0.796875	0.1859375	429.6875	4140.625	0.921875	398.4375	3828.125	0.234375	0.0453125	7.8125	2109.375	0.703125	0.7234375	0.7984375	0.9859375	0.9578125	0.8171875	0.6796875	0.8828125	0.9578125	0.7109375	0.7984375	0.9921875	0.7046875	0.9203125	0.9578125	0.5703125	0.9671875	0.9765625	42.1875	89.0625	48.4375	29.6875	45.3125	35.9375	89.0625	85.9375	10.9375	10.9375	92.1875	82.8125
sim9052	100	0.0703125	0.07203125	97.65625	0.9296875	0.6015625	0.06640625	82.03125	0.3984375	0.08046875	394.53125	3398.4375	0.6328125	183.59375	4492.1875	0.3046875	0.06640625	363.28125	2460.9375	0.1640625	417.96875	3320.3125	0.0703125	0.10296875	183.59375	3007.8125	0.8515625	0.80078125	0.86640625	0.91796875	0.98359375	0.77265625	0.70703125	0.87109375	0.98359375	0.84765625	0.82890625	0.55078125	0.92734375	0.89921875	0.96953125	0.91796875	0.78671875	0.58984375	13.28125	86.71875	39.84375	80.46875	22.65625	44.53125	74.21875	91.40625	7.03125	28.90625	19.53125	92.96875
sim9072	100	0.3046875	0.12546875	308.59375	0.9765625	0.1484375	0.11421875	417.96875	0.4765625	0.05515625	464.84375	507.8125	0.0546875	238.28125	4257.8125	0.7578125	0.09734375	74.21875	2070.3125	0.5234375	425.78125	3398.4375	0.4296875	0.12265625	50.78125	1054.6875	0.1796875	0.85234375	0.88046875	0.71640625	0.97890625	0.73046875	0.98046875	0.79140625	0.97890625	0.80859375	0.99296875	0.57421875	0.85703125	0.95078125	0.84296875	0.59765625	0.97890625	0.55078125	5.46875	47.65625	85.15625	75.78125	5.46875	92.96875	10.15625	96.09375	30.46875	58.59375	61.71875	97.65625
sim9093	100	0.67578125	0.195078125	150.390625	0.79296875	0.41015625	0.060078125	162.109375	0.00390625	0.100859375	376.953125	722.65625	0.51953125	310.546875	1191.40625	0.41796875	0.178203125	443.359375	1582.03125	0.53515625	345.703125	1542.96875	0.53515625	0.164140625	228.515625	4667.96875	0.70703125	0.895703125	0.808984375	0.736328125	0.919140625	0.942578125	0.685546875	0.717578125	0.919140625	0.982421875	0.933203125	0.669921875	0.820703125	0.839453125	0.708203125	0.544921875	0.745703125	0.736328125	28.515625	84.765625	91.015625	47.265625	62.890625	87.109375	18.359375	94.921875	67.578125	97.265625	30.078125	79.296875
sim9129	100	0.94140625	0.046015625	439.453125	0.87109375	0.83203125	0.197890625	341.796875	0.11328125	0.036171875	447.265625	2832.03125	0.16015625	365.234375	19.53125	0.90234375	0.164140625	248.046875	1347.65625	0.14453125	369.140625	1464.84375	0.95703125	0.048828125	95.703125	1308.59375	0.25390625	0.834765625	0.785546875	0.900390625	0.895703125	0.975390625	0.880859375	0.947265625	0.895703125	0.927734375	0.797265625	0.708984375	0.741015625	0.712890625	0.881640625	0.974609375	0.853515625	0.650390625	39.453125	48.828125	33.203125	45.703125	58.203125	26.171875	54.296875	93.359375	94.140625	14.453125	87.890625	87.109375
sim9140	100	0.59765625	0.175390625	267.578125	0.90234375	0.48828125	0.147265625	451.171875	0.64453125	0.143046875	212.890625	3613.28125	0.25390625	380.859375	3300.78125	0.12109375	0.034765625	13.671875	1816.40625	0.86328125	228.515625	1308.59375	0.36328125	0.054453125	236.328125	3964.84375	0.78515625	0.900390625	0.757421875	0.722265625	0.998828125	0.797265625	0.896484375	0.919140625	0.998828125	0.849609375	0.825390625	0.880859375	0.825390625	0.778515625	0.741015625	0.646484375	0.712890625	0.697265625	5.078125	1.953125	98.828125	55.078125	17.578125	10.546875	19.921875	90.234375	59.765625	86.328125	53.515625	90.234375
sim9194	100	0.79296875	0.081171875	490.234375	0.78515625	0.15234375	0.148671875	25.390625	0.51171875	0.060078125	451.171875	4199.21875	0.63671875	431.640625	2792.96875	0.06640625	0.126171875	494.140625	4433.59375	0.71484375	193.359375	800.78125	0.05859375	0.114921875	201.171875	2832.03125	0.32421875	0.771484375	0.998828125	0.973046875	0.940234375	0.752734375	0.689453125	0.823046875	0.940234375	0.626953125	0.930859375	0.548828125	0.973046875	0.748046875	0.855859375	0.681640625	0.701171875	0.771484375	43.359375	60.546875	35.546875	1.171875	33.984375	66.015625	80.078125	80.078125	79.296875	33.984375	98.046875	78.515625
sim9247	100	0.15625	0.059375	78.125	0.96875	0.40625	0.025625	265.625	0.96875	0.104375	390.625	4531.25	0.15625	109.375	2031.25	0.71875	0.036875	109.375	4218.75	0.71875	15.625	3906.25	0.90625	0.171875	15.625	1406.25	0.78125	0.728125	0.765625	0.990625	0.878125	0.990625	0.890625	0.746875	0.765625	0.984375	0.990625	0.703125	0.709375	0.859375	0.990625	0.734375	0.934375	0.953125	15.625	21.875	40.625	71.875	96.875	59.375	96.875	78.125	15.625	21.875	15.625	96.875
sim9262	100	0.109375	0.0396875	460.9375	0.828125	0.484375	0.1128125	117.1875	0.359375	0.1353125	195.3125	2265.625	0.921875	195.3125	4921.875	0.796875	0.1859375	429.6875	4140.625	0.921875	398.4375	3828.125	0.234375	0.0453125	7.8125	2109.375	0.703125	0.7234375	0.7984375	0.9859375	0.9578125	0.8171875	0.6796875	0.8828125	0.8828125	0.6953125	0.7984375	0.9921875	0.7046875	0.9203125	0.9578125	0.5703125	0.9671875	0.9765625	42.1875	89.0625	48.4375	29.6875	45.3125	35.9375	89.0625	85.9375	10.9375	10.9375	92.1875	82.8125
sim9308	100	0.0703125	0.07203125	97.65625	0.9296875	0.6015625	0.06640625	82.03125	0.3984375	0.08046875	394.53125	3398.4375	0.6328125	183.59375	4492.1875	0.3046875	0.06640625	363.28125	2460.9375	0.1640625	417.96875	3320.3125	0.0703125	0.10296875	183.59375	3007.8125	0.8515625	0.80078125	0.86640625	0.91796875	0.98359375	0.77265625	0.70703125	0.87109375	0.93671875	0.62109375	0.82890625	0.55078125	0.92734375	0.89921875	0.96953125	0.91796875	0.78671875	0.58984375	13.28125	86.71875	39.84375	80.46875	22.65625	44.53125	74.21875	91.40625	7.03125	28.90625	19.53125	92.96875
sim9328	100	0.3046875	0.12546875	308.59375	0.9765625	0.1484375	0.11421875	417.96875	0.4765625	0.05515625	464.84375	507.8125	0.0546875	238.28125	4257.8125	0.7578125	0.09734375	74.21875	2070.3125	0.5234375	425.78125	3398.4375	0.4296875	0.12265625	50.78125	1054.6875	0.1796875	0.85234375	0.88046875	0.71640625	0.97890625	0.73046875	0.98046875	0.79140625	0.87578125	0.55078125	0.99296875	0.57421875	0.85703125	0.95078125	0.84296875	0.59765625	0.97890625	0.55078125	5.46875	47.65625	85.15625	75.78125	5.46875	92.96875	10.15625	96.09375	30.46875	58.59375	61.71875	97.65625
sim9349	100	0.67578125	0.195078125	150.390625	0.79296875	0.41015625	0.060078125	162.109375	0.00390625	0.100859375	376.953125	722.65625	0.51953125	310.546875	1191.40625	0.41796875	0.178203125	443.359375	1582.03125	0.53515625	345.703125	1542.96875	0.53515625	0.164140625	228.515625	4667.96875	0.70703125	0.895703125	0.808984375	0.736328125	0.919140625	0.942578125	0.685546875	0.717578125	0.895703125	0.904296875	0.933203125	0.669921875	0.820703125	0.839453125	0.708203125	0.544921875	0.745703125	0.736328125	28.515625	84.765625	91.015625	47.265625	62.890625	87.109375	18.359375	94.921875	67.578125	97.265625	30.078125	79.296875
sim9385	100	0.94140625	0.046015625	439.453125	0.87109375	0.83203125	0.197890625	341.796875	0.11328125	0.036171875	447.265625	2832.03125	0.16015625	365.234375	19.53125	0.90234375	0.164140625	248.046875	1347.65625	0.14453125	369.140625	1464.84375	0.95703125	0.048828125	95.703125	1308.59375	0.25390625	0.834765625	0.785546875	0.900390625	0.895703125	0.975390625	0.880859375	0.947265625	0.994140625	0.958984375	0.797265625	0.708984375	0.741015625	0.712890625	0.881640625	0.974609375	0.853515625	0.650390625	39.453125	48.828125	33.203125	45.703125	58.203125	26.171875	54.296875	93.359375	94.140625	14.453125	87.890625	87.109375
sim9396	100	0.59765625	0.175390625	267.578125	0.90234375	0.48828125	0.147265625	451.171875	0.64453125	0.143046875	212.890625	3613.28125	0.25390625	380.859375	3300.78125	0.12109375	0.034765625	13.671875	1816.40625	0.86328125	228.515625	1308.59375	0.36328125	0.054453125	236.328125	3964.84375	0.78515625	0.900390625	0.757421875	0.722265625	0.998828125	0.797265625	0.896484375	0.919140625	0.703515625	0.662109375	0.825390625	0.880859375	0.825390625	0.778515625	0.741015625	0.646484375	0.712890625	0.697265625	5.078125	1.953125	98.828125	55.078125	17.578125	10.546875	19.921875	90.234375	59.765625	86.328125	53.515625	90.234375
sim9518	100	0.109375	0.0396875	460.9375	0.828125	0.484375	0.1128125	117.1875	0.359375	0.1353125	195.3125	2265.625	0.921875	195.3125	4921.875	0.796875	0.1859375	429.6875	4140.625	0.921875	398.4375	3828.125	0.234375	0.0453125	7.8125	2109.375	0.703125	0.7234375	0.7984375	0.9859375	0.9578125	0.8171875	0.6796875	0.8828125	0.8828125	0.7109375	0.8078125	0.9921875	0.7046875	0.9203125	0.9578125	0.5703125	0.9671875	0.9765625	42.1875	89.0625	48.4375	29.6875	45.3125	35.9375	89.0625	85.9375	10.9375	10.9375	92.1875	82.8125
sim9564	100	0.0703125	0.07203125	97.65625	0.9296875	0.6015625	0.06640625	82.03125	0.3984375	0.08046875	394.53125	3398.4375	0.6328125	183.59375	4492.1875	0.3046875	0.06640625	363.28125	2460.9375	0.1640625	417.96875	3320.3125	0.0703125	0.10296875	183.59375	3007.8125	0.8515625	0.80078125	0.86640625	0.91796875	0.98359375	0.77265625	0.70703125	0.87109375	0.93671875	0.84765625	0.82421875	0.55078125	0.92734375	0.89921875	0.96953125	0.91796875	0.78671875	0.58984375	13.28125	86.71875	39.84375	80.46875	22.65625	44.53125	74.21875	91.40625	7.03125	28.90625	19.53125	92.96875
sim9584	100	0.3046875	0.12546875	308.59375	0.9765625	0.1484375	0.11421875	417.96875	0.4765625	0.05515625	464.84375	507.8125	0.0546875	238.28125	4257.8125	0.7578125	0.09734375	74.21875	2070.3125	0.5234375	425.78125	3398.4375	0.4296875	0.12265625	50.78125	1054.6875	0.1796875	0.85234375	0.88046875	0.71640625	0.97890625	0.73046875	0.98046875	0.79140625	0.87578125	0.80859375	0.98828125	0.57421875	0.85703125	0.95078125	0.84296875	0.59765625	0.97890625	0.55078125	5.46875	47.65625	85.15625	75.78125	5.46875	92.96875	10.15625	96.09375	30.46875	58.59375	61.71875	97.65625
sim9605	100	0.67578125	0.195078125	150.390625	0.79296875	0.41015625	0.060078125	162.109375	0.00390625	0.100859375	376.953125	722.65625	0.51953125	310.546875	1191.40625	0.41796875	0.178203125	443.359375	1582.03125	0.53515625	345.703125	1542.96875	0.53515625	0.164140625	228.515625	4667.96875	0.70703125	0.895703125	0.808984375	0.736328125	0.919140625	0.942578125	0.685546875	0.717578125	0.895703125	0.982421875	0.811328125	0.669921875	0.820703125	0.839453125	0.708203125	0.544921875	0.745703125	0.736328125	28.515625	84.765625	91.015625	47.265625	62.890625	87.109375	18.359375	94.921875	67.578125	97.265625	30.078125	79.296875
sim9641	100	0.94140625	0.046015625	439.453125	0.87109375	0.83203125	0.197890625	341.796875	0.11328125	0.036171875	447.265625	2832.03125	0.16015625	365.234375	19.53125	0.90234375	0.164140625	248.046875	1347.65625	0.14453125	369.140625	1464.84375	0.95703125	0.048828125	95.703125	1308.59375	0.25390625	0.834765625	0.785546875	0.900390625	0.895703125	0.975390625	0.880859375	0.947265625	0.994140625	0.927734375	0.928515625	0.708984375	0.741015625	0.712890625	0.881640625	0.974609375	0.853515625	0.650390625	39.453125	48.828125	33.203125	45.703125	58.203125	26.171875	54.296875	93.359375	94.140625	14.453125	87.890625	87.109375
sim9652	100	0.59765625	0.175390625	267.578125	0.90234375	0.48828125	0.147265625	451.171875	0.64453125	0.143046875	212.890625	3613.28125	0.25390625	380.859375	3300.78125	0.12109375	0.034765625	13.671875	1816.40625	0.86328125	228.515625	1308.59375	0.36328125	0.054453125	236.328125	3964.84375	0.78515625	0.900390625	0.757421875	0.722265625	0.998828125	0.797265625	0.896484375	0.919140625	0.703515625	0.849609375	0.937890625	0.880859375	0.825390625	0.778515625	0.741015625	0.646484375	0.712890625	0.697265625	5.078125	1.953125	98.828125	55.078125	17.578125	10.546875	19.921875	90.234375	59.765625	86.328125	53.515625	90.234375
sim9691	100	0.99609375	0.100859375	123.046875	0.89453125	0.19921875	0.061484375	361.328125	0.15234375	0.181015625	146.484375	1464.84375	0.40234375	251.953125	527.34375	0.39453125	0.089609375	48.828125	4667.96875	0.88671875	326.171875	722.65625	0.85546875	0.106484375	208.984375	3535.15625	0.18359375	0.757421875	0.872265625	0.968359375	0.860546875	0.907421875	0.978515625	0.958984375	0.902734375	0.509765625	0.987109375	0.775390625	0.968359375	0.733984375	0.888671875	0.501953125	0.752734375	0.794921875	16.796875	27.734375	30.859375	96.484375	85.546875	42.578125	81.640625	84.765625	99.609375	44.921875	24.609375	89.453125
sim9759	100	0.15625	0.059375	78.125	0.96875	0.40625	0.025625	265.625	0.96875	0.104375	390.625	4531.25	0.15625	109.375	2031.25	0.71875	0.036875	109.375	4218.75	0.71875	15.625	3906.25	0.90625	0.171875	15.625	1406.25	0.78125	0.728125	0.765625	0.990625	0.878125	0.990625	0.890625	0.746875	0.765625	0.578125	0.990625	0.578125	0.709375	0.859375	0.990625	0.734375	0.934375	0.953125	15.625	21.875	40.625	71.875	96.875	59.375	96.875	78.125	15.625	21.875	15.625	96.875
sim9774	100	0.109375	0.0396875	460.9375	0.828125	0.484375	0.1128125	117.1875	0.359375	0.1353125	195.3125	2265.625	0.921875	195.3125	4921.875	0.796875	0.1859375	429.6875	4140.625	0.921875	398.4375	3828.125	0.234375	0.0453125	7.8125	2109.375	0.703125	0.7234375	0.7984375	0.9859375	0.9578125	0.8171875	0.6796875	0.8828125	0.8828125	0.7109375	0.7984375	0.8046875	0.7046875	0.9203125	0.9578125	0.5703125	0.9671875	0.9765625	42.1875	89.0625	48.4375	29.6875	45.3125	35.9375	89.0625	85.9375	10.9375	10.9375	92.1875	82.8125
sim9820	100	0.0703125	0.07203125	97.65625	0.9296875	0.6015625	0.06640625	82.03125	0.3984375	0.08046875	394.53125	3398.4375	0.6328125	183.59375	4492.1875	0.3046875	0.06640625	363.28125	2460.9375	0.1640625	417.96875	3320.3125	0.0703125	0.10296875	183.59375	3007.8125	0.8515625	0.80078125	0.86640625	0.91796875	0.98359375	0.77265625	0.70703125	0.87109375	0.93671875	0.84765625	0.82890625	0.78515625	0.92734375	0.89921875	0.96953125	0.91796875	0.78671875	0.58984375	13.28125	86.71875	39.84375	80.46875	22.65625	44.53125	74.21875	91.40625	7.03125	28.90625	19.53125	92.96875
sim9840	100	0.3046875	0.12546875	308.59375	0.9765625	0.1484375	0.11421875	417.96875	0.4765625	0.05515625	464.84375	507.8125	0.0546875	238.28125	4257.8125	0.7578125	0.09734375	74.21875	2070.3125	0.5234375	425.78125	3398.4375	0.4296875	0.12265625	50.78125	1054.6875	0.1796875	0.85234375	0.88046875	0.71640625	0.97890625	0.73046875	0.98046875	0.79140625	0.87578125	0.80859375	0.99296875	0.65234375	0.85703125	0.95078125	0.84296875	0.59765625	0.97890625	0.55078125	5.46875	47.65625	85.15625	75.78125	5.46875	92.96875	10.15625	96.09375	30.46875	58.59375	61.71875	97.65625
sim9861	100	0.67578125	0.195078125	150.390625	0.79296875	0.41015625	0.060078125	162.109375	0.00390625	0.100859375	376.953125	722.65625	0.51953125	310.546875	1191.40625	0.41796875	0.178203125	443.359375	1582.03125	0.53515625	345.703125	1542.96875	0.53515625	0.164140625	228.515625	4667.96875	0.70703125	0.895703125	0.808984375	0.736328125	0.919140625	0.942578125	0.685546875	0.717578125	0.895703125	0.982421875	0.933203125	0.529296875	0.820703125	0.839453125	0.708203125	0.544921875	0.745703125	0.736328125	28.515625	84.765625	91.015625	47.265625	62.890625	87.109375	18.359375	94.921875	67.578125	97.265625	30.078125	79.296875
sim9897	100	0.94140625	0.046015625	439.453125	0.87109375	0.83203125	0.197890625	341.796875	0.11328125	0.036171875	447.265625	2832.03125	0.16015625	365.234375	19.53125	0.90234375	0.164140625	248.046875	1347.65625	0.14453125	369.140625	1464.84375	0.95703125	0.048828125	95.703125	1308.59375	0.25390625	0.834765625	0.785546875	0.900390625	0.895703125	0.975390625	0.880859375	0.947265625	0.994140625	0.927734375	0.797265625	0.912109375	0.741015625	0.712890625	0.881640625	0.974609375	0.853515625	0.650390625	39.453125	48.828125	33.203125	45.703125	58.203125	26.171875	54.296875	93.359375	94.140625	14.453125	87.890625	87.109375
sim9908	100	0.59765625	0.175390625	267.578125	0.90234375	0.48828125	0.147265625	451.171875	0.64453125	0.143046875	212.890625	3613.28125	0.25390625	380.859375	3300.78125	0.12109375	0.034765625	13.671875	1816.40625	0.86328125	228.515625	1308.59375	0.36328125	0.054453125	236.328125	3964.84375	0.78515625	0.900390625	0.757421875	0.722265625	0.998828125	0.797265625	0.896484375	0.919140625	0.703515625	0.849609375	0.825390625	0.865234375	0.825390625	0.778515625	0.741015625	0.646484375	0.712890625	0.697265625	5.078125	1.953125	98.828125	55.078125	17.578125	10.546875	19.921875	90.234375	59.765625	86.328125	53.515625	90.234375
sim10015	100	0.15625	0.059375	78.125	0.96875	0.40625	0.025625	265.625	0.96875	0.104375	390.625	4531.25	0.15625	109.375	2031.25	0.71875	0.036875	109.375	4218.75	0.71875	15.625	3906.25	0.90625	0.171875	15.625	1406.25	0.78125	0.728125	0.765625	0.990625	0.878125	0.990625	0.890625	0.746875	0.765625	0.578125	0.990625	0.703125	0.765625	0.859375	0.990625	0.734375	0.934375	0.953125	15.625	21.875	40.625	71.875	96.875	59.375	96.875	78.125	15.625	21.875	15.625	96.875
sim10030	100	0.109375	0.0396875	460.9375	0.828125	0.484375	0.1128125	117.1875	0.359375	0.1353125	195.3125	2265.625	0.921875	195.3125	4921.875	0.796875	0.1859375	429.6875	4140.625	0.921875	398.4375	3828.125	0.234375	0.0453125	7.8125	2109.375	0.703125	0.7234375	0.7984375	0.9859375	0.9578125	0.8171875	0.6796875	0.8828125	0.8828125	0.7109375	0.7984375	0.9921875	0.8828125	0.9203125	0.9578125	0.5703125	0.9671875	0.9765625	42.1875	89.0625	48.4375	29.6875	45.3125	35.9375	89.0625	85.9375	10.9375	10.9375	92.1875	82.8125
sim10076	100	0.0703125	0.07203125	97.65625	0.9296875	0.6015625	0.06640625	82.03125	0.3984375	0.08046875	394.53125	3398.4375	0.6328125	183.59375	4492.1875	0.3046875	0.06640625	363.28125	2460.9375	0.1640625	417.96875	3320.3125	0.0703125	0.10296875	183.59375	3007.8125	0.8515625	0.80078125	0.86640625	0.91796875	0.98359375	0.77265625	0.70703125	0.87109375	0.93671875	0.84765625	0.82890625	0.55078125	0.93671875	0.89921875	0.96953125	0.91796875	0.78671875	0.58984375	13.28125	86.71875	39.84375	80.46875	22.65625	44.53125	74.21875	91.40625	7.03125	28.90625	19.53125	92.96875
sim10096	100	0.3046875	0.12546875	308.59375	0.9765625	0.1484375	0.11421875	417.96875	0.4765625	0.05515625	464.84375	507.8125	0.0546875	238.28125	4257.8125	0.7578125	0.09734375	74.21875	2070.3125	0.5234375	425.78125	3398.4375	0.4296875	0.12265625	50.78125	1054.6875	0.1796875	0.85234375	0.88046875	0.71640625	0.97890625	0.73046875	0.98046875	0.79140625	0.87578125	0.80859375	0.99296875	0.57421875	0.87578125	0.95078125	0.84296875	0.59765625	0.97890625	0.55078125	5.46875	47.65625	85.15625	75.78125	5.46875	92.96875	10.15625	96.09375	30.46875	58.59375	61.71875	97.65625
sim10117	100	0.67578125	0.195078125	150.390625	0.79296875	0.41015625	0.060078125	162.109375	0.00390625	0.100859375	376.953125	722.65625	0.51953125	310.546875	1191.40625	0.41796875	0.178203125	443.359375	1582.03125	0.53515625	345.703125	1542.96875	0.53515625	0.164140625	228.515625	4667.96875	0.70703125	0.895703125	0.808984375	0.736328125	0.919140625	0.942578125	0.685546875	0.717578125	0.895703125	0.982421875	0.933203125	0.669921875	0.895703125	0.839453125	0.708203125	0.544921875	0.745703125	0.736328125	28.515625	84.765625	91.015625	47.265625	62.890625	87.109375	18.359375	94.921875	67.578125	97.265625	30.078125	79.296875
sim10153	100	0.94140625	0.046015625	439.453125	0.87109375	0.83203125	0.197890625	341.796875	0.11328125	0.036171875	447.265625	2832.03125	0.16015625	365.234375	19.53125	0.90234375	0.164140625	248.046875	1347.65625	0.14453125	369.140625	1464.84375	0.95703125	0.048828125	95.703125	1308.59375	0.25390625	0.834765625	0.785546875	0.900390625	0.895703125	0.975390625	0.880859375	0.947265625	0.994140625	0.927734375	0.797265625	0.708984375	0.994140625	0.712890625	0.881640625	0.974609375	0.853515625	0.650390625	39.453125	48.828125	33.203125	45.703125	58.203125	26.171875	54.296875	93.359375	94.140625	14.453125	87.890625	87.109375
sim10164	100	0.59765625	0.175390625	267.578125	0.90234375	0.48828125	0.147265625	451.171875	0.64453125	0.143046875	212.890625	3613.28125	0.25390625	380.859375	3300.78125	0.12109375	0.034765625	13.671875	1816.40625	0.86328125	228.515625	1308.59375	0.36328125	0.054453125	236.328125	3964.84375	0.78515625	0.900390625	0.757421875	0.722265625	0.998828125	0.797265625	0.896484375	0.919140625	0.703515625	0.849609375	0.825390625	0.880859375	0.703515625	0.778515625	0.741015625	0.646484375	0.712890625	0.697265625	5.078125	1.953125	98.828125	55.078125	17.578125	10.546875	19.921875	90.234375	59.765625	86.328125	53.515625	90.234375
sim10271	100	0.15625	0.059375	78.125	0.96875	0.40625	0.025625	265.625	0.96875	0.104375	390.625	4531.25	0.15625	109.375	2031.25	0.71875	0.036875	109.375	4218.75	0.71875	15.625	3906.25	0.90625	0.171875	15.625	1406.25	0.78125	0.728125	0.765625	0.990625	0.878125	0.990625	0.890625	0.746875	0.765625	0.578125	0.990625	0.703125	0.709375	0.746875	0.990625	0.734375	0.934375	0.953125	15.625	21.875	40.625	71.875	96.875	59.375	96.875	78.125	15.625	21.875	15.625	96.875
sim10286	100	0.109375	0.0396875	460.9375	0.828125	0.484375	0.1128125	117.1875	0.359375	0.1353125	195.3125	2265.625	0.921875	195.3125	4921.875	0.796875	0.1859375	429.6875	4140.625	0.921875	398.4375	3828.125	0.234375	0.0453125	7.8125	2109.375	0.703125	0.7234375	0.7984375	0.9859375	0.9578125	0.8171875	0.6796875	0.8828125	0.8828125	0.7109375	0.7984375	0.9921875	0.7046875	0.8265625	0.9578125	0.5703125	0.9671875	0.9765625	42.1875	89.0625	48.4375	29.6875	45.3125	35.9375	89.0625	85.9375	10.9375	10.9375	92.1875	82.8125
sim10332	100	0.0703125	0.07203125	97.65625	0.9296875	0.6015625	0.06640625	82.03125	0.3984375	0.08046875	394.53125	3398.4375	0.6328125	183.59375	4492.1875	0.3046875	0.06640625	363.28125	2460.9375	0.1640625	417.96875	3320.3125	0.0703125	0.10296875	183.59375	3007.8125	0.8515625	0.80078125	0.86640625	0.91796875	0.98359375	0.77265625	0.70703125	0.87109375	0.93671875	0.84765625	0.82890625	0.55078125	0.92734375	0.90859375	0.96953125	0.91796875	0.78671875	0.58984375	13.28125	86.71875	39.84375	80.46875	22.65625	44.53125	74.21875	91.40625	7.03125	28.90625	19.53125	92.96875
sim10352	100	0.3046875	0.12546875	308.59375	0.9765625	0.1484375	0.11421875	417.96875	0.4765625	0.05515625	464.84375	507.8125	0.0546875	238.28125	4257.8125	0.7578125	0.09734375	74.21875	2070.3125	0.5234375	425.78125	3398.4375	0.4296875	0.12265625	50.78125	1054.6875	0.1796875	0.85234375	0.88046875	0.71640625	0.97890625	0.73046875	0.98046875	0.79140625	0.87578125	0.80859375	0.99296875	0.57421875	0.85703125	0.88515625	0.84296875	0.59765625	0.97890625	0.55078125	5.46875	47.65625	85.15625	75.78125	5.46875	92.96875	10.15625	96.09375	30.46875	58.59375	61.71875	97.65625
sim10373	100	0.67578125	0.195078125	150.390625	0.79296875	0.41015625	0.060078125	162.109375	0.00390625	0.100859375	376.953125	722.65625	0.51953125	310.546875	1191.40625	0.41796875	0.178203125	443.359375	1582.03125	0.53515625	345.703125	1542.96875	0.53515625	0.164140625	228.515625	4667.96875	0.70703125	0.895703125	0.808984375	0.736328125	0.919140625	0.942578125	0.685546875	0.717578125	0.895703125	0.982421875	0.933203125	0.669921875	0.820703125	0.989453125	0.708203125	0.544921875	0.745703125	0.736328125	28.515625	84.765625	91.015625	47.265625	62.890625	87.109375	18.359375	94.921875	67.578125	97.265625	30.078125	79.296875
sim10409	100	0.94140625	0.046015625	439.453125	0.87109375	0.83203125	0.197890625	341.796875	0.11328125	0.036171875	447.265625	2832.03125	0.16015625	365.234375	19.53125	0.90234375	0.164140625	248.046875	1347.65625	0.14453125	369.140625	1464.84375	0.95703125	0.048828125	95.703125	1308.59375	0.25390625	0.834765625	0.785546875	0.900390625	0.895703125	0.975390625	0.880859375	0.947265625	0.994140625	0.927734375	0.797265625	0.708984375	0.741015625	0.956640625	0.881640625	0.974609375	0.853515625	0.650390625	39.453125	48.828125	33.203125	45.703125	58.203125	26.171875	54.296875	93.359375	94.140625	14.453125	87.890625	87.109375
sim10420	100	0.59765625	0.175390625	267.578125	0.90234375	0.48828125	0.147265625	451.171875	0.64453125	0.143046875	212.890625	3613.28125	0.25390625	380.859375	3300.78125	0.12109375	0.034765625	13.671875	1816.40625	0.86328125	228.515625	1308.59375	0.36328125	0.054453125	236.328125	3964.84375	0.78515625	0.900390625	0.757421875	0.722265625	0.998828125	0.797265625	0.896484375	0.919140625	0.703515625	0.849609375	0.825390625	0.880859375	0.825390625	0.909765625	0.741015625	0.646484375	0.712890625	0.697265625	5.078125	1.953125	98.828125	55.078125	17.578125	10.546875	19.921875	90.234375	59.765625	86.328125	53.515625	90.234375
sim10527	100	0.15625	0.059375	78.125	0.96875	0.40625	0.025625	265.625	0.96875	0.104375	390.625	4531.25	0.15625	109.375	2031.25	0.71875	0.036875	109.375	4218.75	0.71875	15.625	3906.25	0.90625	0.171875	15.625	1406.25	0.78125	0.728125	0.765625	0.990625	0.878125	0.990625	0.890625	0.746875	0.765625	0.578125	0.990625	0.703125	0.709375	0.859375	0.990625	0.734375	0.934375	0.953125	15.625	21.875	40.625	71.875	96.875	59.375	96.875	78.125	15.625	21.875	15.625	96.875
sim10542	100	0.109375	0.0396875	460.9375	0.828125	0.484375	0.1128125	117.1875	0.359375	0.1353125	195.3125	2265.625	0.921875	195.3125	4921.875	0.796875	0.1859375	429.6875	4140.625	0.921875	398.4375	3828.125	0.234375	0.0453125	7.8125	2109.375	0.703125	0.7234375	0.7984375	0.9859375	0.9578125	0.8171875	0.6796875	0.8828125	0.8828125	0.7109375	0.7984375	0.9921875	0.7046875	0.9203125	0.7984375	0.5703125	0.9671875	0.9765625	42.1875	89.0625	48.4375	29.6875	45.3125	35.9375	89.0625	85.9375	10.9375	10.9375	92.1875	82.8125
sim10588	100	0.0703125	0.07203125	97.65625	0.9296875	0.6015625	0.06640625	82.03125	0.3984375	0.08046875	394.53125	3398.4375	0.6328125	183.59375	4492.1875	0.3046875	0.06640625	363.28125	2460.9375	0.1640625	417.96875	3320.3125	0.0703125	0.10296875	183.59375	3007.8125	0.8515625	0.80078125	0.86640625	0.91796875	0.98359375	0.77265625	0.70703125	0.87109375	0.93671875	0.84765625	0.82890625	0.55078125	0.92734375	0.89921875	0.82890625	0.91796875	0.78671875	0.58984375	13.28125	86.71875	39.84375	80.46875	22.65625	44.53125	74.21875	91.40625	7.03125	28.90625	19.53125	92.96875
sim10608	100	0.3046875	0.12546875	308.59375	0.9765625	0.1484375	0.11421875	417.96875	0.4765625	0.05515625	464.84375	507.8125	0.0546875	238.28125	4257.8125	0.7578125	0.09734375	74.21875	2070.3125	0.5234375	425.78125	3398.4375	0.4296875	0.12265625	50.78125	1054.6875	0.1796875	0.85234375	0.88046875	0.71640625	0.97890625	0.73046875	0.98046875	0.79140625	0.87578125	0.80859375	0.99296875	0.57421875	0.85703125	0.95078125	0.99296875	0.59765625	0.97890625	0.55078125	5.46875	47.65625	85.15625	75.78125	5.46875	92.96875	10.15625	96.09375	30.46875	58.59375	61.71875	97.65625
sim10629	100	0.67578125	0.195078125	150.390625	0.79296875	0.41015625	0.060078125	162.109375	0.00390625	0.100859375	376.953125	722.65625	0.51953125	310.546875	1191.40625	0.41796875	0.178203125	443.359375	1582.03125	0.53515625	345.703125	1542.96875	0.53515625	0.164140625	228.515625	4667.96875	0.70703125	0.895703125	0.808984375	0.736328125	0.919140625	0.942578125	0.685546875	0.717578125	0.895703125	0.982421875	0.933203125	0.669921875	0.820703125	0.839453125	0.933203125	0.544921875	0.745703125	0.736328125	28.515625	84.765625	91.015625	47.265625	62.890625	87.109375	18.359375	94.921875	67.578125	97.265625	30.078125	79.296875
sim10665	100	0.94140625	0.046015625	439.453125	0.87109375	0.83203125	0.197890625	341.796875	0.11328125	0.036171875	447.265625	2832.03125	0.16015625	365.234375	19.53125	0.90234375	0.164140625	248.046875	1347.65625	0.14453125	369.140625	1464.84375	0.95703125	0.048828125	95.703125	1308.59375	0.25390625	0.834765625	0.785546875	0.900390625	0.895703125	0.975390625	0.880859375	0.947265625	0.994140625	0.927734375	0.797265625	0.708984375	0.741015625	0.712890625	0.797265625	0.974609375	0.853515625	0.650390625	39.453125	48.828125	33.203125	45.703125	58.203125	26.171875	54.296875	93.359375	94.140625	14.453125	87.890625	87.109375
sim10676	100	0.59765625	0.175390625	267.578125	0.90234375	0.48828125	0.147265625	451.171875	0.64453125	0.143046875	212.890625	3613.28125	0.25390625	380.859375	3300.78125	0.12109375	0.034765625	13.671875	1816.40625	0.86328125	228.515625	1308.59375	0.36328125	0.054453125	236.328125	3964.84375	0.78515625	0.900390625	0.757421875	0.722265625	0.998828125	0.797265625	0.896484375	0.919140625	0.703515625	0.849609375	0.825390625	0.880859375	0.825390625	0.778515625	0.825390625	0.646484375	0.712890625	0.697265625	5.078125	1.953125	98.828125	55.078125	17.578125	10.546875	19.921875	90.234375	59.765625	86.328125	53.515625	90.234375
sim10724	100	0.10546875	0.137421875	333.984375	0.97265625	0.83984375	0.182421875	244.140625	0.07421875	0.093828125	44.921875	761.71875	0.32421875	337.890625	1855.46875	0.25390625	0.114921875	150.390625	2246.09375	0.40234375	474.609375	2988.28125	0.24609375	0.193671875	169.921875	2519.53125	0.51171875	0.715234375	0.830078125	0.879296875	0.808984375	0.771484375	0.533203125	0.916796875	0.991796875	0.533203125	0.987109375	0.955078125	0.916796875	0.804296875	0.987109375	0.525390625	0.982421875	0.740234375	62.109375	91.796875	54.296875	32.421875	15.234375	22.265625	86.328125	73.828125	10.546875	65.234375	66.796875	97.265625
sim10783	100	0.15625	0.059375	78.125	0.96875	0.40625	0.025625	265.625	0.96875	0.104375	390.625	4531.25	0.15625	109.375	2031.25	0.71875	0.036875	109.375	4218.75	0.71875	15.625	3906.25	0.90625	0.171875	15.625	1406.25	0.78125	0.728125	0.765625	0.990625	0.878125	0.990625	0.890625	0.746875	0.765625	0.578125	0.990625	0.703125	0.709375	0.859375	0.990625	0.703125	0.934375	0.953125	15.625	21.875	40.625	71.875	96.875	59.375	96.875	78.125	15.625	21.875	15.625	96.875
sim10798	100	0.109375	0.0396875	460.9375	0.828125	0.484375	0.1128125	117.1875	0.359375	0.1353125	195.3125	2265.625	0.921875	195.3125	4921.875	0.796875	0.1859375	429.6875	4140.625	0.921875	398.4375	3828.125	0.234375	0.0453125	7.8125	2109.375	0.703125	0.7234375	0.7984375	0.9859375	0.9578125	0.8171875	0.6796875	0.8828125	0.8828125	0.7109375	0.7984375	0.9921875	0.7046875	0.9203125	0.9578125	0.9921875	0.9671875	0.9765625	42.1875	89.0625	48.4375	29.6875	45.3125	35.9375	89.0625	85.9375	10.9375	10.9375	92.1875	82.8125
sim10844	100	0.0703125	0.07203125	97.65625	0.9296875	0.6015625	0.06640625	82.03125	0.3984375	0.08046875	394.53125	3398.4375	0.6328125	183.59375	4492.1875	0.3046875	0.06640625	363.28125	2460.9375	0.1640625	417.96875	3320.3125	0.0703125	0.10296875	183.59375	3007.8125	0.8515625	0.80078125	0.86640625	0.91796875	0.98359375	0.77265625	0.70703125	0.87109375	0.93671875	0.84765625	0.82890625	0.55078125	0.92734375	0.89921875	0.96953125	0.55078125	0.78671875	0.58984375	13.28125	86.71875	39.84375	80.46875	22.65625	44.53125	74.21875	91.40625	7.03125	28.90625	19.53125	92.96875
sim10864	100	0.3046875	0.12546875	308.59375	0.9765625	0.1484375	0.11421875	417.96875	0.4765625	0.05515625	464.84375	507.8125	0.0546875	238.28125	4257.8125	0.7578125	0.09734375	74.21875	2070.3125	0.5234375	425.78125	3398.4375	0.4296875	0.12265625	50.78125	1054.6875	0.1796875	0.85234375	0.88046875	0.71640625	0.97890625	0.73046875	0.98046875	0.79140625	0.87578125	0.80859375	0.99296875	0.57421875	0.85703125	0.95078125	0.84296875	0.57421875	0.97890625	0.55078125	5.46875	47.65625	85.15625	75.78125	5.46875	92.96875	10.15625	96.09375	30.46875	58.59375	61.71875	97.65625
sim10885	100	0.67578125	0.195078125	150.390625	0.79296875	0.41015625	0.060078125	162.109375	0.00390625	0.100859375	376.953125	722.65625	0.51953125	310.546875	1191.40625	0.41796875	0.178203125	443.359375	1582.03125	0.53515625	345.703125	1542.96875	0.53515625	0.164140625	228.515625	4667.96875	0.70703125	0.895703125	0.808984375	0.736328125	0.919140625	0.942578125	0.685546875	0.717578125	0.895703125	0.982421875	0.933203125	0.669921875	0.820703125	0.839453125	0.708203125	0.669921875	0.745703125	0.736328125	28.515625	84.765625	91.015625	47.265625	62.890625	87.109375	18.359375	94.921875	67.578125	97.265625	30.078125	79.296875
sim10921	100	0.94140625	0.046015625	439.453125	0.87109375	0.83203125	0.197890625	341.796875	0.11328125	0.036171875	447.265625	2832.03125	0.16015625	365.234375	19.53125	0.90234375	0.164140625	248.046875	1347.65625	0.14453125	369.140625	1464.84375	0.95703125	0.048828125	95.703125	1308.59375	0.25390625	0.834765625	0.785546875	0.900390625	0.895703125	0.975390625	0.880859375	0.947265625	0.994140625	0.927734375	0.797265625	0.708984375	0.741015625	0.712890625	0.881640625	0.708984375	0.853515625	0.650390625	39.453125	48.828125	33.203125	45.703125	58.203125	26.171875	54.296875	93.359375	94.140625	14.453125	87.890625	87.109375
sim10932	100	0.59765625	0.175390625	267.578125	0.90234375	0.48828125	0.147265625	451.171875	0.64453125	0.143046875	212.890625	3613.28125	0.25390625	380.859375	3300.78125	0.12109375	0.034765625	13.671875	1816.40625	0.86328125	228.515625	1308.59375	0.36328125	0.054453125	236.328125	3964.84375	0.78515625	0.900390625	0.757421875	0.722265625	0.998828125	0.797265625	0.896484375	0.919140625	0.703515625	0.849609375	0.825390625	0.880859375	0.825390625	0.778515625	0.741015625	0.880859375	0.712890625	0.697265625	5.078125	1.953125	98.828125	55.078125	17.578125	10.546875	19.921875	90.234375	59.765625	86.328125	53.515625	90.234375
sim11039	100	0.15625	0.059375	78.125	0.96875	0.40625	0.025625	265.625	0.96875	0.104375	390.625	4531.25	0.15625	109.375	2031.25	0.71875	0.036875	109.375	4218.75	0.71875	15.625	3906.25	0.90625	0.171875	15.625	1406.25	0.78125	0.728125	0.765625	0.990625	0.878125	0.990625	0.890625	0.746875	0.765625	0.578125	0.990625	0.703125	0.709375	0.859375	0.990625	0.734375	0.709375	0.953125	15.625	21.875	40.625	71.875	96.875	59.375	96.875	78.125	15.625	21.875	15.625	96.875
sim11054	100	0.109375	0.0396875	460.9375	0.828125	0.484375	0.1128125	117.1875	0.359375	0.1353125	195.3125	2265.625	0.921875	195.3125	4921.875	0.796875	0.1859375	429.6875	4140.625	0.921875	398.4375	3828.125	0.234375	0.0453125	7.8125	2109.375	0.703125	0.7234375	0.7984375	0.9859375	0.9578125	0.8171875	0.6796875	0.8828125	0.8828125	0.7109375	0.7984375	0.9921875	0.7046875	0.9203125	0.9578125	0.5703125	0.7046875	0.9765625	42.1875	89.0625	48.4375	29.6875	45.3125	35.9375	89.0625	85.9375	10.9375	10.9375	92.1875	82.8125
sim11100	100	0.0703125	0.07203125	97.65625	0.9296875	0.6015625	0.06640625	82.03125	0.3984375	0.08046875	394.53125	3398.4375	0.6328125	183.59375	4492.1875	0.3046875	0.06640625	363.28125	2460.9375	0.1640625	417.96875	3320.3125	0.0703125	0.10296875	183.59375	3007.8125	0.8515625	0.80078125	0.86640625	0.91796875	0.98359375	0.77265625	0.70703125	0.87109375	0.93671875	0.84765625	0.82890625	0.55078125	0.92734375	0.89921875	0.96953125	0.91796875	0.92734375	0.58984375	13.28125	86.71875	39.84375	80.46875	22.65625	44.53125	74.21875	91.40625	7.03125	28.90625	19.53125	92.96875
sim11120	100	0.3046875	0.12546875	308.59375	0.9765625	0.1484375	0.11421875	417.96875	0.4765625	0.05515625	464.84375	507.8125	0.0546875	238.28125	4257.8125	0.7578125	0.09734375	74.21875	2070.3125	0.5234375	425.78125	3398.4375	0.4296875	0.12265625	50.78125	1054.6875	0.1796875	0.85234375	0.88046875	0.71640625	0.97890625	0.73046875	0.98046875	0.79140625	0.87578125	0.80859375	0.99296875	0.57421875	0.85703125	0.95078125	0.84296875	0.59765625	0.85703125	0.55078125	5.46875	47.65625	85.15625	75.78125	5.46875	92.96875	10.15625	96.09375	30.46875	58.59375	61.71875	97.65625
sim11141	100	0.67578125	0.195078125	150.390625	0.79296875	0.41015625	0.060078125	162.109375	0.00390625	0.100859375	376.953125	722.65625	0.51953125	310.546875	1191.40625	0.41796875	0.178203125	443.359375	1582.03125	0.53515625	345.703125	1542.96875	0.53515625	0.164140625	228.515625	4667.96875	0.70703125	0.895703125	0.808984375	0.736328125	0.919140625	0.942578125	0.685546875	0.717578125	0.895703125	0.982421875	0.933203125	0.669921875	0.820703125	0.839453125	0.708203125	0.544921875	0.820703125	0.736328125	28.515625	84.765625	91.015625	47.265625	62.890625	87.109375	18.359375	94.921875	67.578125	97.265625	30.078125	79.296875
sim11177	100	0.94140625	0.046015625	439.453125	0.87109375	0.83203125	0.197890625	341.796875	0.11328125	0.036171875	447.265625	2832.03125	0.16015625	365.234375	19.53125	0.90234375	0.164140625	248.046875	1347.65625	0.14453125	369.140625	1464.84375	0.95703125	0.048828125	95.703125	1308.59375	0.25390625	0.834765625	0.785546875	0.900390625	0.895703125	0.975390625	0.880859375	0.947265625	0.994140625	0.927734375	0.797265625	0.708984375	0.741015625	0.712890625	0.881640625	0.974609375	0.741015625	0.650390625	39.453125	48.828125	33.203125	45.703125	58.203125	26.171875	54.296875	93.359375	94.140625	14.453125	87.890625	87.109375
sim11188	100	0.59765625	0.175390625	267.578125	0.90234375	0.48828125	0.147265625	451.171875	0.64453125	0.143046875	212.890625	3613.28125	0.25390625	380.859375	3300.78125	0.12109375	0.034765625	13.671875	1816.40625	0.86328125	228.515625	1308.59375	0.36328125	0.054453125	236.328125	3964.84375	0.78515625	0.900390625	0.757421875	0.722265625	0.998828125	0.797265625	0.896484375	0.919140625	0.703515625	0.849609375	0.825390625	0.880859375	0.825390625	0.778515625	0.741015625	0.646484375	0.825390625	0.697265625	5.078125	1.953125	98.828125	55.078125	17.578125	10.546875	19.921875	90.234375	59.765625	86.328125	53.515625	90.234375
sim11227	100	0.99609375	0.100859375	123.046875	0.89453125	0.19921875	0.061484375	361.328125	0.15234375	0.181015625	146.484375	1464.84375	0.40234375	251.953125	527.34375	0.39453125	0.089609375	48.828125	4667.96875	0.88671875	326.171875	722.65625	0.85546875	0.106484375	208.984375	3535.15625	0.18359375	0.757421875	0.872265625	0.968359375	0.860546875	0.907421875	0.978515625	0.958984375	0.902734375	0.509765625	0.823046875	0.775390625	0.968359375	0.733984375	0.888671875	0.501953125	0.968359375	0.794921875	16.796875	27.734375	30.859375	96.484375	85.546875	42.578125	81.640625	84.765625	99.609375	44.921875	24.609375	89.453125
sim11242	100	0.79296875	0.081171875	490.234375	0.78515625	0.15234375	0.148671875	25.390625	0.51171875	0.060078125	451.171875	4199.21875	0.63671875	431.640625	2792.96875	0.06640625	0.126171875	494.140625	4433.59375	0.71484375	193.359375	800.78125	0.05859375	0.114921875	201.171875	2832.03125	0.32421875	0.771484375	0.998828125	0.973046875	0.940234375	0.752734375	0.689453125	0.823046875	0.710546875	0.626953125	0.930859375	0.548828125	0.973046875	0.748046875	0.855859375	0.681640625	0.973046875	0.771484375	43.359375	60.546875	35.546875	1.171875	33.984375	66.015625	80.078125	80.078125	79.296875	33.984375	98.046875	78.515625
sim11295	100	0.15625	0.059375	78.125	0.96875	0.40625	0.025625	265.625	0.96875	0.104375	390.625	4531.25	0.15625	109.375	2031.25	0.71875	0.036875	109.375	4218.75	0.71875	15.625	3906.25	0.90625	0.171875	15.625	1406.25	0.78125	0.728125	0.765625	0.990625	0.878125	0.990625	0.890625	0.746875	0.765625	0.578125	0.990625	0.703125	0.709375	0.859375	0.990625	0.734375	0.934375	0.765625	15.625	21.875	40.625	71.875	96.875	59.375	96.875	78.125	15.625	21.875	15.625	96.875
sim11310	100	0.109375	0.0396875	460.9375	0.828125	0.484375	0.1128125	117.1875	0.359375	0.1353125	195.3125	2265.625	0.921875	195.3125	4921.875	0.796875	0.1859375	429.6875	4140.625	0.921875	398.4375	3828.125	0.234375	0.0453125	7.8125	2109.375	0.703125	0.7234375	0.7984375	0.9859375	0.9578125	0.8171875	0.6796875	0.8828125	0.8828125	0.7109375	0.7984375	0.9921875	0.7046875	0.9203125	0.9578125	0.5703125	0.9671875	0.8671875	42.1875	89.0625	48.4375	29.6875	45.3125	35.9375	89.0625	85.9375	10.9375	10.9375	92.1875	82.8125
sim11356	100	0.0703125	0.07203125	97.65625	0.9296875	0.6015625	0.06640625	82.03125	0.3984375	0.08046875	394.53125	3398.4375	0.6328125	183.59375	4492.1875	0.3046875	0.06640625	363.28125	2460.9375	0.1640625	417.96875	3320.3125	0.0703125	0.10296875	183.59375	3007.8125	0.8515625	0.80078125	0.86640625	0.91796875	0.98359375	0.77265625	0.70703125	0.87109375	0.93671875	0.84765625	0.82890625	0.55078125	0.92734375	0.89921875	0.96953125	0.91796875	0.78671875	0.83203125	13.28125	86.71875	39.84375	80.46875	22.65625	44.53125	74.21875	91.40625	7.03125	28.90625	19.53125	92.96875
sim11376	100	0.3046875	0.12546875	308.59375	0.9765625	0.1484375	0.11421875	417.96875	0.4765625	0.05515625	464.84375	507.8125	0.0546875	238.28125	4257.8125	0.7578125	0.09734375	74.21875	2070.3125	0.5234375	425.78125	3398.4375	0.4296875	0.12265625	50.78125	1054.6875	0.1796875	0.85234375	0.88046875	0.71640625	0.97890625	0.73046875	0.98046875	0.79140625	0.87578125	0.80859375	0.99296875	0.57421875	0.85703125	0.95078125	0.84296875	0.59765625	0.97890625	0.91796875	5.46875	47.65625	85.15625	75.78125	5.46875	92.96875	10.15625	96.09375	30.46875	58.59375	61.71875	97.65625
sim11397	100	0.67578125	0.195078125	150.390625	0.79296875	0.41015625	0.060078125	162.109375	0.00390625	0.100859375	376.953125	722.65625	0.51953125	310.546875	1191.40625	0.41796875	0.178203125	443.359375	1582.03125	0.53515625	345.703125	1542.96875	0.53515625	0.164140625	228.515625	4667.96875	0.70703125	0.895703125	0.808984375	0.736328125	0.919140625	0.942578125	0.685546875	0.717578125	0.895703125	0.982421875	0.933203125	0.669921875	0.820703125	0.839453125	0.708203125	0.544921875	0.745703125	0.732421875	28.515625	84.765625	91.015625	47.265625	62.890625	87.109375	18.359375	94.921875	67.578125	97.265625	30.078125	79.296875
sim11433	100	0.94140625	0.046015625	439.453125	0.87109375	0.83203125	0.197890625	341.796875	0.11328125	0.036171875	447.265625	2832.03125	0.16015625	365.234375	19.53125	0.90234375	0.164140625	248.046875	1347.65625	0.14453125	369.140625	1464.84375	0.95703125	0.048828125	95.703125	1308.59375	0.25390625	0.834765625	0.785546875	0.900390625	0.895703125	0.975390625	0.880859375	0.947265625	0.994140625	0.927734375	0.797265625	0.708984375	0.741015625	0.712890625	0.881640625	0.974609375	0.853515625	0.521484375	39.453125	48.828125	33.203125	45.703125	58.203125	26.171875	54.296875	93.359375	94.140625	14.453125	87.890625	87.109375
sim11444	100	0.59765625	0.175390625	267.578125	0.90234375	0.48828125	0.147265625	451.171875	0.64453125	0.143046875	212.890625	3613.28125	0.25390625	380.859375	3300.78125	0.12109375	0.034765625	13.671875	1816.40625	0.86328125	228.515625	1308.59375	0.36328125	0.054453125	236.328125	3964.84375	0.78515625	0.900390625	0.757421875	0.722265625	0.998828125	0.797265625	0.896484375	0.919140625	0.703515625	0.849609375	0.825390625	0.880859375	0.825390625	0.778515625	0.741015625	0.646484375	0.712890625	0.630859375	5.078125	1.953125	98.828125	55.078125	17.578125	10.546875	19.921875	90.234375	59.765625	86.328125	53.515625	90.234375
sim11551	100	0.15625	0.059375	78.125	0.96875	0.40625	0.025625	265.625	0.96875	0.104375	390.625	4531.25	0.15625	109.375	2031.25	0.71875	0.036875	109.375	4218.75	0.71875	15.625	3906.25	0.90625	0.171875	15.625	1406.25	0.78125	0.728125	0.765625	0.990625	0.878125	0.990625	0.890625	0.746875	0.765625	0.578125	0.990625	0.703125	0.709375	0.859375	0.990625	0.734375	0.934375	0.953125	96.875	21.875	40.625	71.875	96.875	59.375	96.875	78.125	15.625	21.875	15.625	96.875
sim11566	100	0.109375	0.0396875	460.9375	0.828125	0.484375	0.1128125	117.1875	0.359375	0.1353125	195.3125	2265.625	0.921875	195.3125	4921.875	0.796875	0.1859375	429.6875	4140.625	0.921875	398.4375	3828.125	0.234375	0.0453125	7.8125	2109.375	0.703125	0.7234375	0.7984375	0.9859375	0.9578125	0.8171875	0.6796875	0.8828125	0.8828125	0.7109375	0.7984375	0.9921875	0.7046875	0.9203125	0.9578125	0.5703125	0.9671875	0.9765625	85.9375	89.0625	48.4375	29.6875	45.3125	35.9375	89.0625	85.9375	10.9375	10.9375	92.1875	82.8125
sim11612	100	0.0703125	0.07203125	97.65625	0.9296875	0.6015625	0.06640625	82.03125	0.3984375	0.08046875	394.53125	3398.4375	0.6328125	183.59375	4492.1875	0.3046875	0.06640625	363.28125	2460.9375	0.1640625	417.96875	3320.3125	0.0703125	0.10296875	183.59375	3007.8125	0.8515625	0.80078125	0.86640625	0.91796875	0.98359375	0.77265625	0.70703125	0.87109375	0.93671875	0.84765625	0.82890625	0.55078125	0.92734375	0.89921875	0.96953125	0.91796875	0.78671875	0.58984375	89.84375	86.71875	39.84375	80.46875	22.65625	44.53125	74.21875	91.40625	7.03125	28.90625	19.53125	92.96875
sim11632	100	0.3046875	0.12546875	308.59375	0.9765625	0.1484375	0.11421875	417.96875	0.4765625	0.05515625	464.84375	507.8125	0.0546875	238.28125	4257.8125	0.7578125	0.09734375	74.21875	2070.3125	0.5234375	425.78125	3398.4375	0.4296875	0.12265625	50.78125	1054.6875	0.1796875	0.85234375	0.88046875	0.71640625	0.97890625	0.73046875	0.98046875	0.79140625	0.87578125	0.80859375	0.99296875	0.57421875	0.85703125	0.95078125	0.84296875	0.59765625	0.97890625	0.55078125	47.65625	47.65625	85.15625	75.78125	5.46875	92.96875	10.15625	96.09375	30.46875	58.59375	61.71875	97.65625
sim11653	100	0.67578125	0.195078125	150.390625	0.79296875	0.41015625	0.060078125	162.109375	0.00390625	0.100859375	376.953125	722.65625	0.51953125	310.546875	1191.40625	0.41796875	0.178203125	443.359375	1582.03125	0.53515625	345.703125	1542.96875	0.53515625	0.164140625	228.515625	4667.96875	0.70703125	0.895703125	0.808984375	0.736328125	0.919140625	0.942578125	0.685546875	0.717578125	0.895703125	0.982421875	0.933203125	0.669921875	0.820703125	0.839453125	0.708203125	0.544921875	0.745703125	0.736328125	2.734375	84.765625	91.015625	47.265625	62.890625	87.109375	18.359375	94.921875	67.578125	97.265625	30.078125	79.296875
sim11689	100	0.94140625	0.046015625	439.453125	0.87109375	0.83203125	0.197890625	341.796875	0.11328125	0.036171875	447.265625	2832.03125	0.16015625	365.234375	19.53125	0.90234375	0.164140625	248.046875	1347.65625	0.14453125	369.140625	1464.84375	0.95703125	0.048828125	95.703125	1308.59375	0.25390625	0.834765625	0.785546875	0.900390625	0.895703125	0.975390625	0.880859375	0.947265625	0.994140625	0.927734375	0.797265625	0.708984375	0.741015625	0.712890625	0.881640625	0.974609375	0.853515625	0.650390625	60.546875	48.828125	33.203125	45.703125	58.203125	26.171875	54.296875	93.359375	94.140625	14.453125	87.890625	87.109375
sim11700	100	0.59765625	0.175390625	267.578125	0.90234375	0.48828125	0.147265625	451.171875	0.64453125	0.143046875	212.890625	3613.28125	0.25390625	380.859375	3300.78125	0.12109375	0.034765625	13.671875	1816.40625	0.86328125	228.515625	1308.59375	0.36328125	0.054453125	236.328125	3964.84375	0.78515625	0.900390625	0.757421875	0.722265625	0.998828125	0.797265625	0.896484375	0.919140625	0.703515625	0.849609375	0.825390625	0.880859375	0.825390625	0.778515625	0.741015625	0.646484375	0.712890625	0.697265625	13.671875	1.953125	98.828125	55.078125	17.578125	10.546875	19.921875	90.234375	59.765625	86.328125	53.515625	90.234375
sim11807	100	0.15625	0.059375	78.125	0.96875	0.40625	0.025625	265.625	0.96875	0.104375	390.625	4531.25	0.15625	109.375	2031.25	0.71875	0.036875	109.375	4218.75	0.71875	15.625	3906.25	0.90625	0.171875	15.625	1406.25	0.78125	0.728125	0.765625	0.990625	0.878125	0.990625	0.890625	0.746875	0.765625	0.578125	0.990625	0.703125	0.709375	0.859375	0.990625	0.734375	0.934375	0.953125	15.625	46.875	40.625	71.875	96.875	59.375	96.875	78.125	15.625	21.875	15.625	96.875
sim11822	100	0.109375	0.0396875	460.9375	0.828125	0.484375	0.1128125	117.1875	0.359375	0.1353125	195.3125	2265.625	0.921875	195.3125	4921.875	0.796875	0.1859375	429.6875	4140.625	0.921875	398.4375	3828.125	0.234375	0.0453125	7.8125	2109.375	0.703125	0.7234375	0.7984375	0.9859375	0.9578125	0.8171875	0.6796875	0.8828125	0.8828125	0.7109375	0.7984375	0.9921875	0.7046875	0.9203125	0.9578125	0.5703125	0.9671875	0.9765625	42.1875	14.0625	48.4375	29.6875	45.3125	35.9375	89.0625	85.9375	10.9375	10.9375	92.1875	82.8125
sim11868	100	0.0703125	0.07203125	97.65625	0.9296875	0.6015625	0.06640625	82.03125	0.3984375	0.08046875	394.53125	3398.4375	0.6328125	183.59375	4492.1875	0.3046875	0.06640625	363.28125	2460.9375	0.1640625	417.96875	3320.3125	0.0703125	0.10296875	183.59375	3007.8125	0.8515625	0.80078125	0.86640625	0.91796875	0.98359375	0.77265625	0.70703125	0.87109375	0.93671875	0.84765625	0.82890625	0.55078125	0.92734375	0.89921875	0.96953125	0.91796875	0.78671875	0.58984375	13.28125	83.59375	39.84375	80.46875	22.65625	44.53125	74.21875	91.40625	7.03125	28.90625	19.53125	92.96875
sim11888	100	0.3046875	0.12546875	308.59375	0.9765625	0.1484375	0.11421875	417.96875	0.4765625	0.05515625	464.84375	507.8125	0.0546875	238.28125	4257.8125	0.7578125	0.09734375	74.21875	2070.3125	0.5234375	425.78125	3398.4375	0.4296875	0.12265625	50.78125	1054.6875	0.1796875	0.85234375	0.88046875	0.71640625	0.97890625	0.73046875	0.98046875	0.79140625	0.87578125	0.80859375	0.99296875	0.57421875	0.85703125	0.95078125	0.84296875	0.59765625	0.97890625	0.55078125	5.46875	19.53125	85.15625	75.78125	5.46875	92.96875	10.15625	96.09375	30.46875	58.59375	61.71875	97.65625
sim11909	100	0.67578125	0.195078125	150.390625	0.79296875	0.41015625	0.060078125	162.109375	0.00390625	0.100859375	376.953125	722.65625	0.51953125	310.546875	1191.40625	0.41796875	0.178203125	443.359375	1582.03125	0.53515625	345.703125	1542.96875	0.53515625	0.164140625	228.515625	4667.96875	0.70703125	0.895703125	0.808984375	0.736328125	0.919140625	0.942578125	0.685546875	0.717578125	0.895703125	0.982421875	0.933203125	0.669921875	0.820703125	0.839453125	0.708203125	0.544921875	0.745703125	0.736328125	28.515625	8.984375	91.015625	47.265625	62.890625	87.109375	18.359375	94.921875	67.578125	97.265625	30.078125	79.296875
sim11945	100	0.94140625	0.046015625	439.453125	0.87109375	0.83203125	0.197890625	341.796875	0.11328125	0.036171875	447.265625	2832.03125	0.16015625	365.234375	19.53125	0.90234375	0.164140625	248.046875	1347.65625	0.14453125	369.140625	1464.84375	0.95703125	0.048828125	95.703125	1308.59375	0.25390625	0.834765625	0.785546875	0.900390625	0.895703125	0.975390625	0.880859375	0.947265625	0.994140625	0.927734375	0.797265625	0.708984375	0.741015625	0.712890625	0.881640625	0.974609375	0.853515625	0.650390625	39.453125	94.921875	33.203125	45.703125	58.203125	26.171875	54.296875	93.359375	94.140625	14.453125	87.890625	87.109375
sim11956	100	0.59765625	0.175390625	267.578125	0.90234375	0.48828125	0.147265625	451.171875	0.64453125	0.143046875	212.890625	3613.28125	0.25390625	380.859375	3300.78125	0.12109375	0.034765625	13.671875	1816.40625	0.86328125	228.515625	1308.59375	0.36328125	0.054453125	236.328125	3964.84375	0.78515625	0.900390625	0.757421875	0.722265625	0.998828125	0.797265625	0.896484375	0.919140625	0.703515625	0.849609375	0.825390625	0.880859375	0.825390625	0.778515625	0.741015625	0.646484375	0.712890625	0.697265625	5.078125	29.296875	98.828125	55.078125	17.578125	10.546875	19.921875	90.234375	59.765625	86.328125	53.515625	90.234375
sim12063	100	0.15625	0.059375	78.125	0.96875	0.40625	0.025625	265.625	0.96875	0.104375	390.625	4531.25	0.15625	109.375	2031.25	0.71875	0.036875	109.375	4218.75	0.71875	15.625	3906.25	0.90625	0.171875	15.625	1406.25	0.78125	0.728125	0.765625	0.990625	0.878125	0.990625	0.890625	0.746875	0.765625	0.578125	0.990625	0.703125	0.709375	0.859375	0.990625	0.734375	0.934375	0.953125	15.625	21.875	78.125	71.875	96.875	59.375	96.875	78.125	15.625	21.875	15.625	96.875
sim12078	100	0.109375	0.0396875	460.9375	0.828125	0.484375	0.1128125	117.1875	0.359375	0.1353125	195.3125	2265.625	0.921875	195.3125	4921.875	0.796875	0.1859375	429.6875	4140.625	0.921875	398.4375	3828.125	0.234375	0.0453125	7.8125	2109.375	0.703125	0.7234375	0.7984375	0.9859375	0.9578125	0.8171875	0.6796875	0.8828125	0.8828125	0.7109375	0.7984375	0.9921875	0.7046875	0.9203125	0.9578125	0.5703125	0.9671875	0.9765625	42.1875	89.0625	89.0625	29.6875	45.3125	35.9375	89.0625	85.9375	10.9375	10.9375	92.1875	82.8125
sim12124	100	0.0703125	0.07203125	97.65625	0.9296875	0.6015625	0.06640625	82.03125	0.3984375	0.08046875	394.53125	3398.4375	0.6328125	183.59375	4492.1875	0.3046875	0.06640625	363.28125	2460.9375	0.1640625	417.96875	3320.3125	0.0703125	0.10296875	183.59375	3007.8125	0.8515625	0.80078125	0.86640625	0.91796875	0.98359375	0.77265625	0.70703125	0.87109375	0.93671875	0.84765625	0.82890625	0.55078125	0.92734375	0.89921875	0.96953125	0.91796875	0.78671875	0.58984375	13.28125	86.71875	28.90625	80.46875	22.65625	44.53125	74.21875	91.40625	7.03125	28.90625	19.53125	92.96875
sim12144	100	0.3046875	0.12546875	308.59375	0.9765625	0.1484375	0.11421875	417.96875	0.4765625	0.05515625	464.84375	507.8125	0.0546875	238.28125	4257.8125	0.7578125	0.09734375	74.21875	2070.3125	0.5234375	425.78125	3398.4375	0.4296875	0.12265625	50.78125	1054.6875	0.1796875	0.85234375	0.88046875	0.71640625	0.97890625	0.73046875	0.98046875	0.79140625	0.87578125	0.80859375	0.99296875	0.57421875	0.85703125	0.95078125	0.84296875	0.59765625	0.97890625	0.55078125	5.46875	47.65625	92.96875	75.78125	5.46875	92.96875	10.15625	96.09375	30.46875	58.59375	61.71875	97.65625
sim12165	100	0.67578125	0.195078125	150.390625	0.79296875	0.41015625	0.060078125	162.109375	0.00390625	0.100859375	376.953125	722.65625	0.51953125	310.546875	1191.40625	0.41796875	0.178203125	443.359375	1582.03125	0.53515625	345.703125	1542.96875	0.53515625	0.164140625	228.515625	4667.96875	0.70703125	0.895703125	0.808984375	0.736328125	0.919140625	0.942578125	0.685546875	0.717578125	0.895703125	0.982421875	0.933203125	0.669921875	0.820703125	0.839453125	0.708203125	0.544921875	0.745703125	0.736328125	28.515625	84.765625	15.234375	47.265625	62.890625	87.109375	18.359375	94.921875	67.578125	97.265625	30.078125	79.296875
sim12201	100	0.94140625	0.046015625	439.453125	0.87109375	0.83203125	0.197890625	341.796875	0.11328125	0.036171875	447.265625	2832.03125	0.16015625	365.234375	19.53125	0.90234375	0.164140625	248.046875	1347.65625	0.14453125	369.140625	1464.84375	0.95703125	0.048828125	95.703125	1308.59375	0.25390625	0.834765625	0.785546875	0.900390625	0.895703125	0.975390625	0.880859375	0.947265625	0.994140625	0.927734375	0.797265625	0.708984375	0.741015625	0.712890625	0.881640625	0.974609375	0.853515625	0.650390625	39.453125	48.828125	51.171875	45.703125	58.203125	26.171875	54.296875	93.359375	94.140625	14.453125	87.890625	87.109375
sim12212	100	0.59765625	0.175390625	267.578125	0.90234375	0.48828125	0.147265625	451.171875	0.64453125	0.143046875	212.890625	3613.28125	0.25390625	380.859375	3300.78125	0.12109375	0.034765625	13.671875	1816.40625	0.86328125	228.515625	1308.59375	0.36328125	0.054453125	236.328125	3964.84375	0.78515625	0.900390625	0.757421875	0.722265625	0.998828125	0.797265625	0.896484375	0.919140625	0.703515625	0.849609375	0.825390625	0.880859375	0.825390625	0.778515625	0.741015625	0.646484375	0.712890625	0.697265625	5.078125	1.953125	4.296875	55.078125	17.578125	10.546875	19.921875	90.234375	59.765625	86.328125	53.515625	90.234375
sim12319	100	0.15625	0.059375	78.125	0.96875	0.40625	0.025625	265.625	0.96875	0.104375	390.625	4531.25	0.15625	109.375	2031.25	0.71875	0.036875	109.375	4218.75	0.71875	15.625	3906.25	0.90625	0.171875	15.625	1406.25	0.78125	0.728125	0.765625	0.990625	0.878125	0.990625	0.890625	0.746875	0.765625	0.578125	0.990625	0.703125	0.709375	0.859375	0.990625	0.734375	0.934375	0.953125	15.625	21.875	40.625	90.625	96.875	59.375	96.875	78.125	15.625	21.875	15.625	96.875
sim12334	100	0.109375	0.0396875	460.9375	0.828125	0.484375	0.1128125	117.1875	0.359375	0.1353125	195.3125	2265.625	0.921875	195.3125	4921.875	0.796875	0.1859375	429.6875	4140.625	0.921875	398.4375	3828.125	0.234375	0.0453125	7.8125	2109.375	0.703125	0.7234375	0.7984375	0.9859375	0.9578125	0.8171875	0.6796875	0.8828125	0.8828125	0.7109375	0.7984375	0.9921875	0.7046875	0.9203125	0.9578125	0.5703125	0.9671875	0.9765625	42.1875	89.0625	48.4375	95.3125	45.3125	35.9375	89.0625	85.9375	10.9375	10.9375	92.1875	82.8125
sim12380	100	0.0703125	0.07203125	97.65625	0.9296875	0.6015625	0.06640625	82.03125	0.3984375	0.08046875	394.53125	3398.4375	0.6328125	183.59375	4492.1875	0.3046875	0.06640625	363.28125	2460.9375	0.1640625	417.96875	3320.3125	0.0703125	0.10296875	183.59375	3007.8125	0.8515625	0.80078125	0.86640625	0.91796875	0.98359375	0.77265625	0.70703125	0.87109375	0.93671875	0.84765625	0.82890625	0.55078125	0.92734375	0.89921875	0.96953125	0.91796875	0.78671875	0.58984375	13.28125	86.71875	39.84375	17.96875	22.65625	44.53125	74.21875	91.40625	7.03125	28.90625	19.53125	92.96875
sim12400	100	0.3046875	0.12546875	308.59375	0.9765625	0.1484375	0.11421875	417.96875	0.4765625	0.05515625	464.84375	507.8125	0.0546875	238.28125	4257.8125	0.7578125	0.09734375	74.21875	2070.3125	0.5234375	425.78125	3398.4375	0.4296875	0.12265625	50.78125	1054.6875	0.1796875	0.85234375	0.88046875	0.71640625	0.97890625	0.73046875	0.98046875	0.79140625	0.87578125	0.80859375	0.99296875	0.57421875	0.85703125	0.95078125	0.84296875	0.59765625	0.97890625	0.55078125	5.46875	47.65625	85.15625	10.15625	5.46875	92.96875	10.15625	96.09375	30.46875	58.59375	61.71875	97.65625
sim12421	100	0.67578125	0.195078125	150.390625	0.79296875	0.41015625	0.060078125	162.109375	0.00390625	0.100859375	376.953125	722.65625	0.51953125	310.546875	1191.40625	0.41796875	0.178203125	443.359375	1582.03125	0.53515625	345.703125	1542.96875	0.53515625	0.164140625	228.515625	4667.96875	0.70703125	0.895703125	0.808984375	0.736328125	0.919140625	0.942578125	0.685546875	0.717578125	0.895703125	0.982421875	0.933203125	0.669921875	0.820703125	0.839453125	0.708203125	0.544921875	0.745703125	0.736328125	28.515625	84.765625	91.015625	47.265625	62.890625	87.109375	18.359375	94.921875	67.578125	97.265625	30.078125	79.296875
sim12457	100	0.94140625	0.046015625	439.453125	0.87109375	0.83203125	0.197890625	341.796875	0.11328125	0.036171875	447.265625	2832.03125	0.16015625	365.234375	19.53125	0.90234375	0.164140625	248.046875	1347.65625	0.14453125	369.140625	1464.84375	0.95703125	0.048828125	95.703125	1308.59375	0.25390625	0.834765625	0.785546875	0.900390625	0.895703125	0.975390625	0.880859375	0.947265625	0.994140625	0.927734375	0.797265625	0.708984375	0.741015625	0.712890625	0.881640625	0.974609375	0.853515625	0.650390625	39.453125	48.828125	33.203125	30.078125	58.203125	26.171875	54.296875	93.359375	94.140625	14.453125	87.890625	87.109375
sim12468	100	0.59765625	0.175390625	267.578125	0.90234375	0.48828125	0.147265625	451.171875	0.64453125	0.143046875	212.890625	3613.28125	0.25390625	380.859375	3300.78125	0.12109375	0.034765625	13.671875	1816.40625	0.86328125	228.515625	1308.59375	0.36328125	0.054453125	236.328125	3964.84375	0.78515625	0.900390625	0.757421875	0.722265625	0.998828125	0.797265625	0.896484375	0.919140625	0.703515625	0.849609375	0.825390625	0.880859375	0.825390625	0.778515625	0.741015625	0.646484375	0.712890625	0.697265625	5.078125	1.953125	98.828125	39.453125	17.578125	10.546875	19.921875	90.234375	59.765625	86.328125	53.515625	90.234375
sim12590	100	0.109375	0.0396875	460.9375	0.828125	0.484375	0.1128125	117.1875	0.359375	0.1353125	195.3125	2265.625	0.921875	195.3125	4921.875	0.796875	0.1859375	429.6875	4140.625	0.921875	398.4375	3828.125	0.234375	0.0453125	7.8125	2109.375	0.703125	0.7234375	0.7984375	0.9859375	0.9578125	0.8171875	0.6796875	0.8828125	0.8828125	0.7109375	0.7984375	0.9921875	0.7046875	0.9203125	0.9578125	0.5703125	0.9671875	0.9765625	42.1875	89.0625	48.4375	29.6875	42.1875	35.9375	89.0625	85.9375	10.9375	10.9375	92.1875	82.8125
sim12636	100	0.0703125	0.07203125	97.65625	0.9296875	0.6015625	0.06640625	82.03125	0.3984375	0.08046875	394.53125	3398.4375	0.6328125	183.59375	4492.1875	0.3046875	0.06640625	363.28125	2460.9375	0.1640625	417.96875	3320.3125	0.0703125	0.10296875	183.59375	3007.8125	0.8515625	0.80078125	0.86640625	0.91796875	0.98359375	0.77265625	0.70703125	0.87109375	0.93671875	0.84765625	0.82890625	0.55078125	0.92734375	0.89921875	0.96953125	0.91796875	0.78671875	0.58984375	13.28125	86.71875	39.84375	80.46875	13.28125	44.53125	74.21875	91.40625	7.03125	28.90625	19.53125	92.96875
sim12656	100	0.3046875	0.12546875	308.59375	0.9765625	0.1484375	0.11421875	417.96875	0.4765625	0.05515625	464.84375	507.8125	0.0546875	238.28125	4257.8125	0.7578125	0.09734375	74.21875	2070.3125	0.5234375	425.78125	3398.4375	0.4296875	0.12265625	50.78125	1054.6875	0.1796875	0.85234375	0.88046875	0.71640625	0.97890625	0.73046875	0.98046875	0.79140625	0.87578125	0.80859375	0.99296875	0.57421875	0.85703125	0.95078125	0.84296875	0.59765625	0.97890625	0.55078125	5.46875	47.65625	85.15625	75.78125	5.46875	92.96875	10.15625	96.09375	30.46875	58.59375	61.71875	97.65625
sim12677	100	0.67578125	0.195078125	150.390625	0.79296875	0.41015625	0.060078125	162.109375	0.00390625	0.100859375	376.953125	722.65625	0.51953125	310.546875	1191.40625	0.41796875	0.178203125	443.359375	1582.03125	0.53515625	345.703125	1542.96875	0.53515625	0.164140625	228.515625	4667.96875	0.70703125	0.895703125	0.808984375	0.736328125	0.919140625	0.942578125	0.685546875	0.717578125	0.895703125	0.982421875	0.933203125	0.669921875	0.820703125	0.839453125	0.708203125	0.544921875	0.745703125	0.736328125	28.515625	84.765625	91.015625	47.265625	28.515625	87.109375	18.359375	94.921875	67.578125	97.265625	30.078125	79.296875
sim12713	100	0.94140625	0.046015625	439.453125	0.87109375	0.83203125	0.197890625	341.796875	0.11328125	0.036171875	447.265625	2832.03125	0.16015625	365.234375	19.53125	0.90234375	0.164140625	248.046875	1347.65625	0.14453125	369.140625	1464.84375	0.95703125	0.048828125	95.703125	1308.59375	0.25390625	0.834765625	0.785546875	0.900390625	0.895703125	0.975390625	0.880859375	0.947265625	0.994140625	0.927734375	0.797265625	0.708984375	0.741015625	0.712890625	0.881640625	0.974609375	0.853515625	0.650390625	39.453125	48.828125	33.203125	45.703125	39.453125	26.171875	54.296875	93.359375	94.140625	14.453125	87.890625	87.109375
sim12724	100	0.59765625	0.175390625	267.578125	0.90234375	0.48828125	0.147265625	451.171875	0.64453125	0.143046875	212.890625	3613.28125	0.25390625	380.859375	3300.78125	0.12109375	0.034765625	13.671875	1816.40625	0.86328125	228.515625	1308.59375	0.36328125	0.054453125	236.328125	3964.84375	0.78515625	0.900390625	0.757421875	0.722265625	0.998828125	0.797265625	0.896484375	0.919140625	0.703515625	0.849609375	0.825390625	0.880859375	0.825390625	0.778515625	0.741015625	0.646484375	0.712890625	0.697265625	5.078125	1.953125	98.828125	55.078125	5.078125	10.546875	19.921875	90.234375	59.765625	86.328125	53.515625	90.234375
sim12846	100	0.109375	0.0396875	460.9375	0.828125	0.484375	0.1128125	117.1875	0.359375	0.1353125	195.3125	2265.625	0.921875	195.3125	4921.875	0.796875	0.1859375	429.6875	4140.625	0.921875	398.4375	3828.125	0.234375	0.0453125	7.8125	2109.375	0.703125	0.7234375	0.7984375	0.9859375	0.9578125	0.8171875	0.6796875	0.8828125	0.8828125	0.7109375	0.7984375	0.9921875	0.7046875	0.9203125	0.9578125	0.5703125	0.9671875	0.9765625	42.1875	89.0625	48.4375	29.6875	45.3125	89.0625	89.0625	85.9375	10.9375	10.9375	92.1875	82.8125
sim12851	100	0.453125	0.1803125	257.8125	0.921875	0.828125	0.1634375	226.5625	0.890625	0.0396875	460.9375	1796.875	0.515625	54.6875	1640.625	0.203125	0.0565625	320.3125	3984.375	0.078125	7.8125	3984.375	0.578125	0.0621875	148.4375	4453.125	0.234375	0.9390625	0.7515625	0.7890625	0.8546875	0.9578125	0.6640625	0.9859375	0.8171875	0.5078125	0.8265625	0.6640625	0.7890625	0.9859375	0.8171875	0.8046875	0.8265625	0.9296875	1.5625	60.9375	82.8125	70.3125	79.6875	60.9375	35.9375	82.8125	45.3125	89.0625	51.5625	92.1875
sim12892	100	0.0703125	0.07203125	97.65625	0.9296875	0.6015625	0.06640625	82.03125	0.3984375	0.08046875	394.53125	3398.4375	0.6328125	183.59375	4492.1875	0.3046875	0.06640625	363.28125	2460.9375	0.1640625	417.96875	3320.3125	0.0703125	0.10296875	183.59375	3007.8125	0.8515625	0.80078125	0.86640625	0.91796875	0.98359375	0.77265625	0.70703125	0.87109375	0.93671875	0.84765625	0.82890625	0.55078125	0.92734375	0.89921875	0.96953125	0.91796875	0.78671875	0.58984375	13.28125	86.71875	39.84375	80.46875	22.65625	86.71875	74.21875	91.40625	7.03125	28.90625	19.53125	92.96875
sim12933	100	0.67578125	0.195078125	150.390625	0.79296875	0.41015625	0.060078125	162.109375	0.00390625	0.100859375	376.953125	722.65625	0.51953125	310.546875	1191.40625	0.41796875	0.178203125	443.359375	1582.03125	0.53515625	345.703125	1542.96875	0.53515625	0.164140625	228.515625	4667.96875	0.70703125	0.895703125	0.808984375	0.736328125	0.919140625	0.942578125	0.685546875	0.717578125	0.895703125	0.982421875	0.933203125	0.669921875	0.820703125	0.839453125	0.708203125	0.544921875	0.745703125	0.736328125	28.515625	84.765625	91.015625	47.265625	62.890625	84.765625	18.359375	94.921875	67.578125	97.265625	30.078125	79.296875
sim12969	100	0.94140625	0.046015625	439.453125	0.87109375	0.83203125	0.197890625	341.796875	0.11328125	0.036171875	447.265625	2832.03125	0.16015625	365.234375	19.53125	0.90234375	0.164140625	248.046875	1347.65625	0.14453125	369.140625	1464.84375	0.95703125	0.048828125	95.703125	1308.59375	0.25390625	0.834765625	0.785546875	0.900390625	0.895703125	0.975390625	0.880859375	0.947265625	0.994140625	0.927734375	0.797265625	0.708984375	0.741015625	0.712890625	0.881640625	0.974609375	0.853515625	0.650390625	39.453125	48.828125	33.203125	45.703125	58.203125	48.828125	54.296875	93.359375	94.140625	14.453125	87.890625	87.109375
sim12980	100	0.59765625	0.175390625	267.578125	0.90234375	0.48828125	0.147265625	451.171875	0.64453125	0.143046875	212.890625	3613.28125	0.25390625	380.859375	3300.78125	0.12109375	0.034765625	13.671875	1816.40625	0.86328125	228.515625	1308.59375	0.36328125	0.054453125	236.328125	3964.84375	0.78515625	0.900390625	0.757421875	0.722265625	0.998828125	0.797265625	0.896484375	0.919140625	0.703515625	0.849609375	0.825390625	0.880859375	0.825390625	0.778515625	0.741015625	0.646484375	0.712890625	0.697265625	5.078125	1.953125	98.828125	55.078125	17.578125	1.953125	19.921875	90.234375	59.765625	86.328125	53.515625	90.234375
sim13028	100	0.10546875	0.137421875	333.984375	0.97265625	0.83984375	0.182421875	244.140625	0.07421875	0.093828125	44.921875	761.71875	0.32421875	337.890625	1855.46875	0.25390625	0.114921875	150.390625	2246.09375	0.40234375	474.609375	2988.28125	0.24609375	0.193671875	169.921875	2519.53125	0.51171875	0.715234375	0.830078125	0.879296875	0.808984375	0.771484375	0.533203125	0.916796875	0.991796875	0.533203125	0.987109375	0.955078125	0.916796875	0.804296875	0.724609375	0.525390625	0.982421875	0.740234375	62.109375	91.796875	54.296875	32.421875	15.234375	91.796875	86.328125	73.828125	10.546875	65.234375	66.796875	97.265625
sim13107	100	0.453125	0.1803125	257.8125	0.921875	0.828125	0.1634375	226.5625	0.890625	0.0396875	460.9375	1796.875	0.515625	54.6875	1640.625	0.203125	0.0565625	320.3125	3984.375	0.078125	7.8125	3984.375	0.578125	0.0621875	148.4375	4453.125	0.234375	0.9390625	0.7515625	0.7890625	0.8546875	0.9578125	0.6640625	0.9859375	0.8171875	0.5078125	0.8265625	0.6640625	0.7890625	0.9859375	0.8171875	0.8046875	0.8265625	0.9296875	1.5625	60.9375	82.8125	70.3125	79.6875	1.5625	82.8125	82.8125	45.3125	89.0625	51.5625	92.1875
sim13121	100	0.4765625	0.14515625	175.78125	0.8359375	0.1953125	0.02703125	191.40625	0.8671875	0.18734375	128.90625	2617.1875	0.7890625	74.21875	1523.4375	0.7109375	0.12828125	378.90625	1992.1875	0.8203125	58.59375	3164.0625	0.7265625	0.09734375	42.96875	351.5625	0.3203125	0.86640625	0.98828125	0.70234375	0.89921875	0.85703125	0.69140625	0.99296875	0.75859375	0.92578125	0.80078125	0.84765625	0.86171875	0.96484375	0.81015625	0.71484375	0.92734375	0.51171875	28.90625	64.84375	80.46875	21.09375	50.78125	16.40625	80.46875	88.28125	47.65625	69.53125	35.15625	83.59375
sim13168	100	0.3046875	0.12546875	308.59375	0.9765625	0.1484375	0.11421875	417.96875	0.4765625	0.05515625	464.84375	507.8125	0.0546875	238.28125	4257.8125	0.7578125	0.09734375	74.21875	2070.3125	0.5234375	425.78125	3398.4375	0.4296875	0.12265625	50.78125	1054.6875	0.1796875	0.85234375	0.88046875	0.71640625	0.97890625	0.73046875	0.98046875	0.79140625	0.87578125	0.80859375	0.99296875	0.57421875	0.85703125	0.95078125	0.84296875	0.59765625	0.97890625	0.55078125	5.46875	47.65625	85.15625	75.78125	5.46875	92.96875	85.15625	96.09375	30.46875	58.59375	61.71875	97.65625
sim13189	100	0.67578125	0.195078125	150.390625	0.79296875	0.41015625	0.060078125	162.109375	0.00390625	0.100859375	376.953125	722.65625	0.51953125	310.546875	1191.40625	0.41796875	0.178203125	443.359375	1582.03125	0.53515625	345.703125	1542.96875	0.53515625	0.164140625	228.515625	4667.96875	0.70703125	0.895703125	0.808984375	0.736328125	0.919140625	0.942578125	0.685546875	0.717578125	0.895703125	0.982421875	0.933203125	0.669921875	0.820703125	0.839453125	0.708203125	0.544921875	0.745703125	0.736328125	28.515625	84.765625	91.015625	47.265625	62.890625	87.109375	91.015625	94.921875	67.578125	97.265625	30.078125	79.296875
sim13236	100	0.59765625	0.175390625	267.578125	0.90234375	0.48828125	0.147265625	451.171875	0.64453125	0.143046875	212.890625	3613.28125	0.25390625	380.859375	3300.78125	0.12109375	0.034765625	13.671875	1816.40625	0.86328125	228.515625	1308.59375	0.36328125	0.054453125	236.328125	3964.84375	0.78515625	0.900390625	0.757421875	0.722265625	0.998828125	0.797265625	0.896484375	0.919140625	0.703515625	0.849609375	0.825390625	0.880859375	0.825390625	0.778515625	0.741015625	0.646484375	0.712890625	0.697265625	5.078125	1.953125	98.828125	55.078125	17.578125	10.546875	98.828125	90.234375	59.765625	86.328125	53.515625	90.234375
sim13287	100	0.85546875	0.182421875	208.984375	0.72265625	0.58984375	0.047421875	119.140625	0.82421875	0.048828125	419.921875	2011.71875	0.57421875	212.890625	605.46875	0.50390625	0.159921875	275.390625	996.09375	0.65234375	349.609375	4238.28125	0.99609375	0.148671875	294.921875	3769.53125	0.26171875	0.790234375	0.905078125	0.804296875	0.733984375	0.996484375	0.658203125	0.841796875	0.916796875	0.908203125	0.912109375	0.830078125	0.841796875	0.729296875	0.949609375	0.650390625	0.757421875	0.615234375	37.109375	16.796875	79.296875	57.421875	90.234375	47.265625	79.296875	98.828125	85.546875	90.234375	41.796875	72.265625
sim13303	100	0.63671875	0.143046875	287.109375	0.94140625	0.55859375	0.199296875	134.765625	0.23046875	0.110703125	216.796875	4980.46875	0.79296875	322.265625	761.71875	0.91015625	0.075546875	259.765625	4902.34375	0.30859375	333.984375	644.53125	0.65234375	0.131796875	91.796875	488.28125	0.85546875	0.968359375	0.858203125	0.794921875	0.874609375	0.874609375	0.705078125	0.701171875	0.982421875	0.580078125	0.996484375	0.845703125	0.888671875	0.813671875	0.771484375	0.947265625	0.860546875	0.818359375	2.734375	88.671875	94.921875	98.046875	93.359375	94.140625	94.921875	76.953125	63.671875	68.359375	57.421875	94.140625
sim13329	100	0.96875	0.160625	234.375	0.78125	0.59375	0.081875	484.375	0.40625	0.048125	109.375	468.75	0.84375	140.625	3593.75	0.90625	0.025625	265.625	1406.25	0.40625	296.875	2343.75	0.84375	0.138125	109.375	1718.75	0.09375	0.746875	0.896875	0.859375	0.709375	0.971875	0.859375	0.990625	0.934375	0.734375	0.934375	0.796875	0.803125	0.990625	0.821875	0.578125	0.765625	0.546875	84.375	28.125	71.875	90.625	53.125	3.125	90.625	90.625	96.875	78.125	46.875	78.125
sim13351	100	0.671875	0.1184375	54.6875	0.765625	0.171875	0.1465625	335.9375	0.921875	0.0790625	226.5625	3203.125	0.734375	101.5625	3984.375	0.484375	0.1296875	23.4375	1953.125	0.609375	117.1875	4140.625	0.421875	0.0565625	289.0625	1796.875	0.265625	0.9296875	0.7421875	0.8171875	0.9015625	0.7984375	0.7734375	0.7515625	0.7140625	0.8046875	0.7796875	0.8359375	0.7609375	0.7515625	0.8265625	0.9140625	0.9859375	0.5703125	23.4375	70.3125	29.6875	98.4375	89.0625	17.1875	82.8125	98.4375	67.1875	54.6875	10.9375	76.5625
sim13382	100	0.1015625	0.16765625	488.28125	0.9609375	0.5703125	0.09453125	253.90625	0.9921875	0.07484375	316.40625	3242.1875	0.4140625	11.71875	3398.4375	0.3359375	0.19578125	316.40625	1367.1875	0.4453125	246.09375	39.0625	0.8515625	0.02984375	355.46875	976.5625	0.4453125	0.82890625	0.72578125	0.96484375	0.78671875	0.89453125	0.87890625	0.88046875	0.79609375	0.73828125	0.83828125	0.53515625	0.97421875	0.70234375	0.84765625	0.90234375	0.73984375	0.57421875	91.40625	52.34375	17.96875	83.59375	38.28125	78.90625	14.84375	83.59375	10.15625	82.03125	97.65625	96.09375
sim13505	100	0.96484375	0.185234375	482.421875	0.98828125	0.23046875	0.033359375	33.203125	0.74609375	0.197890625	68.359375	1308.59375	0.68359375	423.828125	1621.09375	0.48828125	0.173984375	1.953125	4199.21875	0.73046875	29.296875	2753.90625	0.07421875	0.022109375	255.859375	566.40625	0.52734375	0.710546875	0.712890625	0.921484375	0.757421875	0.748046875	0.681640625	0.949609375	0.762109375	0.900390625	0.832421875	0.759765625	0.940234375	0.912109375	0.766796875	0.548828125	0.780859375	0.810546875	88.671875	12.109375	2.734375	93.359375	51.171875	83.203125	28.515625	93.359375	96.484375	91.796875	96.484375	98.828125
sim13531	100	0.99609375	0.100859375	123.046875	0.89453125	0.19921875	0.061484375	361.328125	0.15234375	0.181015625	146.484375	1464.84375	0.40234375	251.953125	527.34375	0.39453125	0.089609375	48.828125	4667.96875	0.88671875	326.171875	722.65625	0.85546875	0.106484375	208.984375	3535.15625	0.18359375	0.757421875	0.872265625	0.968359375	0.860546875	0.907421875	0.978515625	0.958984375	0.902734375	0.509765625	0.823046875	0.775390625	0.968359375	0.733984375	0.888671875	0.501953125	0.752734375	0.794921875	16.796875	27.734375	30.859375	96.484375	85.546875	42.578125	81.640625	96.484375	99.609375	44.921875	24.609375	89.453125
sim13539	100	0.48046875	0.159921875	21.484375	0.84765625	0.46484375	0.114921875	306.640625	0.19921875	0.161328125	482.421875	136.71875	0.94921875	275.390625	3730.46875	0.62890625	0.182421875	87.890625	1621.09375	0.77734375	287.109375	1113.28125	0.37109375	0.126171875	482.421875	3144.53125	0.63671875	0.977734375	0.867578125	0.841796875	0.921484375	0.733984375	0.845703125	0.954296875	0.879296875	0.845703125	0.949609375	0.642578125	0.954296875	0.916796875	0.762109375	0.837890625	0.719921875	0.677734375	24.609375	79.296875	41.796875	69.921875	77.734375	84.765625	98.828125	69.921875	48.046875	77.734375	4.296875	84.765625
sim13549	100	0.66796875	0.058671875	177.734375	0.91015625	0.52734375	0.171171875	462.890625	0.63671875	0.127578125	13.671875	4824.21875	0.01171875	494.140625	2167.96875	0.94140625	0.193671875	306.640625	3808.59375	0.08984375	5.859375	2675.78125	0.43359375	0.182421875	388.671875	3457.03125	0.44921875	0.958984375	0.736328125	0.710546875	0.752734375	0.715234375	0.876953125	0.710546875	0.823046875	0.939453125	0.968359375	0.861328125	0.860546875	0.935546875	0.893359375	0.994140625	0.963671875	0.833984375	80.859375	73.046875	73.046875	88.671875	71.484375	28.515625	92.578125	88.671875	66.796875	21.484375	35.546875	91.015625
sim13559	100	0.63671875	0.143046875	287.109375	0.94140625	0.55859375	0.199296875	134.765625	0.23046875	0.110703125	216.796875	4980.46875	0.79296875	322.265625	761.71875	0.91015625	0.075546875	259.765625	4902.34375	0.30859375	333.984375	644.53125	0.65234375	0.131796875	91.796875	488.28125	0.85546875	0.968359375	0.858203125	0.794921875	0.874609375	0.874609375	0.705078125	0.701171875	0.982421875	0.580078125	0.996484375	0.845703125	0.888671875	0.813671875	0.771484375	0.947265625	0.860546875	0.818359375	2.734375	88.671875	94.921875	98.046875	93.359375	94.140625	45.703125	98.046875	63.671875	68.359375	57.421875	94.140625
sim13599	100	0.15625	0.059375	78.125	0.96875	0.40625	0.025625	265.625	0.96875	0.104375	390.625	4531.25	0.15625	109.375	2031.25	0.71875	0.036875	109.375	4218.75	0.71875	15.625	3906.25	0.90625	0.171875	15.625	1406.25	0.78125	0.728125	0.765625	0.990625	0.878125	0.990625	0.890625	0.746875	0.765625	0.578125	0.990625	0.703125	0.709375	0.859375	0.990625	0.734375	0.934375	0.953125	15.625	21.875	40.625	71.875	96.875	59.375	96.875	78.125	96.875	21.875	15.625	96.875
sim13614	100	0.109375	0.0396875	460.9375	0.828125	0.484375	0.1128125	117.1875	0.359375	0.1353125	195.3125	2265.625	0.921875	195.3125	4921.875	0.796875	0.1859375	429.6875	4140.625	0.921875	398.4375	3828.125	0.234375	0.0453125	7.8125	2109.375	0.703125	0.7234375	0.7984375	0.9859375	0.9578125	0.8171875	0.6796875	0.8828125	0.8828125	0.7109375	0.7984375	0.9921875	0.7046875	0.9203125	0.9578125	0.5703125	0.9671875	0.9765625	42.1875	89.0625	48.4375	29.6875	45.3125	35.9375	89.0625	85.9375	45.3125	10.9375	92.1875	82.8125
sim13619	100	0.453125	0.1803125	257.8125	0.921875	0.828125	0.1634375	226.5625	0.890625	0.0396875	460.9375	1796.875	0.515625	54.6875	1640.625	0.203125	0.0565625	320.3125	3984.375	0.078125	7.8125	3984.375	0.578125	0.0621875	148.4375	4453.125	0.234375	0.9390625	0.7515625	0.7890625	0.8546875	0.9578125	0.6640625	0.9859375	0.8171875	0.5078125	0.8265625	0.6640625	0.7890625	0.9859375	0.8171875	0.8046875	0.8265625	0.9296875	1.5625	60.9375	82.8125	70.3125	79.6875	1.5625	35.9375	82.8125	79.6875	89.0625	51.5625	92.1875
sim13660	100	0.0703125	0.07203125	97.65625	0.9296875	0.6015625	0.06640625	82.03125	0.3984375	0.08046875	394.53125	3398.4375	0.6328125	183.59375	4492.1875	0.3046875	0.06640625	363.28125	2460.9375	0.1640625	417.96875	3320.3125	0.0703125	0.10296875	183.59375	3007.8125	0.8515625	0.80078125	0.86640625	0.91796875	0.98359375	0.77265625	0.70703125	0.87109375	0.93671875	0.84765625	0.82890625	0.55078125	0.92734375	0.89921875	0.96953125	0.91796875	0.78671875	0.58984375	13.28125	86.71875	39.84375	80.46875	22.65625	44.53125	74.21875	91.40625	22.65625	28.90625	19.53125	92.96875
sim13680	100	0.3046875	0.12546875	308.59375	0.9765625	0.1484375	0.11421875	417.96875	0.4765625	0.05515625	464.84375	507.8125	0.0546875	238.28125	4257.8125	0.7578125	0.09734375	74.21875	2070.3125	0.5234375	425.78125	3398.4375	0.4296875	0.12265625	50.78125	1054.6875	0.1796875	0.85234375	0.88046875	0.71640625	0.97890625	0.73046875	0.98046875	0.79140625	0.87578125	0.80859375	0.99296875	0.57421875	0.85703125	0.95078125	0.84296875	0.59765625	0.97890625	0.55078125	5.46875	47.65625	85.15625	75.78125	5.46875	92.96875	10.15625	96.09375	5.46875	58.59375	61.71875	97.65625
sim13701	100	0.67578125	0.195078125	150.390625	0.79296875	0.41015625	0.060078125	162.109375	0.00390625	0.100859375	376.953125	722.65625	0.51953125	310.546875	1191.40625	0.41796875	0.178203125	443.359375	1582.03125	0.53515625	345.703125	1542.96875	0.53515625	0.164140625	228.515625	4667.96875	0.70703125	0.895703125	0.808984375	0.736328125	0.919140625	0.942578125	0.685546875	0.717578125	0.895703125	0.982421875	0.933203125	0.669921875	0.820703125	0.839453125	0.708203125	0.544921875	0.745703125	0.736328125	28.515625	84.765625	91.015625	47.265625	62.890625	87.109375	18.359375	94.921875	62.890625	97.265625	30.078125	79.296875
sim13748	100	0.59765625	0.175390625	267.578125	0.90234375	0.48828125	0.147265625	451.171875	0.64453125	0.143046875	212.890625	3613.28125	0.25390625	380.859375	3300.78125	0.12109375	0.034765625	13.671875	1816.40625	0.86328125	228.515625	1308.59375	0.36328125	0.054453125	236.328125	3964.84375	0.78515625	0.900390625	0.757421875	0.722265625	0.998828125	0.797265625	0.896484375	0.919140625	0.703515625	0.849609375	0.825390625	0.880859375	0.825390625	0.778515625	0.741015625	0.646484375	0.712890625	0.697265625	5.078125	1.953125	98.828125	55.078125	17.578125	10.546875	19.921875	90.234375	17.578125	86.328125	53.515625	90.234375
sim13815	100	0.63671875	0.143046875	287.109375	0.94140625	0.55859375	0.199296875	134.765625	0.23046875	0.110703125	216.796875	4980.46875	0.79296875	322.265625	761.71875	0.91015625	0.075546875	259.765625	4902.34375	0.30859375	333.984375	644.53125	0.65234375	0.131796875	91.796875	488.28125	0.85546875	0.968359375	0.858203125	0.794921875	0.874609375	0.874609375	0.705078125	0.701171875	0.982421875	0.580078125	0.996484375	0.845703125	0.888671875	0.813671875	0.771484375	0.947265625	0.860546875	0.818359375	2.734375	88.671875	94.921875	98.046875	93.359375	94.140625	45.703125	76.953125	93.359375	68.359375	57.421875	94.140625
sim13855	100	0.15625	0.059375	78.125	0.96875	0.40625	0.025625	265.625	0.96875	0.104375	390.625	4531.25	0.15625	109.375	2031.25	0.71875	0.036875	109.375	4218.75	0.71875	15.625	3906.25	0.90625	0.171875	15.625	1406.25	0.78125	0.728125	0.765625	0.990625	0.878125	0.990625	0.890625	0.746875	0.765625	0.578125	0.990625	0.703125	0.709375	0.859375	0.990625	0.734375	0.934375	0.953125	15.625	21.875	40.625	71.875	96.875	59.375	96.875	78.125	15.625	59.375	15.625	96.875
sim13870	100	0.109375	0.0396875	460.9375	0.828125	0.484375	0.1128125	117.1875	0.359375	0.1353125	195.3125	2265.625	0.921875	195.3125	4921.875	0.796875	0.1859375	429.6875	4140.625	0.921875	398.4375	3828.125	0.234375	0.0453125	7.8125	2109.375	0.703125	0.7234375	0.7984375	0.9859375	0.9578125	0.8171875	0.6796875	0.8828125	0.8828125	0.7109375	0.7984375	0.9921875	0.7046875	0.9203125	0.9578125	0.5703125	0.9671875	0.9765625	42.1875	89.0625	48.4375	29.6875	45.3125	35.9375	89.0625	85.9375	10.9375	35.9375	92.1875	82.8125
sim13900	100	0.4140625	0.02140625	394.53125	0.6484375	0.5078125	0.12828125	160.15625	0.5546875	0.19859375	222.65625	1054.6875	0.9765625	292.96875	4335.9375	0.1484375	0.16203125	347.65625	3554.6875	0.7578125	402.34375	1601.5625	0.2890625	0.08609375	449.21875	1289.0625	0.2578125	0.99765625	0.89453125	0.90859375	0.84296875	0.80078125	0.66015625	0.97421875	0.85234375	0.64453125	0.74453125	0.50390625	0.73046875	0.94609375	0.71640625	0.74609375	0.98359375	0.85546875	47.65625	8.59375	36.71875	64.84375	19.53125	97.65625	83.59375	82.03125	41.40625	97.65625	78.90625	64.84375
sim13916	100	0.0703125	0.07203125	97.65625	0.9296875	0.6015625	0.06640625	82.03125	0.3984375	0.08046875	394.53125	3398.4375	0.6328125	183.59375	4492.1875	0.3046875	0.06640625	363.28125	2460.9375	0.1640625	417.96875	3320.3125	0.0703125	0.10296875	183.59375	3007.8125	0.8515625	0.80078125	0.86640625	0.91796875	0.98359375	0.77265625	0.70703125	0.87109375	0.93671875	0.84765625	0.82890625	0.55078125	0.92734375	0.89921875	0.96953125	0.91796875	0.78671875	0.58984375	13.28125	86.71875	39.84375	80.46875	22.65625	44.53125	74.21875	91.40625	7.03125	44.53125	19.53125	92.96875
sim13936	100	0.3046875	0.12546875	308.59375	0.9765625	0.1484375	0.11421875	417.96875	0.4765625	0.05515625	464.84375	507.8125	0.0546875	238.28125	4257.8125	0.7578125	0.09734375	74.21875	2070.3125	0.5234375	425.78125	3398.4375	0.4296875	0.12265625	50.78125	1054.6875	0.1796875	0.85234375	0.88046875	0.71640625	0.97890625	0.73046875	0.98046875	0.79140625	0.87578125	0.80859375	0.99296875	0.57421875	0.85703125	0.95078125	0.84296875	0.59765625	0.97890625	0.55078125	5.46875	47.65625	85.15625	75.78125	5.46875	92.96875	10.15625	96.09375	30.46875	92.96875	61.71875	97.65625
sim13957	100	0.67578125	0.195078125	150.390625	0.79296875	0.41015625	0.060078125	162.109375	0.00390625	0.100859375	376.953125	722.65625	0.51953125	310.546875	1191.40625	0.41796875	0.178203125	443.359375	1582.03125	0.53515625	345.703125	1542.96875	0.53515625	0.164140625	228.515625	4667.96875	0.70703125	0.895703125	0.808984375	0.736328125	0.919140625	0.942578125	0.685546875	0.717578125	0.895703125	0.982421875	0.933203125	0.669921875	0.820703125	0.839453125	0.708203125	0.544921875	0.745703125	0.736328125	28.515625	84.765625	91.015625	47.265625	62.890625	87.109375	18.359375	94.921875	67.578125	87.109375	30.078125	79.296875
sim13993	100	0.94140625	0.046015625	439.453125	0.87109375	0.83203125	0.197890625	341.796875	0.11328125	0.036171875	447.265625	2832.03125	0.16015625	365.234375	19.53125	0.90234375	0.164140625	248.046875	1347.65625	0.14453125	369.140625	1464.84375	0.95703125	0.048828125	95.703125	1308.59375	0.25390625	0.834765625	0.785546875	0.900390625	0.895703125	0.975390625	0.880859375	0.947265625	0.994140625	0.927734375	0.797265625	0.708984375	0.741015625	0.712890625	0.881640625	0.974609375	0.853515625	0.650390625	39.453125	48.828125	33.203125	45.703125	58.203125	26.171875	54.296875	93.359375	94.140625	26.171875	87.890625	87.109375
sim14027	100	0.52734375	0.061484375	388.671875	0.67578125	0.16796875	0.179609375	376.953125	0.80859375	0.074140625	474.609375	4121.09375	0.24609375	142.578125	683.59375	0.05078125	0.185234375	33.203125	761.71875	0.04296875	373.046875	4316.40625	0.51171875	0.078359375	412.109375	2128.90625	0.71484375	0.879296875	0.919140625	0.977734375	0.701171875	0.954296875	0.900390625	0.893359375	0.968359375	0.994140625	0.738671875	0.791015625	0.771484375	0.818359375	0.785546875	0.830078125	0.874609375	0.529296875	44.921875	55.859375	46.484375	62.109375	82.421875	89.453125	72.265625	87.890625	52.734375	89.453125	77.734375	67.578125
sim14058	100	0.79296875	0.081171875	490.234375	0.78515625	0.15234375	0.148671875	25.390625	0.51171875	0.060078125	451.171875	4199.21875	0.63671875	431.640625	2792.96875	0.06640625	0.126171875	494.140625	4433.59375	0.71484375	193.359375	800.78125	0.05859375	0.114921875	201.171875	2832.03125	0.32421875	0.771484375	0.998828125	0.973046875	0.940234375	0.752734375	0.689453125	0.823046875	0.710546875	0.626953125	0.930859375	0.548828125	0.973046875	0.748046875	0.855859375	0.681640625	0.701171875	0.771484375	43.359375	60.546875	35.546875	1.171875	33.984375	66.015625	80.078125	80.078125	79.296875	66.015625	98.046875	78.515625
sim14071	100	0.63671875	0.143046875	287.109375	0.94140625	0.55859375	0.199296875	134.765625	0.23046875	0.110703125	216.796875	4980.46875	0.79296875	322.265625	761.71875	0.91015625	0.075546875	259.765625	4902.34375	0.30859375	333.984375	644.53125	0.65234375	0.131796875	91.796875	488.28125	0.85546875	0.968359375	0.858203125	0.794921875	0.874609375	0.874609375	0.705078125	0.701171875	0.982421875	0.580078125	0.996484375	0.845703125	0.888671875	0.813671875	0.771484375	0.947265625	0.860546875	0.818359375	2.734375	88.671875	94.921875	98.046875	93.359375	94.140625	45.703125	76.953125	63.671875	94.140625	57.421875	94.140625
sim14111	100	0.15625	0.059375	78.125	0.96875	0.40625	0.025625	265.625	0.96875	0.104375	390.625	4531.25	0.15625	109.375	2031.25	0.71875	0.036875	109.375	4218.75	0.71875	15.625	3906.25	0.90625	0.171875	15.625	1406.25	0.78125	0.728125	0.765625	0.990625	0.878125	0.990625	0.890625	0.746875	0.765625	0.578125	0.990625	0.703125	0.709375	0.859375	0.990625	0.734375	0.934375	0.953125	15.625	21.875	40.625	71.875	96.875	59.375	96.875	78.125	15.625	21.875	96.875	96.875
sim14126	100	0.109375	0.0396875	460.9375	0.828125	0.484375	0.1128125	117.1875	0.359375	0.1353125	195.3125	2265.625	0.921875	195.3125	4921.875	0.796875	0.1859375	429.6875	4140.625	0.921875	398.4375	3828.125	0.234375	0.0453125	7.8125	2109.375	0.703125	0.7234375	0.7984375	0.9859375	0.9578125	0.8171875	0.6796875	0.8828125	0.8828125	0.7109375	0.7984375	0.9921875	0.7046875	0.9203125	0.9578125	0.5703125	0.9671875	0.9765625	42.1875	89.0625	48.4375	29.6875	45.3125	35.9375	89.0625	85.9375	10.9375	10.9375	89.0625	82.8125
sim14172	100	0.0703125	0.07203125	97.65625	0.9296875	0.6015625	0.06640625	82.03125	0.3984375	0.08046875	394.53125	3398.4375	0.6328125	183.59375	4492.1875	0.3046875	0.06640625	363.28125	2460.9375	0.1640625	417.96875	3320.3125	0.0703125	0.10296875	183.59375	3007.8125	0.8515625	0.80078125	0.86640625	0.91796875	0.98359375	0.77265625	0.70703125	0.87109375	0.93671875	0.84765625	0.82890625	0.55078125	0.92734375	0.89921875	0.96953125	0.91796875	0.78671875	0.58984375	13.28125	86.71875	39.84375	80.46875	22.65625	44.53125	74.21875	91.40625	7.03125	28.90625	74.21875	92.96875
sim14192	100	0.3046875	0.12546875	308.59375	0.9765625	0.1484375	0.11421875	417.96875	0.4765625	0.05515625	464.84375	507.8125	0.0546875	238.28125	4257.8125	0.7578125	0.09734375	74.21875	2070.3125	0.5234375	425.78125	3398.4375	0.4296875	0.12265625	50.78125	1054.6875	0.1796875	0.85234375	0.88046875	0.71640625	0.97890625	0.73046875	0.98046875	0.79140625	0.87578125	0.80859375	0.99296875	0.57421875	0.85703125	0.95078125	0.84296875	0.59765625	0.97890625	0.55078125	5.46875	47.65625	85.15625	75.78125	5.46875	92.96875	10.15625	96.09375	30.46875	58.59375	10.15625	97.65625
sim14213	100	0.67578125	0.195078125	150.390625	0.79296875	0.41015625	0.060078125	162.109375	0.00390625	0.100859375	376.953125	722.65625	0.51953125	310.546875	1191.40625	0.41796875	0.178203125	443.359375	1582.03125	0.53515625	345.703125	1542.96875	0.53515625	0.164140625	228.515625	4667.96875	0.70703125	0.895703125	0.808984375	0.736328125	0.919140625	0.942578125	0.685546875	0.717578125	0.895703125	0.982421875	0.933203125	0.669921875	0.820703125	0.839453125	0.708203125	0.544921875	0.745703125	0.736328125	28.515625	84.765625	91.015625	47.265625	62.890625	87.109375	18.359375	94.921875	67.578125	97.265625	18.359375	79.296875
sim14260	100	0.59765625	0.175390625	267.578125	0.90234375	0.48828125	0.147265625	451.171875	0.64453125	0.143046875	212.890625	3613.28125	0.25390625	380.859375	3300.78125	0.12109375	0.034765625	13.671875	1816.40625	0.86328125	228.515625	1308.59375	0.36328125	0.054453125	236.328125	3964.84375	0.78515625	0.900390625	0.757421875	0.722265625	0.998828125	0.797265625	0.896484375	0.919140625	0.703515625	0.849609375	0.825390625	0.880859375	0.825390625	0.778515625	0.741015625	0.646484375	0.712890625	0.697265625	5.078125	1.953125	98.828125	55.078125	17.578125	10.546875	19.921875	90.234375	59.765625	86.328125	19.921875	90.234375
sim14299	100	0.99609375	0.100859375	123.046875	0.89453125	0.19921875	0.061484375	361.328125	0.15234375	0.181015625	146.484375	1464.84375	0.40234375	251.953125	527.34375	0.39453125	0.089609375	48.828125	4667.96875	0.88671875	326.171875	722.65625	0.85546875	0.106484375	208.984375	3535.15625	0.18359375	0.757421875	0.872265625	0.968359375	0.860546875	0.907421875	0.978515625	0.958984375	0.902734375	0.509765625	0.823046875	0.775390625	0.968359375	0.733984375	0.888671875	0.501953125	0.752734375	0.794921875	16.796875	27.734375	30.859375	96.484375	85.546875	42.578125	81.640625	84.765625	99.609375	44.921875	81.640625	89.453125
sim14308	100	0.10546875	0.137421875	333.984375	0.97265625	0.83984375	0.182421875	244.140625	0.07421875	0.093828125	44.921875	761.71875	0.32421875	337.890625	1855.46875	0.25390625	0.114921875	150.390625	2246.09375	0.40234375	474.609375	2988.28125	0.24609375	0.193671875	169.921875	2519.53125	0.51171875	0.715234375	0.830078125	0.879296875	0.808984375	0.771484375	0.533203125	0.916796875	0.991796875	0.533203125	0.987109375	0.955078125	0.916796875	0.804296875	0.724609375	0.525390625	0.982421875	0.740234375	62.109375	91.796875	54.296875	32.421875	15.234375	22.265625	86.328125	73.828125	10.546875	65.234375	86.328125	97.265625
sim14361	100	0.78125	0.171875	15.625	0.34375	0.28125	0.183125	453.125	0.34375	0.081875	328.125	1406.25	0.03125	296.875	156.25	0.84375	0.194375	421.875	2343.75	0.59375	453.125	4531.25	0.03125	0.059375	78.125	4531.25	0.40625	0.840625	0.803125	0.878125	0.990625	0.803125	0.953125	0.934375	0.953125	0.515625	0.803125	0.640625	0.971875	0.971875	0.803125	0.671875	0.896875	0.640625	3.125	59.375	3.125	84.375	59.375	96.875	34.375	90.625	78.125	84.375	3.125	90.625
sim14376	100	0.984375	0.1971875	398.4375	0.453125	0.359375	0.0903125	179.6875	0.984375	0.1128125	7.8125	4140.625	0.796875	382.8125	3046.875	0.671875	0.0284375	117.1875	2265.625	0.796875	85.9375	4453.125	0.859375	0.1578125	70.3125	3984.375	0.078125	0.8359375	0.7609375	0.8734375	0.9203125	0.9296875	0.7421875	0.8453125	0.8453125	0.6484375	0.9859375	0.9296875	0.9671875	0.9578125	0.8453125	0.5078125	0.8546875	0.6640625	29.6875	26.5625	10.9375	17.1875	7.8125	23.4375	26.5625	98.4375	98.4375	98.4375	79.6875	98.4375
sim14382	100	0.109375	0.0396875	460.9375	0.828125	0.484375	0.1128125	117.1875	0.359375	0.1353125	195.3125	2265.625	0.921875	195.3125	4921.875	0.796875	0.1859375	429.6875	4140.625	0.921875	398.4375	3828.125	0.234375	0.0453125	7.8125	2109.375	0.703125	0.7234375	0.7984375	0.9859375	0.9578125	0.8171875	0.6796875	0.8828125	0.8828125	0.7109375	0.7984375	0.9921875	0.7046875	0.9203125	0.9578125	0.5703125	0.9671875	0.9765625	42.1875	89.0625	48.4375	29.6875	45.3125	35.9375	89.0625	85.9375	10.9375	10.9375	92.1875	85.9375
sim14389	100	0.578125	0.0228125	320.3125	0.296875	0.953125	0.0509375	39.0625	0.265625	0.0621875	273.4375	4921.875	0.640625	367.1875	1015.625	0.328125	0.1690625	132.8125	2109.375	0.203125	445.3125	4609.375	0.453125	0.1746875	210.9375	1328.125	0.609375	0.9015625	0.7890625	0.7515625	0.9671875	0.8453125	0.7265625	0.7234375	0.8546875	0.5703125	0.9390625	0.7265625	0.9015625	0.8734375	0.9296875	0.8671875	0.7140625	0.7421875	14.0625	23.4375	70.3125	82.8125	67.1875	39.0625	98.4375	95.3125	57.8125	1.5625	64.0625	95.3125
sim14410	100	0.5390625	0.17890625	457.03125	0.0234375	0.6328125	0.10578125	97.65625	0.1796875	0.17609375	35.15625	2929.6875	0.8515625	105.46875	3710.9375	0.2734375	0.04953125	160.15625	429.6875	0.8828125	89.84375	2226.5625	0.6640625	0.15359375	386.71875	4414.0625	0.8828125	0.88515625	0.93203125	0.94609375	0.73046875	0.98828125	0.72265625	0.71171875	0.81484375	0.70703125	0.85703125	0.56640625	0.99296875	0.90859375	0.90390625	0.68359375	0.87109375	0.54296875	35.15625	71.09375	24.21875	77.34375	32.03125	60.15625	46.09375	94.53125	53.90625	88.28125	91.40625	94.53125
sim14412	100	0.4140625	0.02140625	394.53125	0.6484375	0.5078125	0.12828125	160.15625	0.5546875	0.19859375	222.65625	1054.6875	0.9765625	292.96875	4335.9375	0.1484375	0.16203125	347.65625	3554.6875	0.7578125	402.34375	1601.5625	0.2890625	0.08609375	449.21875	1289.0625	0.2578125	0.99765625	0.89453125	0.90859375	0.84296875	0.80078125	0.66015625	0.97421875	0.85234375	0.64453125	0.74453125	0.50390625	0.73046875	0.94609375	0.71640625	0.74609375	0.98359375	0.85546875	47.65625	8.59375	36.71875	64.84375	19.53125	97.65625	83.59375	82.03125	41.40625	0.78125	78.90625	82.03125
sim14423	100	0.8828125	0.03828125	253.90625	0.2421875	0.0390625	0.05515625	238.28125	0.5859375	0.09171875	300.78125	3710.9375	0.6953125	152.34375	429.6875	0.7421875	0.19015625	82.03125	273.4375	0.1015625	449.21875	2382.8125	0.0078125	0.13671875	277.34375	2070.3125	0.4140625	0.78203125	0.92265625	0.82421875	0.77734375	0.79140625	0.73828125	0.81484375	0.88046875	0.50390625	0.92265625	0.76953125	0.90859375	0.99296875	0.72578125	0.94921875	0.73046875	0.62109375	19.53125	80.46875	58.59375	24.21875	91.40625	75.78125	80.46875	97.65625	88.28125	10.15625	50.78125	97.65625
sim14428	100	0.0703125	0.07203125	97.65625	0.9296875	0.6015625	0.06640625	82.03125	0.3984375	0.08046875	394.53125	3398.4375	0.6328125	183.59375	4492.1875	0.3046875	0.06640625	363.28125	2460.9375	0.1640625	417.96875	3320.3125	0.0703125	0.10296875	183.59375	3007.8125	0.8515625	0.80078125	0.86640625	0.91796875	0.98359375	0.77265625	0.70703125	0.87109375	0.93671875	0.84765625	0.82890625	0.55078125	0.92734375	0.89921875	0.96953125	0.91796875	0.78671875	0.58984375	13.28125	86.71875	39.84375	80.46875	22.65625	44.53125	74.21875	91.40625	7.03125	28.90625	19.53125	91.40625
sim14438	100	0.8359375	0.06359375	136.71875	0.0703125	0.1171875	0.15359375	402.34375	0.1953125	0.15078125	105.46875	664.0625	0.4609375	35.15625	2539.0625	0.7890625	0.02421875	402.34375	39.0625	0.3046875	66.40625	2304.6875	0.8359375	0.08328125	253.90625	1523.4375	0.0859375	0.78671875	0.94609375	0.81953125	0.70703125	0.94609375	0.96484375	0.95078125	0.77265625	0.63671875	0.72109375	0.55859375	0.92265625	0.94140625	0.75859375	0.86328125	0.76328125	0.56640625	46.09375	7.03125	50.78125	78.90625	39.84375	2.34375	82.03125	92.96875	83.59375	24.21875	27.34375	92.96875
sim14443	100	0.7734375	0.11984375	417.96875	0.3828125	0.6796875	0.05234375	496.09375	0.3828125	0.13953125	11.71875	2851.5625	0.2734375	316.40625	351.5625	0.3515625	0.08046875	371.09375	4101.5625	0.3671875	472.65625	2617.1875	0.1484375	0.09453125	222.65625	585.9375	0.0234375	0.76796875	0.85234375	0.95078125	0.95078125	0.70234375	0.93359375	0.93203125	0.86640625	0.91796875	0.81484375	0.83984375	0.75390625	0.99765625	0.81484375	0.83203125	0.70703125	0.78515625	27.34375	63.28125	7.03125	35.15625	83.59375	83.59375	0.78125	86.71875	77.34375	55.46875	83.59375	86.71875
sim14445	100	0.1484375	0.09734375	480.46875	0.7578125	0.5546875	0.16484375	308.59375	0.7578125	0.11703125	199.21875	976.5625	0.3984375	3.90625	2226.5625	0.2265625	0.14796875	183.59375	2226.5625	0.4921875	35.15625	3242.1875	0.7734375	0.11703125	160.15625	3710.9375	0.6484375	0.80546875	0.96484375	0.91328125	0.91328125	0.88984375	0.99609375	0.74453125	0.82890625	0.98046875	0.92734375	0.77734375	0.94140625	0.88515625	0.92734375	0.76953125	0.81953125	0.59765625	39.84375	0.78125	44.53125	22.65625	71.09375	71.09375	63.28125	99.21875	14.84375	42.96875	96.09375	99.21875
sim14448	100	0.3046875	0.12546875	308.59375	0.9765625	0.1484375	0.11421875	417.96875	0.4765625	0.05515625	464.84375	507.8125	0.0546875	238.28125	4257.8125	0.7578125	0.09734375	74.21875	2070.3125	0.5234375	425.78125	3398.4375	0.4296875	0.12265625	50.78125	1054.6875	0.1796875	0.85234375	0.88046875	0.71640625	0.97890625	0.73046875	0.98046875	0.79140625	0.87578125	0.80859375	0.99296875	0.57421875	0.85703125	0.95078125	0.84296875	0.59765625	0.97890625	0.55078125	5.46875	47.65625	85.15625	75.78125	5.46875	92.96875	10.15625	96.09375	30.46875	58.59375	61.71875	96.09375
sim14459	100	0.7421875	0.15921875	89.84375	0.1640625	0.7109375	0.19296875	261.71875	0.5390625	0.02140625	371.09375	195.3125	0.1171875	207.03125	820.3125	0.1953125	0.17609375	355.46875	507.8125	0.7109375	457.03125	2460.9375	0.4921875	0.06640625	394.53125	3867.1875	0.6171875	0.87109375	0.89921875	0.96015625	0.81015625	0.82421875	0.94921875	0.92265625	0.93203125	0.58984375	0.74921875	0.85546875	0.98828125	0.85703125	0.86171875	0.50390625	0.92265625	0.51953125	11.71875	41.40625	16.40625	19.53125	86.71875	36.71875	41.40625	89.84375	74.21875	77.34375	17.96875	89.84375
sim14469	100	0.67578125	0.195078125	150.390625	0.79296875	0.41015625	0.060078125	162.109375	0.00390625	0.100859375	376.953125	722.65625	0.51953125	310.546875	1191.40625	0.41796875	0.178203125	443.359375	1582.03125	0.53515625	345.703125	1542.96875	0.53515625	0.164140625	228.515625	4667.96875	0.70703125	0.895703125	0.808984375	0.736328125	0.919140625	0.942578125	0.685546875	0.717578125	0.895703125	0.982421875	0.933203125	0.669921875	0.820703125	0.839453125	0.708203125	0.544921875	0.745703125	0.736328125	28.515625	84.765625	91.015625	47.265625	62.890625	87.109375	18.359375	94.921875	67.578125	97.265625	30.078125	94.921875
sim14483	100	0.20703125	0.076953125	291.015625	0.13671875	0.31640625	0.020703125	146.484375	0.28515625	0.196484375	48.828125	566.40625	0.98828125	482.421875	1972.65625	0.38671875	0.116328125	21.484375	1113.28125	0.25390625	142.578125	2949.21875	0.19140625	0.023515625	462.890625	2949.21875	0.55078125	0.830078125	0.724609375	0.839453125	0.797265625	0.708203125	0.638671875	0.876953125	0.717578125	0.591796875	0.755078125	0.716796875	0.811328125	0.830078125	0.792578125	0.810546875	0.998828125	0.626953125	19.140625	69.140625	69.140625	44.140625	78.515625	21.484375	90.234375	91.796875	20.703125	31.640625	58.203125	91.796875
sim14494	100	0.14453125	0.178203125	9.765625	0.32421875	0.87890625	0.121953125	240.234375	0.09765625	0.185234375	80.078125	3378.90625	0.80078125	138.671875	4785.15625	0.94921875	0.172578125	240.234375	4550.78125	0.31640625	298.828125	2011.71875	0.75390625	0.057265625	56.640625	3886.71875	0.61328125	0.736328125	0.780859375	0.933203125	0.853515625	0.951953125	0.732421875	0.858203125	0.923828125	0.873046875	0.811328125	0.935546875	0.942578125	0.811328125	0.736328125	0.779296875	0.942578125	0.970703125	0.390625	0.390625	12.890625	87.890625	47.265625	90.234375	21.484375	85.546875	14.453125	87.890625	1.953125	85.546875
sim14498	100	0.00390625	0.102265625	158.203125	0.05859375	0.26953125	0.119140625	498.046875	0.92578125	0.047421875	353.515625	2519.53125	0.22265625	333.984375	4707.03125	0.08984375	0.107890625	466.796875	1035.15625	0.08203125	275.390625	3027.34375	0.89453125	0.195078125	439.453125	3496.09375	0.94140625	0.816015625	0.841796875	0.844140625	0.726953125	0.881640625	0.912109375	0.741015625	0.900390625	0.708984375	0.853515625	0.990234375	0.797265625	0.806640625	0.825390625	0.880859375	0.947265625	0.681640625	45.703125	42.578125	64.453125	51.953125	26.953125	94.921875	98.046875	99.609375	0.390625	45.703125	31.640625	99.609375
sim14505	100	0.94140625	0.046015625	439.453125	0.87109375	0.83203125	0.197890625	341.796875	0.11328125	0.036171875	447.265625	2832.03125	0.16015625	365.234375	19.53125	0.90234375	0.164140625	248.046875	1347.65625	0.14453125	369.140625	1464.84375	0.95703125	0.048828125	95.703125	1308.59375	0.25390625	0.834765625	0.785546875	0.900390625	0.895703125	0.975390625	0.880859375	0.947265625	0.994140625	0.927734375	0.797265625	0.708984375	0.741015625	0.712890625	0.881640625	0.974609375	0.853515625	0.650390625	39.453125	48.828125	33.203125	45.703125	58.203125	26.171875	54.296875	93.359375	94.140625	14.453125	87.890625	93.359375
sim14516	100	0.59765625	0.175390625	267.578125	0.90234375	0.48828125	0.147265625	451.171875	0.64453125	0.143046875	212.890625	3613.28125	0.25390625	380.859375	3300.78125	0.12109375	0.034765625	13.671875	1816.40625	0.86328125	228.515625	1308.59375	0.36328125	0.054453125	236.328125	3964.84375	0.78515625	0.900390625	0.757421875	0.722265625	0.998828125	0.797265625	0.896484375	0.919140625	0.703515625	0.849609375	0.825390625	0.880859375	0.825390625	0.778515625	0.741015625	0.646484375	0.712890625	0.697265625	5.078125	1.953125	98.828125	55.078125	17.578125	10.546875	19.921875	90.234375	59.765625	86.328125	53.515625	90.234375
sim14521	100	0.53515625	0.096640625	48.828125	0.58984375	0.80078125	0.046015625	419.921875	0.95703125	0.154296875	181.640625	175.78125	0.44140625	224.609375	1113.28125	0.55859375	0.068515625	232.421875	2753.90625	0.80078125	322.265625	3496.09375	0.67578125	0.020703125	267.578125	3027.34375	0.84765625	0.956640625	0.813671875	0.891015625	0.755078125	0.853515625	0.990234375	0.900390625	0.909765625	0.568359375	0.731640625	0.724609375	0.994140625	0.834765625	0.834765625	0.677734375	0.769140625	0.916015625	23.828125	70.703125	42.578125	11.328125	61.328125	79.296875	88.671875	83.984375	53.515625	42.578125	9.765625	83.984375
sim14528	100	0.46484375	0.095234375	232.421875	0.48828125	0.73046875	0.123359375	283.203125	0.24609375	0.107890625	318.359375	3808.59375	0.18359375	173.828125	4121.09375	0.98828125	0.083984375	251.953125	1699.21875	0.23046875	279.296875	253.90625	0.57421875	0.112109375	5.859375	3066.40625	0.02734375	0.860546875	0.862890625	0.771484375	0.907421875	0.898046875	0.931640625	0.799609375	0.912109375	0.650390625	0.982421875	0.509765625	0.790234375	0.762109375	0.916796875	0.798828125	0.930859375	0.560546875	38.671875	62.109375	52.734375	43.359375	1.171875	33.203125	78.515625	94.140625	46.484375	41.796875	46.484375	94.140625
sim14539	100	0.52734375	0.061484375	388.671875	0.67578125	0.16796875	0.179609375	376.953125	0.80859375	0.074140625	474.609375	4121.09375	0.24609375	142.578125	683.59375	0.05078125	0.185234375	33.203125	761.71875	0.04296875	373.046875	4316.40625	0.51171875	0.078359375	412.109375	2128.90625	0.71484375	0.879296875	0.919140625	0.977734375	0.701171875	0.954296875	0.900390625	0.893359375	0.968359375	0.994140625	0.738671875	0.791015625	0.771484375	0.818359375	0.785546875	0.830078125	0.874609375	0.529296875	44.921875	55.859375	46.484375	62.109375	82.421875	89.453125	72.265625	87.890625	52.734375	23.046875	77.734375	87.890625
sim14550	100	0.93359375	0.157109375	341.796875	0.58203125	0.51171875	0.140234375	267.578125	0.46484375	0.192265625	240.234375	4902.34375	0.33984375	95.703125	2714.84375	0.95703125	0.055859375	205.078125	1230.46875	0.94921875	232.421875	4160.15625	0.16796875	0.072734375	302.734375	4472.65625	0.24609375	0.776171875	0.928515625	0.799609375	0.804296875	0.813671875	0.884765625	0.940234375	0.733984375	0.791015625	0.729296875	0.619140625	0.837109375	0.752734375	0.982421875	0.533203125	0.733984375	0.576171875	10.546875	96.484375	87.109375	40.234375	41.796875	73.828125	0.390625	91.015625	93.359375	76.171875	68.359375	91.015625
sim14567	100	0.85546875	0.182421875	208.984375	0.72265625	0.58984375	0.047421875	119.140625	0.82421875	0.048828125	419.921875	2011.71875	0.57421875	212.890625	605.46875	0.50390625	0.159921875	275.390625	996.09375	0.65234375	349.609375	4238.28125	0.99609375	0.148671875	294.921875	3769.53125	0.26171875	0.790234375	0.905078125	0.804296875	0.733984375	0.996484375	0.658203125	0.841796875	0.916796875	0.908203125	0.912109375	0.830078125	0.841796875	0.729296875	0.949609375	0.650390625	0.757421875	0.615234375	37.109375	16.796875	79.296875	57.421875	90.234375	47.265625	11.328125	98.828125	85.546875	90.234375	41.796875	98.828125
sim14570	100	0.79296875	0.081171875	490.234375	0.78515625	0.15234375	0.148671875	25.390625	0.51171875	0.060078125	451.171875	4199.21875	0.63671875	431.640625	2792.96875	0.06640625	0.126171875	494.140625	4433.59375	0.71484375	193.359375	800.78125	0.05859375	0.114921875	201.171875	2832.03125	0.32421875	0.771484375	0.998828125	0.973046875	0.940234375	0.752734375	0.689453125	0.823046875	0.710546875	0.626953125	0.930859375	0.548828125	0.973046875	0.748046875	0.855859375	0.681640625	0.701171875	0.771484375	43.359375	60.546875	35.546875	1.171875	33.984375	66.015625	80.078125	80.078125	79.296875	33.984375	98.046875	80.078125
sim14572	100	0.16796875	0.148671875	427.734375	0.41015625	0.02734375	0.081171875	212.890625	0.13671875	0.037578125	263.671875	2324.21875	0.51171875	244.140625	4667.96875	0.44140625	0.103671875	56.640625	1308.59375	0.58984375	255.859375	175.78125	0.93359375	0.092421875	138.671875	957.03125	0.94921875	0.808984375	0.886328125	0.860546875	0.902734375	0.865234375	0.626953125	0.860546875	0.973046875	0.689453125	0.818359375	0.611328125	0.710546875	0.785546875	0.743359375	0.744140625	0.813671875	0.583984375	30.859375	23.046875	23.046875	38.671875	21.484375	78.515625	42.578125	92.578125	16.796875	71.484375	85.546875	92.578125
sim14577	100	0.26171875	0.075546875	349.609375	0.31640625	0.68359375	0.041796875	72.265625	0.60546875	0.133203125	29.296875	1855.46875	0.91796875	9.765625	1386.71875	0.53515625	0.143046875	197.265625	1777.34375	0.43359375	146.484375	19.53125	0.27734375	0.109296875	29.296875	3613.28125	0.48046875	0.855859375	0.970703125	0.757421875	0.987109375	0.762109375	0.642578125	0.963671875	0.719921875	0.517578125	0.808984375	0.783203125	0.776171875	0.701171875	0.883984375	0.884765625	0.973046875	0.505859375	15.234375	26.171875	57.421875	60.546875	55.859375	56.640625	83.203125	89.453125	26.171875	30.859375	69.921875	89.453125
sim14592	100	0.345703125	0.132851563	176.7578125	0.439453125	0.458984375	0.056210938	401.3671875	0.455078125	0.040742188	344.7265625	3212.890625	0.904296875	375.9765625	1083.984375	0.927734375	0.178554688	256.8359375	185.546875	0.486328125	268.5546875	3603.515625	0.767578125	0.078710938	325.1953125	4619.140625	0.916015625	0.759179688	0.712304688	0.964257813	0.834179688	0.844726563	0.790039063	0.936132813	0.991210938	0.559570313	0.911523438	0.709960938	0.930273438	0.773242188	0.866992188	0.989257813	0.862304688	0.694335938	58.7890625	3.7109375	16.2109375	68.5546875	0.1953125	50.1953125	90.8203125	85.7421875	34.5703125	62.6953125	35.3515625	85.7421875
sim14617	100	0.78125	0.194375	171.875	0.90625	0.78125	0.171875	15.625	0.34375	0.070625	453.125	4531.25	0.34375	171.875	3281.25	0.28125	0.025625	296.875	156.25	0.84375	484.375	4218.75	0.46875	0.126875	453.125	4531.25	0.03125	0.765625	0.746875	0.971875	0.821875	0.840625	0.671875	0.878125	0.990625	0.671875	0.971875	0.890625	0.953125	0.709375	0.803125	0.640625	0.971875	0.953125	34.375	34.375	65.625	28.125	3.125	59.375	3.125	84.375	59.375	96.875	34.375	90.625
sim14627	100	0.046875	0.1184375	101.5625	0.921875	0.046875	0.1409375	242.1875	0.640625	0.1634375	39.0625	234.375	0.046875	351.5625	1640.625	0.765625	0.1746875	414.0625	2109.375	0.359375	367.1875	3359.375	0.015625	0.1971875	54.6875	1015.625	0.796875	0.7234375	0.9859375	0.7703125	0.8921875	0.8171875	0.5078125	0.7796875	0.7140625	0.8515625	0.8265625	0.7734375	0.7515625	0.9953125	0.7421875	0.6484375	0.8734375	0.7734375	54.6875	20.3125	82.8125	26.5625	35.9375	32.8125	92.1875	85.9375	76.5625	54.6875	20.3125	92.1875
sim14645	100	0.578125	0.0903125	492.1875	0.953125	0.578125	0.0228125	320.3125	0.296875	0.1915625	85.9375	390.625	0.265625	117.1875	2734.375	0.984375	0.1353125	367.1875	1015.625	0.328125	414.0625	1328.125	0.421875	0.0565625	445.3125	4609.375	0.453125	0.9578125	0.8265625	0.7796875	0.8828125	0.9015625	0.6484375	0.7515625	0.9671875	0.7421875	0.8359375	0.5390625	0.8546875	0.7421875	0.9390625	0.7265625	0.9015625	0.7890625	76.5625	73.4375	4.6875	48.4375	14.0625	23.4375	70.3125	82.8125	67.1875	39.0625	98.4375	95.3125
sim14704	100	0.3046875	0.18734375	50.78125	0.9609375	0.3046875	0.12546875	308.59375	0.9765625	0.04671875	261.71875	4179.6875	0.4765625	97.65625	4648.4375	0.1015625	0.02984375	238.28125	4257.8125	0.7578125	214.84375	742.1875	0.4140625	0.11421875	425.78125	3398.4375	0.4296875	0.87109375	0.73046875	0.76328125	0.75390625	0.85234375	0.80078125	0.71640625	0.97890625	0.55078125	0.98828125	0.65234375	0.87578125	0.88515625	0.99296875	0.57421875	0.85703125	0.91796875	47.65625	19.53125	92.96875	10.15625	5.46875	47.65625	85.15625	75.78125	5.46875	92.96875	10.15625	96.09375
sim14756	100	0.87890625	0.123359375	177.734375	0.87109375	0.87890625	0.124765625	220.703125	0.68359375	0.091015625	212.890625	3105.46875	0.30078125	13.671875	4160.15625	0.12890625	0.037578125	21.484375	2832.03125	0.46484375	306.640625	292.96875	0.58203125	0.057265625	212.890625	3652.34375	0.01953125	0.729296875	0.926171875	0.722265625	0.794921875	0.703515625	0.548828125	0.731640625	0.839453125	0.615234375	0.984765625	0.880859375	0.787890625	0.787890625	0.741015625	0.927734375	0.909765625	0.615234375	79.296875	88.671875	69.921875	98.828125	33.203125	80.078125	76.953125	89.453125	14.453125	57.421875	35.546875	87.109375
sim14839	100	0.63671875	0.189453125	228.515625	0.76953125	0.63671875	0.143046875	287.109375	0.94140625	0.120546875	498.046875	1347.65625	0.23046875	251.953125	2167.96875	0.99609375	0.162734375	322.265625	761.71875	0.91015625	154.296875	2597.65625	0.98046875	0.075546875	333.984375	644.53125	0.65234375	0.886328125	0.755078125	0.729296875	0.956640625	0.968359375	0.763671875	0.794921875	0.874609375	0.791015625	0.823046875	0.501953125	0.982421875	0.748046875	0.996484375	0.845703125	0.888671875	0.689453125	23.828125	89.453125	53.515625	63.671875	2.734375	88.671875	94.921875	98.046875	93.359375	94.140625	45.703125	76.953125
sim14873	100	0.59375	0.171875	171.875	0.90625	0.78125	0.171875	15.625	0.34375	0.070625	453.125	4531.25	0.34375	171.875	3281.25	0.28125	0.025625	296.875	156.25	0.84375	484.375	4218.75	0.46875	0.126875	453.125	4531.25	0.03125	0.765625	0.746875	0.971875	0.821875	0.840625	0.671875	0.878125	0.990625	0.671875	0.971875	0.890625	0.953125	0.709375	0.803125	0.640625	0.971875	0.953125	34.375	34.375	65.625	28.125	3.125	59.375	3.125	84.375	59.375	96.875	34.375	90.625
sim14883	100	0.765625	0.1409375	101.5625	0.921875	0.046875	0.1409375	242.1875	0.640625	0.1634375	39.0625	234.375	0.046875	351.5625	1640.625	0.765625	0.1746875	414.0625	2109.375	0.359375	367.1875	3359.375	0.015625	0.1971875	54.6875	1015.625	0.796875	0.7234375	0.9859375	0.7703125	0.8921875	0.8171875	0.5078125	0.7796875	0.7140625	0.8515625	0.8265625	0.7734375	0.7515625	0.9953125	0.7421875	0.6484375	0.8734375	0.7734375	54.6875	20.3125	82.8125	26.5625	35.9375	32.8125	92.1875	85.9375	76.5625	54.6875	20.3125	92.1875
sim14901	100	0.671875	0.0228125	492.1875	0.953125	0.578125	0.0228125	320.3125	0.296875	0.1915625	85.9375	390.625	0.265625	117.1875	2734.375	0.984375	0.1353125	367.1875	1015.625	0.328125	414.0625	1328.125	0.421875	0.0565625	445.3125	4609.375	0.453125	0.9578125	0.8265625	0.7796875	0.8828125	0.9015625	0.6484375	0.7515625	0.9671875	0.7421875	0.8359375	0.5390625	0.8546875	0.7421875	0.9390625	0.7265625	0.9015625	0.7890625	76.5625	73.4375	4.6875	48.4375	14.0625	23.4375	70.3125	82.8125	67.1875	39.0625	98.4375	95.3125
sim14960	100	0.0546875	0.12546875	50.78125	0.9609375	0.3046875	0.12546875	308.59375	0.9765625	0.04671875	261.71875	4179.6875	0.4765625	97.65625	4648.4375	0.1015625	0.02984375	238.28125	4257.8125	0.7578125	214.84375	742.1875	0.4140625	0.11421875	425.78125	3398.4375	0.4296875	0.87109375	0.73046875	0.76328125	0.75390625	0.85234375	0.80078125	0.71640625	0.97890625	0.55078125	0.98828125	0.65234375	0.87578125	0.88515625	0.99296875	0.57421875	0.85703125	0.91796875	47.65625	19.53125	92.96875	10.15625	5.46875	47.65625	85.15625	75.78125	5.46875	92.96875	10.15625	96.09375
sim15012	100	0.14453125	0.124765625	177.734375	0.87109375	0.87890625	0.124765625	220.703125	0.68359375	0.091015625	212.890625	3105.46875	0.30078125	13.671875	4160.15625	0.12890625	0.037578125	21.484375	2832.03125	0.46484375	306.640625	292.96875	0.58203125	0.057265625	212.890625	3652.34375	0.01953125	0.729296875	0.926171875	0.722265625	0.794921875	0.703515625	0.548828125	0.731640625	0.839453125	0.615234375	0.984765625	0.880859375	0.787890625	0.787890625	0.741015625	0.927734375	0.909765625	0.615234375	79.296875	88.671875	69.921875	98.828125	33.203125	80.078125	76.953125	89.453125	14.453125	57.421875	35.546875	87.109375
sim15095	100	0.93359375	0.143046875	228.515625	0.76953125	0.63671875	0.143046875	287.109375	0.94140625	0.120546875	498.046875	1347.65625	0.23046875	251.953125	2167.96875	0.99609375	0.162734375	322.265625	761.71875	0.91015625	154.296875	2597.65625	0.98046875	0.075546875	333.984375	644.53125	0.65234375	0.886328125	0.755078125	0.729296875	0.956640625	0.968359375	0.763671875	0.794921875	0.874609375	0.791015625	0.823046875	0.501953125	0.982421875	0.748046875	0.996484375	0.845703125	0.888671875	0.689453125	23.828125	89.453125	53.515625	63.671875	2.734375	88.671875	94.921875	98.046875	93.359375	94.140625	45.703125	76.953125
sim15129	100	0.59375	0.194375	15.625	0.90625	0.78125	0.171875	15.625	0.34375	0.070625	453.125	4531.25	0.34375	171.875	3281.25	0.28125	0.025625	296.875	156.25	0.84375	484.375	4218.75	0.46875	0.126875	453.125	4531.25	0.03125	0.765625	0.746875	0.971875	0.821875	0.840625	0.671875	0.878125	0.990625	0.671875	0.971875	0.890625	0.953125	0.709375	0.803125	0.640625	0.971875	0.953125	34.375	34.375	65.625	28.125	3.125	59.375	3.125	84.375	59.375	96.875	34.375	90.625
sim15139	100	0.765625	0.1184375	242.1875	0.921875	0.046875	0.1409375	242.1875	0.640625	0.1634375	39.0625	234.375	0.046875	351.5625	1640.625	0.765625	0.1746875	414.0625	2109.375	0.359375	367.1875	3359.375	0.015625	0.1971875	54.6875	1015.625	0.796875	0.7234375	0.9859375	0.7703125	0.8921875	0.8171875	0.5078125	0.7796875	0.7140625	0.8515625	0.8265625	0.7734375	0.7515625	0.9953125	0.7421875	0.6484375	0.8734375	0.7734375	54.6875	20.3125	82.8125	26.5625	35.9375	32.8125	92.1875	85.9375	76.5625	54.6875	20.3125	92.1875
sim15157	100	0.671875	0.0903125	320.3125	0.953125	0.578125	0.0228125	320.3125	0.296875	0.1915625	85.9375	390.625	0.265625	117.1875	2734.375	0.984375	0.1353125	367.1875	1015.625	0.328125	414.0625	1328.125	0.421875	0.0565625	445.3125	4609.375	0.453125	0.9578125	0.8265625	0.7796875	0.8828125	0.9015625	0.6484375	0.7515625	0.9671875	0.7421875	0.8359375	0.5390625	0.8546875	0.7421875	0.9390625	0.7265625	0.9015625	0.7890625	76.5625	73.4375	4.6875	48.4375	14.0625	23.4375	70.3125	82.8125	67.1875	39.0625	98.4375	95.3125
sim15216	100	0.0546875	0.18734375	308.59375	0.9609375	0.3046875	0.12546875	308.59375	0.9765625	0.04671875	261.71875	4179.6875	0.4765625	97.65625	4648.4375	0.1015625	0.02984375	238.28125	4257.8125	0.7578125	214.84375	742.1875	0.4140625	0.11421875	425.78125	3398.4375	0.4296875	0.87109375	0.73046875	0.76328125	0.75390625	0.85234375	0.80078125	0.71640625	0.97890625	0.55078125	0.98828125	0.65234375	0.87578125	0.88515625	0.99296875	0.57421875	0.85703125	0.91796875	47.65625	19.53125	92.96875	10.15625	5.46875	47.65625	85.15625	75.78125	5.46875	92.96875	10.15625	96.09375
sim15268	100	0.14453125	0.123359375	220.703125	0.87109375	0.87890625	0.124765625	220.703125	0.68359375	0.091015625	212.890625	3105.46875	0.30078125	13.671875	4160.15625	0.12890625	0.037578125	21.484375	2832.03125	0.46484375	306.640625	292.96875	0.58203125	0.057265625	212.890625	3652.34375	0.01953125	0.729296875	0.926171875	0.722265625	0.794921875	0.703515625	0.548828125	0.731640625	0.839453125	0.615234375	0.984765625	0.880859375	0.787890625	0.787890625	0.741015625	0.927734375	0.909765625	0.615234375	79.296875	88.671875	69.921875	98.828125	33.203125	80.078125	76.953125	89.453125	14.453125	57.421875	35.546875	87.109375
sim15351	100	0.93359375	0.189453125	287.109375	0.76953125	0.63671875	0.143046875	287.109375	0.94140625	0.120546875	498.046875	1347.65625	0.23046875	251.953125	2167.96875	0.99609375	0.162734375	322.265625	761.71875	0.91015625	154.296875	2597.65625	0.98046875	0.075546875	333.984375	644.53125	0.65234375	0.886328125	0.755078125	0.729296875	0.956640625	0.968359375	0.763671875	0.794921875	0.874609375	0.791015625	0.823046875	0.501953125	0.982421875	0.748046875	0.996484375	0.845703125	0.888671875	0.689453125	23.828125	89.453125	53.515625	63.671875	2.734375	88.671875	94.921875	98.046875	93.359375	94.140625	45.703125	76.953125
sim15385	100	0.59375	0.194375	171.875	0.34375	0.78125	0.171875	15.625	0.34375	0.070625	453.125	4531.25	0.34375	171.875	3281.25	0.28125	0.025625	296.875	156.25	0.84375	484.375	4218.75	0.46875	0.126875	453.125	4531.25	0.03125	0.765625	0.746875	0.971875	0.821875	0.840625	0.671875	0.878125	0.990625	0.671875	0.971875	0.890625	0.953125	0.709375	0.803125	0.640625	0.971875	0.953125	34.375	34.375	65.625	28.125	3.125	59.375	3.125	84.375	59.375	96.875	34.375	90.625
sim15395	100	0.765625	0.1184375	101.5625	0.640625	0.046875	0.1409375	242.1875	0.640625	0.1634375	39.0625	234.375	0.046875	351.5625	1640.625	0.765625	0.1746875	414.0625	2109.375	0.359375	367.1875	3359.375	0.015625	0.1971875	54.6875	1015.625	0.796875	0.7234375	0.9859375	0.7703125	0.8921875	0.8171875	0.5078125	0.7796875	0.7140625	0.8515625	0.8265625	0.7734375	0.7515625	0.9953125	0.7421875	0.6484375	0.8734375	0.7734375	54.6875	20.3125	82.8125	26.5625	35.9375	32.8125	92.1875	85.9375	76.5625	54.6875	20.3125	92.1875
sim15413	100	0.671875	0.0903125	492.1875	0.296875	0.578125	0.0228125	320.3125	0.296875	0.1915625	85.9375	390.625	0.265625	117.1875	2734.375	0.984375	0.1353125	367.1875	1015.625	0.328125	414.0625	1328.125	0.421875	0.0565625	445.3125	4609.375	0.453125	0.9578125	0.8265625	0.7796875	0.8828125	0.9015625	0.6484375	0.7515625	0.9671875	0.7421875	0.8359375	0.5390625	0.8546875	0.7421875	0.9390625	0.7265625	0.9015625	0.7890625	76.5625	73.4375	4.6875	48.4375	14.0625	23.4375	70.3125	82.8125	67.1875	39.0625	98.4375	95.3125
sim15472	100	0.0546875	0.18734375	50.78125	0.9765625	0.3046875	0.12546875	308.59375	0.9765625	0.04671875	261.71875	4179.6875	0.4765625	97.65625	4648.4375	0.1015625	0.02984375	238.28125	4257.8125	0.7578125	214.84375	742.1875	0.4140625	0.11421875	425.78125	3398.4375	0.4296875	0.87109375	0.73046875	0.76328125	0.75390625	0.85234375	0.80078125	0.71640625	0.97890625	0.55078125	0.98828125	0.65234375	0.87578125	0.88515625	0.99296875	0.57421875	0.85703125	0.91796875	47.65625	19.53125	92.96875	10.15625	5.46875	47.65625	85.15625	75.78125	5.46875	92.96875	10.15625	96.09375
sim15524	100	0.14453125	0.123359375	177.734375	0.68359375	0.87890625	0.124765625	220.703125	0.68359375	0.091015625	212.890625	3105.46875	0.30078125	13.671875	4160.15625	0.12890625	0.037578125	21.484375	2832.03125	0.46484375	306.640625	292.96875	0.58203125	0.057265625	212.890625	3652.34375	0.01953125	0.729296875	0.926171875	0.722265625	0.794921875	0.703515625	0.548828125	0.731640625	0.839453125	0.615234375	0.984765625	0.880859375	0.787890625	0.787890625	0.741015625	0.927734375	0.909765625	0.615234375	79.296875	88.671875	69.921875	98.828125	33.203125	80.078125	76.953125	89.453125	14.453125	57.421875	35.546875	87.109375
sim15607	100	0.93359375	0.189453125	228.515625	0.94140625	0.63671875	0.143046875	287.109375	0.94140625	0.120546875	498.046875	1347.65625	0.23046875	251.953125	2167.96875	0.99609375	0.162734375	322.265625	761.71875	0.91015625	154.296875	2597.65625	0.98046875	0.075546875	333.984375	644.53125	0.65234375	0.886328125	0.755078125	0.729296875	0.956640625	0.968359375	0.763671875	0.794921875	0.874609375	0.791015625	0.823046875	0.501953125	0.982421875	0.748046875	0.996484375	0.845703125	0.888671875	0.689453125	23.828125	89.453125	53.515625	63.671875	2.734375	88.671875	94.921875	98.046875	93.359375	94.140625	45.703125	76.953125
sim15641	100	0.59375	0.194375	171.875	0.90625	0.28125	0.171875	15.625	0.34375	0.070625	453.125	4531.25	0.34375	171.875	3281.25	0.28125	0.025625	296.875	156.25	0.84375	484.375	4218.75	0.46875	0.126875	453.125	4531.25	0.03125	0.765625	0.746875	0.971875	0.821875	0.840625	0.671875	0.878125	0.990625	0.671875	0.971875	0.890625	0.953125	0.709375	0.803125	0.640625	0.971875	0.953125	34.375	34.375	65.625	28.125	3.125	59.375	3.125	84.375	59.375	96.875	34.375	90.625
sim15651	100	0.765625	0.1184375	101.5625	0.921875	0.796875	0.1409375	242.1875	0.640625	0.1634375	39.0625	234.375	0.046875	351.5625	1640.625	0.765625	0.1746875	414.0625	2109.375	0.359375	367.1875	3359.375	0.015625	0.1971875	54.6875	1015.625	0.796875	0.7234375	0.9859375	0.7703125	0.8921875	0.8171875	0.5078125	0.7796875	0.7140625	0.8515625	0.8265625	0.7734375	0.7515625	0.9953125	0.7421875	0.6484375	0.8734375	0.7734375	54.6875	20.3125	82.8125	26.5625	35.9375	32.8125	92.1875	85.9375	76.5625	54.6875	20.3125	92.1875
sim15669	100	0.671875	0.0903125	492.1875	0.953125	0.953125	0.0228125	320.3125	0.296875	0.1915625	85.9375	390.625	0.265625	117.1875	2734.375	0.984375	0.1353125	367.1875	1015.625	0.328125	414.0625	1328.125	0.421875	0.0565625	445.3125	4609.375	0.453125	0.9578125	0.8265625	0.7796875	0.8828125	0.9015625	0.6484375	0.7515625	0.9671875	0.7421875	0.8359375	0.5390625	0.8546875	0.7421875	0.9390625	0.7265625	0.9015625	0.7890625	76.5625	73.4375	4.6875	48.4375	14.0625	23.4375	70.3125	82.8125	67.1875	39.0625	98.4375	95.3125
sim15728	100	0.0546875	0.18734375	50.78125	0.9609375	0.1484375	0.12546875	308.59375	0.9765625	0.04671875	261.71875	4179.6875	0.4765625	97.65625	4648.4375	0.1015625	0.02984375	238.28125	4257.8125	0.7578125	214.84375	742.1875	0.4140625	0.11421875	425.78125	3398.4375	0.4296875	0.87109375	0.73046875	0.76328125	0.75390625	0.85234375	0.80078125	0.71640625	0.97890625	0.55078125	0.98828125	0.65234375	0.87578125	0.88515625	0.99296875	0.57421875	0.85703125	0.91796875	47.65625	19.53125	92.96875	10.15625	5.46875	47.65625	85.15625	75.78125	5.46875	92.96875	10.15625	96.09375
sim15774	100	0.47265625	0.182421875	107.421875	0.85546875	0.87890625	0.178203125	9.765625	0.32421875	0.178203125	283.203125	2402.34375	0.09765625	458.984375	800.78125	0.67578125	0.164140625	138.671875	4785.15625	0.94921875	423.828125	2402.34375	0.91015625	0.076953125	298.828125	2011.71875	0.75390625	0.762109375	0.733984375	0.933203125	0.883984375	0.736328125	0.634765625	0.933203125	0.853515625	0.919921875	0.839453125	0.763671875	0.923828125	0.923828125	0.811328125	0.935546875	0.942578125	0.685546875	12.109375	55.859375	80.859375	94.140625	0.390625	0.390625	12.890625	87.890625	47.265625	90.234375	21.484375	85.546875
sim15780	100	0.14453125	0.123359375	177.734375	0.87109375	0.39453125	0.124765625	220.703125	0.68359375	0.091015625	212.890625	3105.46875	0.30078125	13.671875	4160.15625	0.12890625	0.037578125	21.484375	2832.03125	0.46484375	306.640625	292.96875	0.58203125	0.057265625	212.890625	3652.34375	0.01953125	0.729296875	0.926171875	0.722265625	0.794921875	0.703515625	0.548828125	0.731640625	0.839453125	0.615234375	0.984765625	0.880859375	0.787890625	0.787890625	0.741015625	0.927734375	0.909765625	0.615234375	79.296875	88.671875	69.921875	98.828125	33.203125	80.078125	76.953125	89.453125	14.453125	57.421875	35.546875	87.109375
sim15863	100	0.93359375	0.189453125	228.515625	0.76953125	0.55859375	0.143046875	287.109375	0.94140625	0.120546875	498.046875	1347.65625	0.23046875	251.953125	2167.96875	0.99609375	0.162734375	322.265625	761.71875	0.91015625	154.296875	2597.65625	0.98046875	0.075546875	333.984375	644.53125	0.65234375	0.886328125	0.755078125	0.729296875	0.956640625	0.968359375	0.763671875	0.794921875	0.874609375	0.791015625	0.823046875	0.501953125	0.982421875	0.748046875	0.996484375	0.845703125	0.888671875	0.689453125	23.828125	89.453125	53.515625	63.671875	2.734375	88.671875	94.921875	98.046875	93.359375	94.140625	45.703125	76.953125
sim15897	100	0.59375	0.194375	171.875	0.90625	0.78125	0.183125	15.625	0.34375	0.070625	453.125	4531.25	0.34375	171.875	3281.25	0.28125	0.025625	296.875	156.25	0.84375	484.375	4218.75	0.46875	0.126875	453.125	4531.25	0.03125	0.765625	0.746875	0.971875	0.821875	0.840625	0.671875	0.878125	0.990625	0.671875	0.971875	0.890625	0.953125	0.709375	0.803125	0.640625	0.971875	0.953125	34.375	34.375	65.625	28.125	3.125	59.375	3.125	84.375	59.375	96.875	34.375	90.625
sim15907	100	0.765625	0.1184375	101.5625	0.921875	0.046875	0.0340625	242.1875	0.640625	0.1634375	39.0625	234.375	0.046875	351.5625	1640.625	0.765625	0.1746875	414.0625	2109.375	0.359375	367.1875	3359.375	0.015625	0.1971875	54.6875	1015.625	0.796875	0.7234375	0.9859375	0.7703125	0.8921875	0.8171875	0.5078125	0.7796875	0.7140625	0.8515625	0.8265625	0.7734375	0.7515625	0.9953125	0.7421875	0.6484375	0.8734375	0.7734375	54.6875	20.3125	82.8125	26.5625	35.9375	32.8125	92.1875	85.9375	76.5625	54.6875	20.3125	92.1875
sim15925	100	0.671875	0.0903125	492.1875	0.953125	0.578125	0.0509375	320.3125	0.296875	0.1915625	85.9375	390.625	0.265625	117.1875	2734.375	0.984375	0.1353125	367.1875	1015.625	0.328125	414.0625	1328.125	0.421875	0.0565625	445.3125	4609.375	0.453125	0.9578125	0.8265625	0.7796875	0.8828125	0.9015625	0.6484375	0.7515625	0.9671875	0.7421875	0.8359375	0.5390625	0.8546875	0.7421875	0.9390625	0.7265625	0.9015625	0.7890625	76.5625	73.4375	4.6875	48.4375	14.0625	23.4375	70.3125	82.8125	67.1875	39.0625	98.4375	95.3125
sim15984	100	0.0546875	0.18734375	50.78125	0.9609375	0.3046875	0.11421875	308.59375	0.9765625	0.04671875	261.71875	4179.6875	0.4765625	97.65625	4648.4375	0.1015625	0.02984375	238.28125	4257.8125	0.7578125	214.84375	742.1875	0.4140625	0.11421875	425.78125	3398.4375	0.4296875	0.87109375	0.73046875	0.76328125	0.75390625	0.85234375	0.80078125	0.71640625	0.97890625	0.55078125	0.98828125	0.65234375	0.87578125	0.88515625	0.99296875	0.57421875	0.85703125	0.91796875	47.65625	19.53125	92.96875	10.15625	5.46875	47.65625	85.15625	75.78125	5.46875	92.96875	10.15625	96.09375
sim16036	100	0.14453125	0.123359375	177.734375	0.87109375	0.87890625	0.096640625	220.703125	0.68359375	0.091015625	212.890625	3105.46875	0.30078125	13.671875	4160.15625	0.12890625	0.037578125	21.484375	2832.03125	0.46484375	306.640625	292.96875	0.58203125	0.057265625	212.890625	3652.34375	0.01953125	0.729296875	0.926171875	0.722265625	0.794921875	0.703515625	0.548828125	0.731640625	0.839453125	0.615234375	0.984765625	0.880859375	0.787890625	0.787890625	0.741015625	0.927734375	0.909765625	0.615234375	79.296875	88.671875	69.921875	98.828125	33.203125	80.078125	76.953125	89.453125	14.453125	57.421875	35.546875	87.109375
sim16119	100	0.93359375	0.189453125	228.515625	0.76953125	0.63671875	0.199296875	287.109375	0.94140625	0.120546875	498.046875	1347.65625	0.23046875	251.953125	2167.96875	0.99609375	0.162734375	322.265625	761.71875	0.91015625	154.296875	2597.65625	0.98046875	0.075546875	333.984375	644.53125	0.65234375	0.886328125	0.755078125	0.729296875	0.956640625	0.968359375	0.763671875	0.794921875	0.874609375	0.791015625	0.823046875	0.501953125	0.982421875	0.748046875	0.996484375	0.845703125	0.888671875	0.689453125	23.828125	89.453125	53.515625	63.671875	2.734375	88.671875	94.921875	98.046875	93.359375	94.140625	45.703125	76.953125
sim16153	100	0.59375	0.194375	171.875	0.90625	0.78125	0.171875	453.125	0.34375	0.070625	453.125	4531.25	0.34375	171.875	3281.25	0.28125	0.025625	296.875	156.25	0.84375	484.375	4218.75	0.46875	0.126875	453.125	4531.25	0.03125	0.765625	0.746875	0.971875	0.821875	0.840625	0.671875	0.878125	0.990625	0.671875	0.971875	0.890625	0.953125	0.709375	0.803125	0.640625	0.971875	0.953125	34.375	34.375	65.625	28.125	3.125	59.375	3.125	84.375	59.375	96.875	34.375	90.625
sim16163	100	0.765625	0.1184375	101.5625	0.921875	0.046875	0.1409375	23.4375	0.640625	0.1634375	39.0625	234.375	0.046875	351.5625	1640.625	0.765625	0.1746875	414.0625	2109.375	0.359375	367.1875	3359.375	0.015625	0.1971875	54.6875	1015.625	0.796875	0.7234375	0.9859375	0.7703125	0.8921875	0.8171875	0.5078125	0.7796875	0.7140625	0.8515625	0.8265625	0.7734375	0.7515625	0.9953125	0.7421875	0.6484375	0.8734375	0.7734375	54.6875	20.3125	82.8125	26.5625	35.9375	32.8125	92.1875	85.9375	76.5625	54.6875	20.3125	92.1875
sim16181	100	0.671875	0.0903125	492.1875	0.953125	0.578125	0.0228125	39.0625	0.296875	0.1915625	85.9375	390.625	0.265625	117.1875	2734.375	0.984375	0.1353125	367.1875	1015.625	0.328125	414.0625	1328.125	0.421875	0.0565625	445.3125	4609.375	0.453125	0.9578125	0.8265625	0.7796875	0.8828125	0.9015625	0.6484375	0.7515625	0.9671875	0.7421875	0.8359375	0.5390625	0.8546875	0.7421875	0.9390625	0.7265625	0.9015625	0.7890625	76.5625	73.4375	4.6875	48.4375	14.0625	23.4375	70.3125	82.8125	67.1875	39.0625	98.4375	95.3125
sim16240	100	0.0546875	0.18734375	50.78125	0.9609375	0.3046875	0.12546875	417.96875	0.9765625	0.04671875	261.71875	4179.6875	0.4765625	97.65625	4648.4375	0.1015625	0.02984375	238.28125	4257.8125	0.7578125	214.84375	742.1875	0.4140625	0.11421875	425.78125	3398.4375	0.4296875	0.87109375	0.73046875	0.76328125	0.75390625	0.85234375	0.80078125	0.71640625	0.97890625	0.55078125	0.98828125	0.65234375	0.87578125	0.88515625	0.99296875	0.57421875	0.85703125	0.91796875	47.65625	19.53125	92.96875	10.15625	5.46875	47.65625	85.15625	75.78125	5.46875	92.96875	10.15625	96.09375
sim16292	100	0.14453125	0.123359375	177.734375	0.87109375	0.87890625	0.124765625	310.546875	0.68359375	0.091015625	212.890625	3105.46875	0.30078125	13.671875	4160.15625	0.12890625	0.037578125	21.484375	2832.03125	0.46484375	306.640625	292.96875	0.58203125	0.057265625	212.890625	3652.34375	0.01953125	0.729296875	0.926171875	0.722265625	0.794921875	0.703515625	0.548828125	0.731640625	0.839453125	0.615234375	0.984765625	0.880859375	0.787890625	0.787890625	0.741015625	0.927734375	0.909765625	0.615234375	79.296875	88.671875	69.921875	98.828125	33.203125	80.078125	76.953125	89.453125	14.453125	57.421875	35.546875	87.109375
sim16375	100	0.93359375	0.189453125	228.515625	0.76953125	0.63671875	0.143046875	134.765625	0.94140625	0.120546875	498.046875	1347.65625	0.23046875	251.953125	2167.96875	0.99609375	0.162734375	322.265625	761.71875	0.91015625	154.296875	2597.65625	0.98046875	0.075546875	333.984375	644.53125	0.65234375	0.886328125	0.755078125	0.729296875	0.956640625	0.968359375	0.763671875	0.794921875	0.874609375	0.791015625	0.823046875	0.501953125	0.982421875	0.748046875	0.996484375	0.845703125	0.888671875	0.689453125	23.828125	89.453125	53.515625	63.671875	2.734375	88.671875	94.921875	98.046875	93.359375	94.140625	45.703125	76.953125
sim16409	100	0.59375	0.194375	171.875	0.90625	0.78125	0.171875	15.625	0.34375	0.070625	453.125	4531.25	0.34375	171.875	3281.25	0.28125	0.025625	296.875	156.25	0.84375	484.375	4218.75	0.46875	0.126875	453.125	4531.25	0.03125	0.765625	0.746875	0.971875	0.821875	0.840625	0.671875	0.878125	0.990625	0.671875	0.971875	0.890625	0.953125	0.709375	0.803125	0.640625	0.971875	0.953125	34.375	34.375	65.625	28.125	3.125	59.375	3.125	84.375	59.375	96.875	34.375	90.625
sim16419	100	0.765625	0.1184375	101.5625	0.921875	0.046875	0.1409375	242.1875	0.046875	0.1634375	39.0625	234.375	0.046875	351.5625	1640.625	0.765625	0.1746875	414.0625	2109.375	0.359375	367.1875	3359.375	0.015625	0.1971875	54.6875	1015.625	0.796875	0.7234375	0.9859375	0.7703125	0.8921875	0.8171875	0.5078125	0.7796875	0.7140625	0.8515625	0.8265625	0.7734375	0.7515625	0.9953125	0.7421875	0.6484375	0.8734375	0.7734375	54.6875	20.3125	82.8125	26.5625	35.9375	32.8125	92.1875	85.9375	76.5625	54.6875	20.3125	92.1875
sim16437	100	0.671875	0.0903125	492.1875	0.953125	0.578125	0.0228125	320.3125	0.265625	0.1915625	85.9375	390.625	0.265625	117.1875	2734.375	0.984375	0.1353125	367.1875	1015.625	0.328125	414.0625	1328.125	0.421875	0.0565625	445.3125	4609.375	0.453125	0.9578125	0.8265625	0.7796875	0.8828125	0.9015625	0.6484375	0.7515625	0.9671875	0.7421875	0.8359375	0.5390625	0.8546875	0.7421875	0.9390625	0.7265625	0.9015625	0.7890625	76.5625	73.4375	4.6875	48.4375	14.0625	23.4375	70.3125	82.8125	67.1875	39.0625	98.4375	95.3125
sim16496	100	0.0546875	0.18734375	50.78125	0.9609375	0.3046875	0.12546875	308.59375	0.4765625	0.04671875	261.71875	4179.6875	0.4765625	97.65625	4648.4375	0.1015625	0.02984375	238.28125	4257.8125	0.7578125	214.84375	742.1875	0.4140625	0.11421875	425.78125	3398.4375	0.4296875	0.87109375	0.73046875	0.76328125	0.75390625	0.85234375	0.80078125	0.71640625	0.97890625	0.55078125	0.98828125	0.65234375	0.87578125	0.88515625	0.99296875	0.57421875	0.85703125	0.91796875	47.65625	19.53125	92.96875	10.15625	5.46875	47.65625	85.15625	75.78125	5.46875	92.96875	10.15625	96.09375
sim16548	100	0.14453125	0.123359375	177.734375	0.87109375	0.87890625	0.124765625	220.703125	0.30078125	0.091015625	212.890625	3105.46875	0.30078125	13.671875	4160.15625	0.12890625	0.037578125	21.484375	2832.03125	0.46484375	306.640625	292.96875	0.58203125	0.057265625	212.890625	3652.34375	0.01953125	0.729296875	0.926171875	0.722265625	0.794921875	0.703515625	0.548828125	0.731640625	0.839453125	0.615234375	0.984765625	0.880859375	0.787890625	0.787890625	0.741015625	0.927734375	0.909765625	0.615234375	79.296875	88.671875	69.921875	98.828125	33.203125	80.078125	76.953125	89.453125	14.453125	57.421875	35.546875	87.109375
sim16631	100	0.93359375	0.189453125	228.515625	0.76953125	0.63671875	0.143046875	287.109375	0.23046875	0.120546875	498.046875	1347.65625	0.23046875	251.953125	2167.96875	0.99609375	0.162734375	322.265625	761.71875	0.91015625	154.296875	2597.65625	0.98046875	0.075546875	333.984375	644.53125	0.65234375	0.886328125	0.755078125	0.729296875	0.956640625	0.968359375	0.763671875	0.794921875	0.874609375	0.791015625	0.823046875	0.501953125	0.982421875	0.748046875	0.996484375	0.845703125	0.888671875	0.689453125	23.828125	89.453125	53.515625	63.671875	2.734375	88.671875	94.921875	98.046875	93.359375	94.140625	45.703125	76.953125
sim16665	100	0.59375	0.194375	171.875	0.90625	0.78125	0.171875	15.625	0.34375	0.081875	453.125	4531.25	0.34375	171.875	3281.25	0.28125	0.025625	296.875	156.25	0.84375	484.375	4218.75	0.46875	0.126875	453.125	4531.25	0.03125	0.765625	0.746875	0.971875	0.821875	0.840625	0.671875	0.878125	0.990625	0.671875	0.971875	0.890625	0.953125	0.709375	0.803125	0.640625	0.971875	0.953125	34.375	34.375	65.625	28.125	3.125	59.375	3.125	84.375	59.375	96.875	34.375	90.625
sim16675	100	0.765625	0.1184375	101.5625	0.921875	0.046875	0.1409375	242.1875	0.640625	0.1465625	39.0625	234.375	0.046875	351.5625	1640.625	0.765625	0.1746875	414.0625	2109.375	0.359375	367.1875	3359.375	0.015625	0.1971875	54.6875	1015.625	0.796875	0.7234375	0.9859375	0.7703125	0.8921875	0.8171875	0.5078125	0.7796875	0.7140625	0.8515625	0.8265625	0.7734375	0.7515625	0.9953125	0.7421875	0.6484375	0.8734375	0.7734375	54.6875	20.3125	82.8125	26.5625	35.9375	32.8125	92.1875	85.9375	76.5625	54.6875	20.3125	92.1875
sim16693	100	0.671875	0.0903125	492.1875	0.953125	0.578125	0.0228125	320.3125	0.296875	0.0621875	85.9375	390.625	0.265625	117.1875	2734.375	0.984375	0.1353125	367.1875	1015.625	0.328125	414.0625	1328.125	0.421875	0.0565625	445.3125	4609.375	0.453125	0.9578125	0.8265625	0.7796875	0.8828125	0.9015625	0.6484375	0.7515625	0.9671875	0.7421875	0.8359375	0.5390625	0.8546875	0.7421875	0.9390625	0.7265625	0.9015625	0.7890625	76.5625	73.4375	4.6875	48.4375	14.0625	23.4375	70.3125	82.8125	67.1875	39.0625	98.4375	95.3125
sim16752	100	0.0546875	0.18734375	50.78125	0.9609375	0.3046875	0.12546875	308.59375	0.9765625	0.05515625	261.71875	4179.6875	0.4765625	97.65625	4648.4375	0.1015625	0.02984375	238.28125	4257.8125	0.7578125	214.84375	742.1875	0.4140625	0.11421875	425.78125	3398.4375	0.4296875	0.87109375	0.73046875	0.76328125	0.75390625	0.85234375	0.80078125	0.71640625	0.97890625	0.55078125	0.98828125	0.65234375	0.87578125	0.88515625	0.99296875	0.57421875	0.85703125	0.91796875	47.65625	19.53125	92.96875	10.15625	5.46875	47.65625	85.15625	75.78125	5.46875	92.96875	10.15625	96.09375
sim16804	100	0.14453125	0.123359375	177.734375	0.87109375	0.87890625	0.124765625	220.703125	0.68359375	0.024921875	212.890625	3105.46875	0.30078125	13.671875	4160.15625	0.12890625	0.037578125	21.484375	2832.03125	0.46484375	306.640625	292.96875	0.58203125	0.057265625	212.890625	3652.34375	0.01953125	0.729296875	0.926171875	0.722265625	0.794921875	0.703515625	0.548828125	0.731640625	0.839453125	0.615234375	0.984765625	0.880859375	0.787890625	0.787890625	0.741015625	0.927734375	0.909765625	0.615234375	79.296875	88.671875	69.921875	98.828125	33.203125	80.078125	76.953125	89.453125	14.453125	57.421875	35.546875	87.109375
sim16887	100	0.93359375	0.189453125	228.515625	0.76953125	0.63671875	0.143046875	287.109375	0.94140625	0.110703125	498.046875	1347.65625	0.23046875	251.953125	2167.96875	0.99609375	0.162734375	322.265625	761.71875	0.91015625	154.296875	2597.65625	0.98046875	0.075546875	333.984375	644.53125	0.65234375	0.886328125	0.755078125	0.729296875	0.956640625	0.968359375	0.763671875	0.794921875	0.874609375	0.791015625	0.823046875	0.501953125	0.982421875	0.748046875	0.996484375	0.845703125	0.888671875	0.689453125	23.828125	89.453125	53.515625	63.671875	2.734375	88.671875	94.921875	98.046875	93.359375	94.140625	45.703125	76.953125
sim16921	100	0.59375	0.194375	171.875	0.90625	0.78125	0.171875	15.625	0.34375	0.070625	328.125	4531.25	0.34375	171.875	3281.25	0.28125	0.025625	296.875	156.25	0.84375	484.375	4218.75	0.46875	0.126875	453.125	4531.25	0.03125	0.765625	0.746875	0.971875	0.821875	0.840625	0.671875	0.878125	0.990625	0.671875	0.971875	0.890625	0.953125	0.709375	0.803125	0.640625	0.971875	0.953125	34.375	34.375	65.625	28.125	3.125	59.375	3.125	84.375	59.375	96.875	34.375	90.625
sim16931	100	0.765625	0.1184375	101.5625	0.921875	0.046875	0.1409375	242.1875	0.640625	0.1634375	164.0625	234.375	0.046875	351.5625	1640.625	0.765625	0.1746875	414.0625	2109.375	0.359375	367.1875	3359.375	0.015625	0.1971875	54.6875	1015.625	0.796875	0.7234375	0.9859375	0.7703125	0.8921875	0.8171875	0.5078125	0.7796875	0.7140625	0.8515625	0.8265625	0.7734375	0.7515625	0.9953125	0.7421875	0.6484375	0.8734375	0.7734375	54.6875	20.3125	82.8125	26.5625	35.9375	32.8125	92.1875	85.9375	76.5625	54.6875	20.3125	92.1875
sim16949	100	0.671875	0.0903125	492.1875	0.953125	0.578125	0.0228125	320.3125	0.296875	0.1915625	273.4375	390.625	0.265625	117.1875	2734.375	0.984375	0.1353125	367.1875	1015.625	0.328125	414.0625	1328.125	0.421875	0.0565625	445.3125	4609.375	0.453125	0.9578125	0.8265625	0.7796875	0.8828125	0.9015625	0.6484375	0.7515625	0.9671875	0.7421875	0.8359375	0.5390625	0.8546875	0.7421875	0.9390625	0.7265625	0.9015625	0.7890625	76.5625	73.4375	4.6875	48.4375	14.0625	23.4375	70.3125	82.8125	67.1875	39.0625	98.4375	95.3125
sim17008	100	0.0546875	0.18734375	50.78125	0.9609375	0.3046875	0.12546875	308.59375	0.9765625	0.04671875	464.84375	4179.6875	0.4765625	97.65625	4648.4375	0.1015625	0.02984375	238.28125	4257.8125	0.7578125	214.84375	742.1875	0.4140625	0.11421875	425.78125	3398.4375	0.4296875	0.87109375	0.73046875	0.76328125	0.75390625	0.85234375	0.80078125	0.71640625	0.97890625	0.55078125	0.98828125	0.65234375	0.87578125	0.88515625	0.99296875	0.57421875	0.85703125	0.91796875	47.65625	19.53125	92.96875	10.15625	5.46875	47.65625	85.15625	75.78125	5.46875	92.96875	10.15625	96.09375
sim17060	100	0.14453125	0.123359375	177.734375	0.87109375	0.87890625	0.124765625	220.703125	0.68359375	0.091015625	416.015625	3105.46875	0.30078125	13.671875	4160.15625	0.12890625	0.037578125	21.484375	2832.03125	0.46484375	306.640625	292.96875	0.58203125	0.057265625	212.890625	3652.34375	0.01953125	0.729296875	0.926171875	0.722265625	0.794921875	0.703515625	0.548828125	0.731640625	0.839453125	0.615234375	0.984765625	0.880859375	0.787890625	0.787890625	0.741015625	0.927734375	0.909765625	0.615234375	79.296875	88.671875	69.921875	98.828125	33.203125	80.078125	76.953125	89.453125	14.453125	57.421875	35.546875	87.109375
sim17143	100	0.93359375	0.189453125	228.515625	0.76953125	0.63671875	0.143046875	287.109375	0.94140625	0.120546875	216.796875	1347.65625	0.23046875	251.953125	2167.96875	0.99609375	0.162734375	322.265625	761.71875	0.91015625	154.296875	2597.65625	0.98046875	0.075546875	333.984375	644.53125	0.65234375	0.886328125	0.755078125	0.729296875	0.956640625	0.968359375	0.763671875	0.794921875	0.874609375	0.791015625	0.823046875	0.501953125	0.982421875	0.748046875	0.996484375	0.845703125	0.888671875	0.689453125	23.828125	89.453125	53.515625	63.671875	2.734375	88.671875	94.921875	98.046875	93.359375	94.140625	45.703125	76.953125
sim17177	100	0.59375	0.194375	171.875	0.90625	0.78125	0.171875	15.625	0.34375	0.070625	453.125	1406.25	0.34375	171.875	3281.25	0.28125	0.025625	296.875	156.25	0.84375	484.375	4218.75	0.46875	0.126875	453.125	4531.25	0.03125	0.765625	0.746875	0.971875	0.821875	0.840625	0.671875	0.878125	0.990625	0.671875	0.971875	0.890625	0.953125	0.709375	0.803125	0.640625	0.971875	0.953125	34.375	34.375	65.625	28.125	3.125	59.375	3.125	84.375	59.375	96.875	34.375	90.625
sim17187	100	0.765625	0.1184375	101.5625	0.921875	0.046875	0.1409375	242.1875	0.640625	0.1634375	39.0625	3828.125	0.046875	351.5625	1640.625	0.765625	0.1746875	414.0625	2109.375	0.359375	367.1875	3359.375	0.015625	0.1971875	54.6875	1015.625	0.796875	0.7234375	0.9859375	0.7703125	0.8921875	0.8171875	0.5078125	0.7796875	0.7140625	0.8515625	0.8265625	0.7734375	0.7515625	0.9953125	0.7421875	0.6484375	0.8734375	0.7734375	54.6875	20.3125	82.8125	26.5625	35.9375	32.8125	92.1875	85.9375	76.5625	54.6875	20.3125	92.1875
sim17205	100	0.671875	0.0903125	492.1875	0.953125	0.578125	0.0228125	320.3125	0.296875	0.1915625	85.9375	4921.875	0.265625	117.1875	2734.375	0.984375	0.1353125	367.1875	1015.625	0.328125	414.0625	1328.125	0.421875	0.0565625	445.3125	4609.375	0.453125	0.9578125	0.8265625	0.7796875	0.8828125	0.9015625	0.6484375	0.7515625	0.9671875	0.7421875	0.8359375	0.5390625	0.8546875	0.7421875	0.9390625	0.7265625	0.9015625	0.7890625	76.5625	73.4375	4.6875	48.4375	14.0625	23.4375	70.3125	82.8125	67.1875	39.0625	98.4375	95.3125
sim17264	100	0.0546875	0.18734375	50.78125	0.9609375	0.3046875	0.12546875	308.59375	0.9765625	0.04671875	261.71875	507.8125	0.4765625	97.65625	4648.4375	0.1015625	0.02984375	238.28125	4257.8125	0.7578125	214.84375	742.1875	0.4140625	0.11421875	425.78125	3398.4375	0.4296875	0.87109375	0.73046875	0.76328125	0.75390625	0.85234375	0.80078125	0.71640625	0.97890625	0.55078125	0.98828125	0.65234375	0.87578125	0.88515625	0.99296875	0.57421875	0.85703125	0.91796875	47.65625	19.53125	92.96875	10.15625	5.46875	47.65625	85.15625	75.78125	5.46875	92.96875	10.15625	96.09375
sim17316	100	0.14453125	0.123359375	177.734375	0.87109375	0.87890625	0.124765625	220.703125	0.68359375	0.091015625	212.890625	644.53125	0.30078125	13.671875	4160.15625	0.12890625	0.037578125	21.484375	2832.03125	0.46484375	306.640625	292.96875	0.58203125	0.057265625	212.890625	3652.34375	0.01953125	0.729296875	0.926171875	0.722265625	0.794921875	0.703515625	0.548828125	0.731640625	0.839453125	0.615234375	0.984765625	0.880859375	0.787890625	0.787890625	0.741015625	0.927734375	0.909765625	0.615234375	79.296875	88.671875	69.921875	98.828125	33.203125	80.078125	76.953125	89.453125	14.453125	57.421875	35.546875	87.109375
sim17399	100	0.93359375	0.189453125	228.515625	0.76953125	0.63671875	0.143046875	287.109375	0.94140625	0.120546875	498.046875	4980.46875	0.23046875	251.953125	2167.96875	0.99609375	0.162734375	322.265625	761.71875	0.91015625	154.296875	2597.65625	0.98046875	0.075546875	333.984375	644.53125	0.65234375	0.886328125	0.755078125	0.729296875	0.956640625	0.968359375	0.763671875	0.794921875	0.874609375	0.791015625	0.823046875	0.501953125	0.982421875	0.748046875	0.996484375	0.845703125	0.888671875	0.689453125	23.828125	89.453125	53.515625	63.671875	2.734375	88.671875	94.921875	98.046875	93.359375	94.140625	45.703125	76.953125
sim17433	100	0.59375	0.194375	171.875	0.90625	0.78125	0.171875	15.625	0.34375	0.070625	453.125	4531.25	0.03125	171.875	3281.25	0.28125	0.025625	296.875	156.25	0.84375	484.375	4218.75	0.46875	0.126875	453.125	4531.25	0.03125	0.765625	0.746875	0.971875	0.821875	0.840625	0.671875	0.878125	0.990625	0.671875	0.971875	0.890625	0.953125	0.709375	0.803125	0.640625	0.971875	0.953125	34.375	34.375	65.625	28.125	3.125	59.375	3.125	84.375	59.375	96.875	34.375	90.625
sim17443	100	0.765625	0.1184375	101.5625	0.921875	0.046875	0.1409375	242.1875	0.640625	0.1634375	39.0625	234.375	0.859375	351.5625	1640.625	0.765625	0.1746875	414.0625	2109.375	0.359375	367.1875	3359.375	0.015625	0.1971875	54.6875	1015.625	0.796875	0.7234375	0.9859375	0.7703125	0.8921875	0.8171875	0.5078125	0.7796875	0.7140625	0.8515625	0.8265625	0.7734375	0.7515625	0.9953125	0.7421875	0.6484375	0.8734375	0.7734375	54.6875	20.3125	82.8125	26.5625	35.9375	32.8125	92.1875	85.9375	76.5625	54.6875	20.3125	92.1875
sim17461	100	0.671875	0.0903125	492.1875	0.953125	0.578125	0.0228125	320.3125	0.296875	0.1915625	85.9375	390.625	0.640625	117.1875	2734.375	0.984375	0.1353125	367.1875	1015.625	0.328125	414.0625	1328.125	0.421875	0.0565625	445.3125	4609.375	0.453125	0.9578125	0.8265625	0.7796875	0.8828125	0.9015625	0.6484375	0.7515625	0.9671875	0.7421875	0.8359375	0.5390625	0.8546875	0.7421875	0.9390625	0.7265625	0.9015625	0.7890625	76.5625	73.4375	4.6875	48.4375	14.0625	23.4375	70.3125	82.8125	67.1875	39.0625	98.4375	95.3125
sim17520	100	0.0546875	0.18734375	50.78125	0.9609375	0.3046875	0.12546875	308.59375	0.9765625	0.04671875	261.71875	4179.6875	0.0546875	97.65625	4648.4375	0.1015625	0.02984375	238.28125	4257.8125	0.7578125	214.84375	742.1875	0.4140625	0.11421875	425.78125	3398.4375	0.4296875	0.87109375	0.73046875	0.76328125	0.75390625	0.85234375	0.80078125	0.71640625	0.97890625	0.55078125	0.98828125	0.65234375	0.87578125	0.88515625	0.99296875	0.57421875	0.85703125	0.91796875	47.65625	19.53125	92.96875	10.15625	5.46875	47.65625	85.15625	75.78125	5.46875	92.96875	10.15625	96.09375
sim17566	100	0.47265625	0.182421875	107.421875	0.85546875	0.14453125	0.178203125	9.765625	0.32421875	0.178203125	283.203125	2402.34375	0.80078125	458.984375	800.78125	0.67578125	0.164140625	138.671875	4785.15625	0.94921875	423.828125	2402.34375	0.91015625	0.076953125	298.828125	2011.71875	0.75390625	0.762109375	0.733984375	0.933203125	0.883984375	0.736328125	0.634765625	0.933203125	0.853515625	0.919921875	0.839453125	0.763671875	0.923828125	0.923828125	0.811328125	0.935546875	0.942578125	0.685546875	12.109375	55.859375	80.859375	94.140625	0.390625	0.390625	12.890625	87.890625	47.265625	90.234375	21.484375	85.546875
sim17572	100	0.14453125	0.123359375	177.734375	0.87109375	0.87890625	0.124765625	220.703125	0.68359375	0.091015625	212.890625	3105.46875	0.09765625	13.671875	4160.15625	0.12890625	0.037578125	21.484375	2832.03125	0.46484375	306.640625	292.96875	0.58203125	0.057265625	212.890625	3652.34375	0.01953125	0.729296875	0.926171875	0.722265625	0.794921875	0.703515625	0.548828125	0.731640625	0.839453125	0.615234375	0.984765625	0.880859375	0.787890625	0.787890625	0.741015625	0.927734375	0.909765625	0.615234375	79.296875	88.671875	69.921875	98.828125	33.203125	80.078125	76.953125	89.453125	14.453125	57.421875	35.546875	87.109375
sim17655	100	0.93359375	0.189453125	228.515625	0.76953125	0.63671875	0.143046875	287.109375	0.94140625	0.120546875	498.046875	1347.65625	0.79296875	251.953125	2167.96875	0.99609375	0.162734375	322.265625	761.71875	0.91015625	154.296875	2597.65625	0.98046875	0.075546875	333.984375	644.53125	0.65234375	0.886328125	0.755078125	0.729296875	0.956640625	0.968359375	0.763671875	0.794921875	0.874609375	0.791015625	0.823046875	0.501953125	0.982421875	0.748046875	0.996484375	0.845703125	0.888671875	0.689453125	23.828125	89.453125	53.515625	63.671875	2.734375	88.671875	94.921875	98.046875	93.359375	94.140625	45.703125	76.953125
sim17689	100	0.59375	0.194375	171.875	0.90625	0.78125	0.171875	15.625	0.34375	0.070625	453.125	4531.25	0.34375	296.875	3281.25	0.28125	0.025625	296.875	156.25	0.84375	484.375	4218.75	0.46875	0.126875	453.125	4531.25	0.03125	0.765625	0.746875	0.971875	0.821875	0.840625	0.671875	0.878125	0.990625	0.671875	0.971875	0.890625	0.953125	0.709375	0.803125	0.640625	0.971875	0.953125	34.375	34.375	65.625	28.125	3.125	59.375	3.125	84.375	59.375	96.875	34.375	90.625
sim17699	100	0.765625	0.1184375	101.5625	0.921875	0.046875	0.1409375	242.1875	0.640625	0.1634375	39.0625	234.375	0.046875	414.0625	1640.625	0.765625	0.1746875	414.0625	2109.375	0.359375	367.1875	3359.375	0.015625	0.1971875	54.6875	1015.625	0.796875	0.7234375	0.9859375	0.7703125	0.8921875	0.8171875	0.5078125	0.7796875	0.7140625	0.8515625	0.8265625	0.7734375	0.7515625	0.9953125	0.7421875	0.6484375	0.8734375	0.7734375	54.6875	20.3125	82.8125	26.5625	35.9375	32.8125	92.1875	85.9375	76.5625	54.6875	20.3125	92.1875
sim17717	100	0.671875	0.0903125	492.1875	0.953125	0.578125	0.0228125	320.3125	0.296875	0.1915625	85.9375	390.625	0.265625	367.1875	2734.375	0.984375	0.1353125	367.1875	1015.625	0.328125	414.0625	1328.125	0.421875	0.0565625	445.3125	4609.375	0.453125	0.9578125	0.8265625	0.7796875	0.8828125	0.9015625	0.6484375	0.7515625	0.9671875	0.7421875	0.8359375	0.5390625	0.8546875	0.7421875	0.9390625	0.7265625	0.9015625	0.7890625	76.5625	73.4375	4.6875	48.4375	14.0625	23.4375	70.3125	82.8125	67.1875	39.0625	98.4375	95.3125
sim17776	100	0.0546875	0.18734375	50.78125	0.9609375	0.3046875	0.12546875	308.59375	0.9765625	0.04671875	261.71875	4179.6875	0.4765625	238.28125	4648.4375	0.1015625	0.02984375	238.28125	4257.8125	0.7578125	214.84375	742.1875	0.4140625	0.11421875	425.78125	3398.4375	0.4296875	0.87109375	0.73046875	0.76328125	0.75390625	0.85234375	0.80078125	0.71640625	0.97890625	0.55078125	0.98828125	0.65234375	0.87578125	0.88515625	0.99296875	0.57421875	0.85703125	0.91796875	47.65625	19.53125	92.96875	10.15625	5.46875	47.65625	85.15625	75.78125	5.46875	92.96875	10.15625	96.09375
sim17828	100	0.14453125	0.123359375	177.734375	0.87109375	0.87890625	0.124765625	220.703125	0.68359375	0.091015625	212.890625	3105.46875	0.30078125	21.484375	4160.15625	0.12890625	0.037578125	21.484375	2832.03125	0.46484375	306.640625	292.96875	0.58203125	0.057265625	212.890625	3652.34375	0.01953125	0.729296875	0.926171875	0.722265625	0.794921875	0.703515625	0.548828125	0.731640625	0.839453125	0.615234375	0.984765625	0.880859375	0.787890625	0.787890625	0.741015625	0.927734375	0.909765625	0.615234375	79.296875	88.671875	69.921875	98.828125	33.203125	80.078125	76.953125	89.453125	14.453125	57.421875	35.546875	87.109375
sim17911	100	0.93359375	0.189453125	228.515625	0.76953125	0.63671875	0.143046875	287.109375	0.94140625	0.120546875	498.046875	1347.65625	0.23046875	322.265625	2167.96875	0.99609375	0.162734375	322.265625	761.71875	0.91015625	154.296875	2597.65625	0.98046875	0.075546875	333.984375	644.53125	0.65234375	0.886328125	0.755078125	0.729296875	0.956640625	0.968359375	0.763671875	0.794921875	0.874609375	0.791015625	0.823046875	0.501953125	0.982421875	0.748046875	0.996484375	0.845703125	0.888671875	0.689453125	23.828125	89.453125	53.515625	63.671875	2.734375	88.671875	94.921875	98.046875	93.359375	94.140625	45.703125	76.953125
sim17945	100	0.59375	0.194375	171.875	0.90625	0.78125	0.171875	15.625	0.34375	0.070625	453.125	4531.25	0.34375	171.875	156.25	0.28125	0.025625	296.875	156.25	0.84375	484.375	4218.75	0.46875	0.126875	453.125	4531.25	0.03125	0.765625	0.746875	0.971875	0.821875	0.840625	0.671875	0.878125	0.990625	0.671875	0.971875	0.890625	0.953125	0.709375	0.803125	0.640625	0.971875	0.953125	34.375	34.375	65.625	28.125	3.125	59.375	3.125	84.375	59.375	96.875	34.375	90.625
sim17955	100	0.765625	0.1184375	101.5625	0.921875	0.046875	0.1409375	242.1875	0.640625	0.1634375	39.0625	234.375	0.046875	351.5625	2109.375	0.765625	0.1746875	414.0625	2109.375	0.359375	367.1875	3359.375	0.015625	0.1971875	54.6875	1015.625	0.796875	0.7234375	0.9859375	0.7703125	0.8921875	0.8171875	0.5078125	0.7796875	0.7140625	0.8515625	0.8265625	0.7734375	0.7515625	0.9953125	0.7421875	0.6484375	0.8734375	0.7734375	54.6875	20.3125	82.8125	26.5625	35.9375	32.8125	92.1875	85.9375	76.5625	54.6875	20.3125	92.1875
sim17973	100	0.671875	0.0903125	492.1875	0.953125	0.578125	0.0228125	320.3125	0.296875	0.1915625	85.9375	390.625	0.265625	117.1875	1015.625	0.984375	0.1353125	367.1875	1015.625	0.328125	414.0625	1328.125	0.421875	0.0565625	445.3125	4609.375	0.453125	0.9578125	0.8265625	0.7796875	0.8828125	0.9015625	0.6484375	0.7515625	0.9671875	0.7421875	0.8359375	0.5390625	0.8546875	0.7421875	0.9390625	0.7265625	0.9015625	0.7890625	76.5625	73.4375	4.6875	48.4375	14.0625	23.4375	70.3125	82.8125	67.1875	39.0625	98.4375	95.3125
sim18032	100	0.0546875	0.18734375	50.78125	0.9609375	0.3046875	0.12546875	308.59375	0.9765625	0.04671875	261.71875	4179.6875	0.4765625	97.65625	4257.8125	0.1015625	0.02984375	238.28125	4257.8125	0.7578125	214.84375	742.1875	0.4140625	0.11421875	425.78125	3398.4375	0.4296875	0.87109375	0.73046875	0.76328125	0.75390625	0.85234375	0.80078125	0.71640625	0.97890625	0.55078125	0.98828125	0.65234375	0.87578125	0.88515625	0.99296875	0.57421875	0.85703125	0.91796875	47.65625	19.53125	92.96875	10.15625	5.46875	47.65625	85.15625	75.78125	5.46875	92.96875	10.15625	96.09375
sim18084	100	0.14453125	0.123359375	177.734375	0.87109375	0.87890625	0.124765625	220.703125	0.68359375	0.091015625	212.890625	3105.46875	0.30078125	13.671875	2832.03125	0.12890625	0.037578125	21.484375	2832.03125	0.46484375	306.640625	292.96875	0.58203125	0.057265625	212.890625	3652.34375	0.01953125	0.729296875	0.926171875	0.722265625	0.794921875	0.703515625	0.548828125	0.731640625	0.839453125	0.615234375	0.984765625	0.880859375	0.787890625	0.787890625	0.741015625	0.927734375	0.909765625	0.615234375	79.296875	88.671875	69.921875	98.828125	33.203125	80.078125	76.953125	89.453125	14.453125	57.421875	35.546875	87.109375
sim18167	100	0.93359375	0.189453125	228.515625	0.76953125	0.63671875	0.143046875	287.109375	0.94140625	0.120546875	498.046875	1347.65625	0.23046875	251.953125	761.71875	0.99609375	0.162734375	322.265625	761.71875	0.91015625	154.296875	2597.65625	0.98046875	0.075546875	333.984375	644.53125	0.65234375	0.886328125	0.755078125	0.729296875	0.956640625	0.968359375	0.763671875	0.794921875	0.874609375	0.791015625	0.823046875	0.501953125	0.982421875	0.748046875	0.996484375	0.845703125	0.888671875	0.689453125	23.828125	89.453125	53.515625	63.671875	2.734375	88.671875	94.921875	98.046875	93.359375	94.140625	45.703125	76.953125
sim18201	100	0.59375	0.194375	171.875	0.90625	0.78125	0.171875	15.625	0.34375	0.070625	453.125	4531.25	0.34375	171.875	3281.25	0.84375	0.025625	296.875	156.25	0.84375	484.375	4218.75	0.46875	0.126875	453.125	4531.25	0.03125	0.765625	0.746875	0.971875	0.821875	0.840625	0.671875	0.878125	0.990625	0.671875	0.971875	0.890625	0.953125	0.709375	0.803125	0.640625	0.971875	0.953125	34.375	34.375	65.625	28.125	3.125	59.375	3.125	84.375	59.375	96.875	34.375	90.625
sim18211	100	0.765625	0.1184375	101.5625	0.921875	0.046875	0.1409375	242.1875	0.640625	0.1634375	39.0625	234.375	0.046875	351.5625	1640.625	0.359375	0.1746875	414.0625	2109.375	0.359375	367.1875	3359.375	0.015625	0.1971875	54.6875	1015.625	0.796875	0.7234375	0.9859375	0.7703125	0.8921875	0.8171875	0.5078125	0.7796875	0.7140625	0.8515625	0.8265625	0.7734375	0.7515625	0.9953125	0.7421875	0.6484375	0.8734375	0.7734375	54.6875	20.3125	82.8125	26.5625	35.9375	32.8125	92.1875	85.9375	76.5625	54.6875	20.3125	92.1875
sim18229	100	0.671875	0.0903125	492.1875	0.953125	0.578125	0.0228125	320.3125	0.296875	0.1915625	85.9375	390.625	0.265625	117.1875	2734.375	0.328125	0.1353125	367.1875	1015.625	0.328125	414.0625	1328.125	0.421875	0.0565625	445.3125	4609.375	0.453125	0.9578125	0.8265625	0.7796875	0.8828125	0.9015625	0.6484375	0.7515625	0.9671875	0.7421875	0.8359375	0.5390625	0.8546875	0.7421875	0.9390625	0.7265625	0.9015625	0.7890625	76.5625	73.4375	4.6875	48.4375	14.0625	23.4375	70.3125	82.8125	67.1875	39.0625	98.4375	95.3125
sim18288	100	0.0546875	0.18734375	50.78125	0.9609375	0.3046875	0.12546875	308.59375	0.9765625	0.04671875	261.71875	4179.6875	0.4765625	97.65625	4648.4375	0.7578125	0.02984375	238.28125	4257.8125	0.7578125	214.84375	742.1875	0.4140625	0.11421875	425.78125	3398.4375	0.4296875	0.87109375	0.73046875	0.76328125	0.75390625	0.85234375	0.80078125	0.71640625	0.97890625	0.55078125	0.98828125	0.65234375	0.87578125	0.88515625	0.99296875	0.57421875	0.85703125	0.91796875	47.65625	19.53125	92.96875	10.15625	5.46875	47.65625	85.15625	75.78125	5.46875	92.96875	10.15625	96.09375
sim18340	100	0.14453125	0.123359375	177.734375	0.87109375	0.87890625	0.124765625	220.703125	0.68359375	0.091015625	212.890625	3105.46875	0.30078125	13.671875	4160.15625	0.46484375	0.037578125	21.484375	2832.03125	0.46484375	306.640625	292.96875	0.58203125	0.057265625	212.890625	3652.34375	0.01953125	0.729296875	0.926171875	0.722265625	0.794921875	0.703515625	0.548828125	0.731640625	0.839453125	0.615234375	0.984765625	0.880859375	0.787890625	0.787890625	0.741015625	0.927734375	0.909765625	0.615234375	79.296875	88.671875	69.921875	98.828125	33.203125	80.078125	76.953125	89.453125	14.453125	57.421875	35.546875	87.109375
sim18423	100	0.93359375	0.189453125	228.515625	0.76953125	0.63671875	0.143046875	287.109375	0.94140625	0.120546875	498.046875	1347.65625	0.23046875	251.953125	2167.96875	0.91015625	0.162734375	322.265625	761.71875	0.91015625	154.296875	2597.65625	0.98046875	0.075546875	333.984375	644.53125	0.65234375	0.886328125	0.755078125	0.729296875	0.956640625	0.968359375	0.763671875	0.794921875	0.874609375	0.791015625	0.823046875	0.501953125	0.982421875	0.748046875	0.996484375	0.845703125	0.888671875	0.689453125	23.828125	89.453125	53.515625	63.671875	2.734375	88.671875	94.921875	98.046875	93.359375	94.140625	45.703125	76.953125
sim18457	100	0.59375	0.194375	171.875	0.90625	0.78125	0.171875	15.625	0.34375	0.070625	453.125	4531.25	0.34375	171.875	3281.25	0.28125	0.194375	296.875	156.25	0.84375	484.375	4218.75	0.46875	0.126875	453.125	4531.25	0.03125	0.765625	0.746875	0.971875	0.821875	0.840625	0.671875	0.878125	0.990625	0.671875	0.971875	0.890625	0.953125	0.709375	0.803125	0.640625	0.971875	0.953125	34.375	34.375	65.625	28.125	3.125	59.375	3.125	84.375	59.375	96.875	34.375	90.625
sim18467	100	0.765625	0.1184375	101.5625	0.921875	0.046875	0.1409375	242.1875	0.640625	0.1634375	39.0625	234.375	0.046875	351.5625	1640.625	0.765625	0.1521875	414.0625	2109.375	0.359375	367.1875	3359.375	0.015625	0.1971875	54.6875	1015.625	0.796875	0.7234375	0.9859375	0.7703125	0.8921875	0.8171875	0.5078125	0.7796875	0.7140625	0.8515625	0.8265625	0.7734375	0.7515625	0.9953125	0.7421875	0.6484375	0.8734375	0.7734375	54.6875	20.3125	82.8125	26.5625	35.9375	32.8125	92.1875	85.9375	76.5625	54.6875	20.3125	92.1875
sim18485	100	0.671875	0.0903125	492.1875	0.953125	0.578125	0.0228125	320.3125	0.296875	0.1915625	85.9375	390.625	0.265625	117.1875	2734.375	0.984375	0.1690625	367.1875	1015.625	0.328125	414.0625	1328.125	0.421875	0.0565625	445.3125	4609.375	0.453125	0.9578125	0.8265625	0.7796875	0.8828125	0.9015625	0.6484375	0.7515625	0.9671875	0.7421875	0.8359375	0.5390625	0.8546875	0.7421875	0.9390625	0.7265625	0.9015625	0.7890625	76.5625	73.4375	4.6875	48.4375	14.0625	23.4375	70.3125	82.8125	67.1875	39.0625	98.4375	95.3125
sim18544	100	0.0546875	0.18734375	50.78125	0.9609375	0.3046875	0.12546875	308.59375	0.9765625	0.04671875	261.71875	4179.6875	0.4765625	97.65625	4648.4375	0.1015625	0.09734375	238.28125	4257.8125	0.7578125	214.84375	742.1875	0.4140625	0.11421875	425.78125	3398.4375	0.4296875	0.87109375	0.73046875	0.76328125	0.75390625	0.85234375	0.80078125	0.71640625	0.97890625	0.55078125	0.98828125	0.65234375	0.87578125	0.88515625	0.99296875	0.57421875	0.85703125	0.91796875	47.65625	19.53125	92.96875	10.15625	5.46875	47.65625	85.15625	75.78125	5.46875	92.96875	10.15625	96.09375
sim18596	100	0.14453125	0.123359375	177.734375	0.87109375	0.87890625	0.124765625	220.703125	0.68359375	0.091015625	212.890625	3105.46875	0.30078125	13.671875	4160.15625	0.12890625	0.130390625	21.484375	2832.03125	0.46484375	306.640625	292.96875	0.58203125	0.057265625	212.890625	3652.34375	0.01953125	0.729296875	0.926171875	0.722265625	0.794921875	0.703515625	0.548828125	0.731640625	0.839453125	0.615234375	0.984765625	0.880859375	0.787890625	0.787890625	0.741015625	0.927734375	0.909765625	0.615234375	79.296875	88.671875	69.921875	98.828125	33.203125	80.078125	76.953125	89.453125	14.453125	57.421875	35.546875	87.109375
sim18679	100	0.93359375	0.189453125	228.515625	0.76953125	0.63671875	0.143046875	287.109375	0.94140625	0.120546875	498.046875	1347.65625	0.23046875	251.953125	2167.96875	0.99609375	0.075546875	322.265625	761.71875	0.91015625	154.296875	2597.65625	0.98046875	0.075546875	333.984375	644.53125	0.65234375	0.886328125	0.755078125	0.729296875	0.956640625	0.968359375	0.763671875	0.794921875	0.874609375	0.791015625	0.823046875	0.501953125	0.982421875	0.748046875	0.996484375	0.845703125	0.888671875	0.689453125	23.828125	89.453125	53.515625	63.671875	2.734375	88.671875	94.921875	98.046875	93.359375	94.140625	45.703125	76.953125
sim18713	100	0.59375	0.194375	171.875	0.90625	0.78125	0.171875	15.625	0.34375	0.070625	453.125	4531.25	0.34375	171.875	3281.25	0.28125	0.025625	421.875	156.25	0.84375	484.375	4218.75	0.46875	0.126875	453.125	4531.25	0.03125	0.765625	0.746875	0.971875	0.821875	0.840625	0.671875	0.878125	0.990625	0.671875	0.971875	0.890625	0.953125	0.709375	0.803125	0.640625	0.971875	0.953125	34.375	34.375	65.625	28.125	3.125	59.375	3.125	84.375	59.375	96.875	34.375	90.625
sim18723	100	0.765625	0.1184375	101.5625	0.921875	0.046875	0.1409375	242.1875	0.640625	0.1634375	39.0625	234.375	0.046875	351.5625	1640.625	0.765625	0.1746875	335.9375	2109.375	0.359375	367.1875	3359.375	0.015625	0.1971875	54.6875	1015.625	0.796875	0.7234375	0.9859375	0.7703125	0.8921875	0.8171875	0.5078125	0.7796875	0.7140625	0.8515625	0.8265625	0.7734375	0.7515625	0.9953125	0.7421875	0.6484375	0.8734375	0.7734375	54.6875	20.3125	82.8125	26.5625	35.9375	32.8125	92.1875	85.9375	76.5625	54.6875	20.3125	92.1875
sim18741	100	0.671875	0.0903125	492.1875	0.953125	0.578125	0.0228125	320.3125	0.296875	0.1915625	85.9375	390.625	0.265625	117.1875	2734.375	0.984375	0.1353125	132.8125	1015.625	0.328125	414.0625	1328.125	0.421875	0.0565625	445.3125	4609.375	0.453125	0.9578125	0.8265625	0.7796875	0.8828125	0.9015625	0.6484375	0.7515625	0.9671875	0.7421875	0.8359375	0.5390625	0.8546875	0.7421875	0.9390625	0.7265625	0.9015625	0.7890625	76.5625	73.4375	4.6875	48.4375	14.0625	23.4375	70.3125	82.8125	67.1875	39.0625	98.4375	95.3125
sim18800	100	0.0546875	0.18734375	50.78125	0.9609375	0.3046875	0.12546875	308.59375	0.9765625	0.04671875	261.71875	4179.6875	0.4765625	97.65625	4648.4375	0.1015625	0.02984375	74.21875	4257.8125	0.7578125	214.84375	742.1875	0.4140625	0.11421875	425.78125	3398.4375	0.4296875	0.87109375	0.73046875	0.76328125	0.75390625	0.85234375	0.80078125	0.71640625	0.97890625	0.55078125	0.98828125	0.65234375	0.87578125	0.88515625	0.99296875	0.57421875	0.85703125	0.91796875	47.65625	19.53125	92.96875	10.15625	5.46875	47.65625	85.15625	75.78125	5.46875	92.96875	10.15625	96.09375
sim18852	100	0.14453125	0.123359375	177.734375	0.87109375	0.87890625	0.124765625	220.703125	0.68359375	0.091015625	212.890625	3105.46875	0.30078125	13.671875	4160.15625	0.12890625	0.037578125	29.296875	2832.03125	0.46484375	306.640625	292.96875	0.58203125	0.057265625	212.890625	3652.34375	0.01953125	0.729296875	0.926171875	0.722265625	0.794921875	0.703515625	0.548828125	0.731640625	0.839453125	0.615234375	0.984765625	0.880859375	0.787890625	0.787890625	0.741015625	0.927734375	0.909765625	0.615234375	79.296875	88.671875	69.921875	98.828125	33.203125	80.078125	76.953125	89.453125	14.453125	57.421875	35.546875	87.109375
sim18935	100	0.93359375	0.189453125	228.515625	0.76953125	0.63671875	0.143046875	287.109375	0.94140625	0.120546875	498.046875	1347.65625	0.23046875	251.953125	2167.96875	0.99609375	0.162734375	259.765625	761.71875	0.91015625	154.296875	2597.65625	0.98046875	0.075546875	333.984375	644.53125	0.65234375	0.886328125	0.755078125	0.729296875	0.956640625	0.968359375	0.763671875	0.794921875	0.874609375	0.791015625	0.823046875	0.501953125	0.982421875	0.748046875	0.996484375	0.845703125	0.888671875	0.689453125	23.828125	89.453125	53.515625	63.671875	2.734375	88.671875	94.921875	98.046875	93.359375	94.140625	45.703125	76.953125
sim18969	100	0.59375	0.194375	171.875	0.90625	0.78125	0.171875	15.625	0.34375	0.070625	453.125	4531.25	0.34375	171.875	3281.25	0.28125	0.025625	296.875	2343.75	0.84375	484.375	4218.75	0.46875	0.126875	453.125	4531.25	0.03125	0.765625	0.746875	0.971875	0.821875	0.840625	0.671875	0.878125	0.990625	0.671875	0.971875	0.890625	0.953125	0.709375	0.803125	0.640625	0.971875	0.953125	34.375	34.375	65.625	28.125	3.125	59.375	3.125	84.375	59.375	96.875	34.375	90.625
sim18979	100	0.765625	0.1184375	101.5625	0.921875	0.046875	0.1409375	242.1875	0.640625	0.1634375	39.0625	234.375	0.046875	351.5625	1640.625	0.765625	0.1746875	414.0625	78.125	0.359375	367.1875	3359.375	0.015625	0.1971875	54.6875	1015.625	0.796875	0.7234375	0.9859375	0.7703125	0.8921875	0.8171875	0.5078125	0.7796875	0.7140625	0.8515625	0.8265625	0.7734375	0.7515625	0.9953125	0.7421875	0.6484375	0.8734375	0.7734375	54.6875	20.3125	82.8125	26.5625	35.9375	32.8125	92.1875	85.9375	76.5625	54.6875	20.3125	92.1875
sim18997	100	0.671875	0.0903125	492.1875	0.953125	0.578125	0.0228125	320.3125	0.296875	0.1915625	85.9375	390.625	0.265625	117.1875	2734.375	0.984375	0.1353125	367.1875	2109.375	0.328125	414.0625	1328.125	0.421875	0.0565625	445.3125	4609.375	0.453125	0.9578125	0.8265625	0.7796875	0.8828125	0.9015625	0.6484375	0.7515625	0.9671875	0.7421875	0.8359375	0.5390625	0.8546875	0.7421875	0.9390625	0.7265625	0.9015625	0.7890625	76.5625	73.4375	4.6875	48.4375	14.0625	23.4375	70.3125	82.8125	67.1875	39.0625	98.4375	95.3125
sim19056	100	0.0546875	0.18734375	50.78125	0.9609375	0.3046875	0.12546875	308.59375	0.9765625	0.04671875	261.71875	4179.6875	0.4765625	97.65625	4648.4375	0.1015625	0.02984375	238.28125	2070.3125	0.7578125	214.84375	742.1875	0.4140625	0.11421875	425.78125	3398.4375	0.4296875	0.87109375	0.73046875	0.76328125	0.75390625	0.85234375	0.80078125	0.71640625	0.97890625	0.55078125	0.98828125	0.65234375	0.87578125	0.88515625	0.99296875	0.57421875	0.85703125	0.91796875	47.65625	19.53125	92.96875	10.15625	5.46875	47.65625	85.15625	75.78125	5.46875	92.96875	10.15625	96.09375
sim19108	100	0.14453125	0.123359375	177.734375	0.87109375	0.87890625	0.124765625	220.703125	0.68359375	0.091015625	212.890625	3105.46875	0.30078125	13.671875	4160.15625	0.12890625	0.037578125	21.484375	2910.15625	0.46484375	306.640625	292.96875	0.58203125	0.057265625	212.890625	3652.34375	0.01953125	0.729296875	0.926171875	0.722265625	0.794921875	0.703515625	0.548828125	0.731640625	0.839453125	0.615234375	0.984765625	0.880859375	0.787890625	0.787890625	0.741015625	0.927734375	0.909765625	0.615234375	79.296875	88.671875	69.921875	98.828125	33.203125	80.078125	76.953125	89.453125	14.453125	57.421875	35.546875	87.109375
sim19191	100	0.93359375	0.189453125	228.515625	0.76953125	0.63671875	0.143046875	287.109375	0.94140625	0.120546875	498.046875	1347.65625	0.23046875	251.953125	2167.96875	0.99609375	0.162734375	322.265625	4902.34375	0.91015625	154.296875	2597.65625	0.98046875	0.075546875	333.984375	644.53125	0.65234375	0.886328125	0.755078125	0.729296875	0.956640625	0.968359375	0.763671875	0.794921875	0.874609375	0.791015625	0.823046875	0.501953125	0.982421875	0.748046875	0.996484375	0.845703125	0.888671875	0.689453125	23.828125	89.453125	53.515625	63.671875	2.734375	88.671875	94.921875	98.046875	93.359375	94.140625	45.703125	76.953125
sim19225	100	0.59375	0.194375	171.875	0.90625	0.78125	0.171875	15.625	0.34375	0.070625	453.125	4531.25	0.34375	171.875	3281.25	0.28125	0.025625	296.875	156.25	0.59375	484.375	4218.75	0.46875	0.126875	453.125	4531.25	0.03125	0.765625	0.746875	0.971875	0.821875	0.840625	0.671875	0.878125	0.990625	0.671875	0.971875	0.890625	0.953125	0.709375	0.803125	0.640625	0.971875	0.953125	34.375	34.375	65.625	28.125	3.125	59.375	3.125	84.375	59.375	96.875	34.375	90.625
sim19235	100	0.765625	0.1184375	101.5625	0.921875	0.046875	0.1409375	242.1875	0.640625	0.1634375	39.0625	234.375	0.046875	351.5625	1640.625	0.765625	0.1746875	414.0625	2109.375	0.984375	367.1875	3359.375	0.015625	0.1971875	54.6875	1015.625	0.796875	0.7234375	0.9859375	0.7703125	0.8921875	0.8171875	0.5078125	0.7796875	0.7140625	0.8515625	0.8265625	0.7734375	0.7515625	0.9953125	0.7421875	0.6484375	0.8734375	0.7734375	54.6875	20.3125	82.8125	26.5625	35.9375	32.8125	92.1875	85.9375	76.5625	54.6875	20.3125	92.1875
sim19253	100	0.671875	0.0903125	492.1875	0.953125	0.578125	0.0228125	320.3125	0.296875	0.1915625	85.9375	390.625	0.265625	117.1875	2734.375	0.984375	0.1353125	367.1875	1015.625	0.203125	414.0625	1328.125	0.421875	0.0565625	445.3125	4609.375	0.453125	0.9578125	0.8265625	0.7796875	0.8828125	0.9015625	0.6484375	0.7515625	0.9671875	0.7421875	0.8359375	0.5390625	0.8546875	0.7421875	0.9390625	0.7265625	0.9015625	0.7890625	76.5625	73.4375	4.6875	48.4375	14.0625	23.4375	70.3125	82.8125	67.1875	39.0625	98.4375	95.3125
sim19312	100	0.0546875	0.18734375	50.78125	0.9609375	0.3046875	0.12546875	308.59375	0.9765625	0.04671875	261.71875	4179.6875	0.4765625	97.65625	4648.4375	0.1015625	0.02984375	238.28125	4257.8125	0.5234375	214.84375	742.1875	0.4140625	0.11421875	425.78125	3398.4375	0.4296875	0.87109375	0.73046875	0.76328125	0.75390625	0.85234375	0.80078125	0.71640625	0.97890625	0.55078125	0.98828125	0.65234375	0.87578125	0.88515625	0.99296875	0.57421875	0.85703125	0.91796875	47.65625	19.53125	92.96875	10.15625	5.46875	47.65625	85.15625	75.78125	5.46875	92.96875	10.15625	96.09375
sim19364	100	0.14453125	0.123359375	177.734375	0.87109375	0.87890625	0.124765625	220.703125	0.68359375	0.091015625	212.890625	3105.46875	0.30078125	13.671875	4160.15625	0.12890625	0.037578125	21.484375	2832.03125	0.20703125	306.640625	292.96875	0.58203125	0.057265625	212.890625	3652.34375	0.01953125	0.729296875	0.926171875	0.722265625	0.794921875	0.703515625	0.548828125	0.731640625	0.839453125	0.615234375	0.984765625	0.880859375	0.787890625	0.787890625	0.741015625	0.927734375	0.909765625	0.615234375	79.296875	88.671875	69.921875	98.828125	33.203125	80.078125	76.953125	89.453125	14.453125	57.421875	35.546875	87.109375
sim19447	100	0.93359375	0.189453125	228.515625	0.76953125	0.63671875	0.143046875	287.109375	0.94140625	0.120546875	498.046875	1347.65625	0.23046875	251.953125	2167.96875	0.99609375	0.162734375	322.265625	761.71875	0.30859375	154.296875	2597.65625	0.98046875	0.075546875	333.984375	644.53125	0.65234375	0.886328125	0.755078125	0.729296875	0.956640625	0.968359375	0.763671875	0.794921875	0.874609375	0.791015625	0.823046875	0.501953125	0.982421875	0.748046875	0.996484375	0.845703125	0.888671875	0.689453125	23.828125	89.453125	53.515625	63.671875	2.734375	88.671875	94.921875	98.046875	93.359375	94.140625	45.703125	76.953125
sim19481	100	0.59375	0.194375	171.875	0.90625	0.78125	0.171875	15.625	0.34375	0.070625	453.125	4531.25	0.34375	171.875	3281.25	0.28125	0.025625	296.875	156.25	0.84375	453.125	4218.75	0.46875	0.126875	453.125	4531.25	0.03125	0.765625	0.746875	0.971875	0.821875	0.840625	0.671875	0.878125	0.990625	0.671875	0.971875	0.890625	0.953125	0.709375	0.803125	0.640625	0.971875	0.953125	34.375	34.375	65.625	28.125	3.125	59.375	3.125	84.375	59.375	96.875	34.375	90.625
sim19491	100	0.765625	0.1184375	101.5625	0.921875	0.046875	0.1409375	242.1875	0.640625	0.1634375	39.0625	234.375	0.046875	351.5625	1640.625	0.765625	0.1746875	414.0625	2109.375	0.359375	54.6875	3359.375	0.015625	0.1971875	54.6875	1015.625	0.796875	0.7234375	0.9859375	0.7703125	0.8921875	0.8171875	0.5078125	0.7796875	0.7140625	0.8515625	0.8265625	0.7734375	0.7515625	0.9953125	0.7421875	0.6484375	0.8734375	0.7734375	54.6875	20.3125	82.8125	26.5625	35.9375	32.8125	92.1875	85.9375	76.5625	54.6875	20.3125	92.1875
sim19509	100	0.671875	0.0903125	492.1875	0.953125	0.578125	0.0228125	320.3125	0.296875	0.1915625	85.9375	390.625	0.265625	117.1875	2734.375	0.984375	0.1353125	367.1875	1015.625	0.328125	445.3125	1328.125	0.421875	0.0565625	445.3125	4609.375	0.453125	0.9578125	0.8265625	0.7796875	0.8828125	0.9015625	0.6484375	0.7515625	0.9671875	0.7421875	0.8359375	0.5390625	0.8546875	0.7421875	0.9390625	0.7265625	0.9015625	0.7890625	76.5625	73.4375	4.6875	48.4375	14.0625	23.4375	70.3125	82.8125	67.1875	39.0625	98.4375	95.3125
sim19568	100	0.0546875	0.18734375	50.78125	0.9609375	0.3046875	0.12546875	308.59375	0.9765625	0.04671875	261.71875	4179.6875	0.4765625	97.65625	4648.4375	0.1015625	0.02984375	238.28125	4257.8125	0.7578125	425.78125	742.1875	0.4140625	0.11421875	425.78125	3398.4375	0.4296875	0.87109375	0.73046875	0.76328125	0.75390625	0.85234375	0.80078125	0.71640625	0.97890625	0.55078125	0.98828125	0.65234375	0.87578125	0.88515625	0.99296875	0.57421875	0.85703125	0.91796875	47.65625	19.53125	92.96875	10.15625	5.46875	47.65625	85.15625	75.78125	5.46875	92.96875	10.15625	96.09375
sim19620	100	0.14453125	0.123359375	177.734375	0.87109375	0.87890625	0.124765625	220.703125	0.68359375	0.091015625	212.890625	3105.46875	0.30078125	13.671875	4160.15625	0.12890625	0.037578125	21.484375	2832.03125	0.46484375	212.890625	292.96875	0.58203125	0.057265625	212.890625	3652.34375	0.01953125	0.729296875	0.926171875	0.722265625	0.794921875	0.703515625	0.548828125	0.731640625	0.839453125	0.615234375	0.984765625	0.880859375	0.787890625	0.787890625	0.741015625	0.927734375	0.909765625	0.615234375	79.296875	88.671875	69.921875	98.828125	33.203125	80.078125	76.953125	89.453125	14.453125	57.421875	35.546875	87.109375
sim19703	100	0.93359375	0.189453125	228.515625	0.76953125	0.63671875	0.143046875	287.109375	0.94140625	0.120546875	498.046875	1347.65625	0.23046875	251.953125	2167.96875	0.99609375	0.162734375	322.265625	761.71875	0.91015625	333.984375	2597.65625	0.98046875	0.075546875	333.984375	644.53125	0.65234375	0.886328125	0.755078125	0.729296875	0.956640625	0.968359375	0.763671875	0.794921875	0.874609375	0.791015625	0.823046875	0.501953125	0.982421875	0.748046875	0.996484375	0.845703125	0.888671875	0.689453125	23.828125	89.453125	53.515625	63.671875	2.734375	88.671875	94.921875	98.046875	93.359375	94.140625	45.703125	76.953125
sim19737	100	0.59375	0.194375	171.875	0.90625	0.78125	0.171875	15.625	0.34375	0.070625	453.125	4531.25	0.34375	171.875	3281.25	0.28125	0.025625	296.875	156.25	0.84375	484.375	4531.25	0.46875	0.126875	453.125	4531.25	0.03125	0.765625	0.746875	0.971875	0.821875	0.840625	0.671875	0.878125	0.990625	0.671875	0.971875	0.890625	0.953125	0.709375	0.803125	0.640625	0.971875	0.953125	34.375	34.375	65.625	28.125	3.125	59.375	3.125	84.375	59.375	96.875	34.375	90.625
sim19747	100	0.765625	0.1184375	101.5625	0.921875	0.046875	0.1409375	242.1875	0.640625	0.1634375	39.0625	234.375	0.046875	351.5625	1640.625	0.765625	0.1746875	414.0625	2109.375	0.359375	367.1875	1015.625	0.015625	0.1971875	54.6875	1015.625	0.796875	0.7234375	0.9859375	0.7703125	0.8921875	0.8171875	0.5078125	0.7796875	0.7140625	0.8515625	0.8265625	0.7734375	0.7515625	0.9953125	0.7421875	0.6484375	0.8734375	0.7734375	54.6875	20.3125	82.8125	26.5625	35.9375	32.8125	92.1875	85.9375	76.5625	54.6875	20.3125	92.1875
sim19765	100	0.671875	0.0903125	492.1875	0.953125	0.578125	0.0228125	320.3125	0.296875	0.1915625	85.9375	390.625	0.265625	117.1875	2734.375	0.984375	0.1353125	367.1875	1015.625	0.328125	414.0625	4609.375	0.421875	0.0565625	445.3125	4609.375	0.453125	0.9578125	0.8265625	0.7796875	0.8828125	0.9015625	0.6484375	0.7515625	0.9671875	0.7421875	0.8359375	0.5390625	0.8546875	0.7421875	0.9390625	0.7265625	0.9015625	0.7890625	76.5625	73.4375	4.6875	48.4375	14.0625	23.4375	70.3125	82.8125	67.1875	39.0625	98.4375	95.3125
sim19824	100	0.0546875	0.18734375	50.78125	0.9609375	0.3046875	0.12546875	308.59375	0.9765625	0.04671875	261.71875	4179.6875	0.4765625	97.65625	4648.4375	0.1015625	0.02984375	238.28125	4257.8125	0.7578125	214.84375	3398.4375	0.4140625	0.11421875	425.78125	3398.4375	0.4296875	0.87109375	0.73046875	0.76328125	0.75390625	0.85234375	0.80078125	0.71640625	0.97890625	0.55078125	0.98828125	0.65234375	0.87578125	0.88515625	0.99296875	0.57421875	0.85703125	0.91796875	47.65625	19.53125	92.96875	10.15625	5.46875	47.65625	85.15625	75.78125	5.46875	92.96875	10.15625	96.09375
sim19876	100	0.14453125	0.123359375	177.734375	0.87109375	0.87890625	0.124765625	220.703125	0.68359375	0.091015625	212.890625	3105.46875	0.30078125	13.671875	4160.15625	0.12890625	0.037578125	21.484375	2832.03125	0.46484375	306.640625	3652.34375	0.58203125	0.057265625	212.890625	3652.34375	0.01953125	0.729296875	0.926171875	0.722265625	0.794921875	0.703515625	0.548828125	0.731640625	0.839453125	0.615234375	0.984765625	0.880859375	0.787890625	0.787890625	0.741015625	0.927734375	0.909765625	0.615234375	79.296875	88.671875	69.921875	98.828125	33.203125	80.078125	76.953125	89.453125	14.453125	57.421875	35.546875	87.109375
sim19959	100	0.93359375	0.189453125	228.515625	0.76953125	0.63671875	0.143046875	287.109375	0.94140625	0.120546875	498.046875	1347.65625	0.23046875	251.953125	2167.96875	0.99609375	0.162734375	322.265625	761.71875	0.91015625	154.296875	644.53125	0.98046875	0.075546875	333.984375	644.53125	0.65234375	0.886328125	0.755078125	0.729296875	0.956640625	0.968359375	0.763671875	0.794921875	0.874609375	0.791015625	0.823046875	0.501953125	0.982421875	0.748046875	0.996484375	0.845703125	0.888671875	0.689453125	23.828125	89.453125	53.515625	63.671875	2.734375	88.671875	94.921875	98.046875	93.359375	94.140625	45.703125	76.953125
sim19993	100	0.59375	0.194375	171.875	0.90625	0.78125	0.171875	15.625	0.34375	0.070625	453.125	4531.25	0.34375	171.875	3281.25	0.28125	0.025625	296.875	156.25	0.84375	484.375	4218.75	0.03125	0.126875	453.125	4531.25	0.03125	0.765625	0.746875	0.971875	0.821875	0.840625	0.671875	0.878125	0.990625	0.671875	0.971875	0.890625	0.953125	0.709375	0.803125	0.640625	0.971875	0.953125	34.375	34.375	65.625	28.125	3.125	59.375	3.125	84.375	59.375	96.875	34.375	90.625
sim20003	100	0.765625	0.1184375	101.5625	0.921875	0.046875	0.1409375	242.1875	0.640625	0.1634375	39.0625	234.375	0.046875	351.5625	1640.625	0.765625	0.1746875	414.0625	2109.375	0.359375	367.1875	3359.375	0.796875	0.1971875	54.6875	1015.625	0.796875	0.7234375	0.9859375	0.7703125	0.8921875	0.8171875	0.5078125	0.7796875	0.7140625	0.8515625	0.8265625	0.7734375	0.7515625	0.9953125	0.7421875	0.6484375	0.8734375	0.7734375	54.6875	20.3125	82.8125	26.5625	35.9375	32.8125	92.1875	85.9375	76.5625	54.6875	20.3125	92.1875
sim20021	100	0.671875	0.0903125	492.1875	0.953125	0.578125	0.0228125	320.3125	0.296875	0.1915625	85.9375	390.625	0.265625	117.1875	2734.375	0.984375	0.1353125	367.1875	1015.625	0.328125	414.0625	1328.125	0.453125	0.0565625	445.3125	4609.375	0.453125	0.9578125	0.8265625	0.7796875	0.8828125	0.9015625	0.6484375	0.7515625	0.9671875	0.7421875	0.8359375	0.5390625	0.8546875	0.7421875	0.9390625	0.7265625	0.9015625	0.7890625	76.5625	73.4375	4.6875	48.4375	14.0625	23.4375	70.3125	82.8125	67.1875	39.0625	98.4375	95.3125
sim20080	100	0.0546875	0.18734375	50.78125	0.9609375	0.3046875	0.12546875	308.59375	0.9765625	0.04671875	261.71875	4179.6875	0.4765625	97.65625	4648.4375	0.1015625	0.02984375	238.28125	4257.8125	0.7578125	214.84375	742.1875	0.4296875	0.11421875	425.78125	3398.4375	0.4296875	0.87109375	0.73046875	0.76328125	0.75390625	0.85234375	0.80078125	0.71640625	0.97890625	0.55078125	0.98828125	0.65234375	0.87578125	0.88515625	0.99296875	0.57421875	0.85703125	0.91796875	47.65625	19.53125	92.96875	10.15625	5.46875	47.65625	85.15625	75.78125	5.46875	92.96875	10.15625	96.09375
sim20132	100	0.14453125	0.123359375	177.734375	0.87109375	0.87890625	0.124765625	220.703125	0.68359375	0.091015625	212.890625	3105.46875	0.30078125	13.671875	4160.15625	0.12890625	0.037578125	21.484375	2832.03125	0.46484375	306.640625	292.96875	0.01953125	0.057265625	212.890625	3652.34375	0.01953125	0.729296875	0.926171875	0.722265625	0.794921875	0.703515625	0.548828125	0.731640625	0.839453125	0.615234375	0.984765625	0.880859375	0.787890625	0.787890625	0.741015625	0.927734375	0.909765625	0.615234375	79.296875	88.671875	69.921875	98.828125	33.203125	80.078125	76.953125	89.453125	14.453125	57.421875	35.546875	87.109375
sim20215	100	0.93359375	0.189453125	228.515625	0.76953125	0.63671875	0.143046875	287.109375	0.94140625	0.120546875	498.046875	1347.65625	0.23046875	251.953125	2167.96875	0.99609375	0.162734375	322.265625	761.71875	0.91015625	154.296875	2597.65625	0.65234375	0.075546875	333.984375	644.53125	0.65234375	0.886328125	0.755078125	0.729296875	0.956640625	0.968359375	0.763671875	0.794921875	0.874609375	0.791015625	0.823046875	0.501953125	0.982421875	0.748046875	0.996484375	0.845703125	0.888671875	0.689453125	23.828125	89.453125	53.515625	63.671875	2.734375	88.671875	94.921875	98.046875	93.359375	94.140625	45.703125	76.953125
sim20249	100	0.59375	0.194375	171.875	0.90625	0.78125	0.171875	15.625	0.34375	0.070625	453.125	4531.25	0.34375	171.875	3281.25	0.28125	0.025625	296.875	156.25	0.84375	484.375	4218.75	0.46875	0.059375	453.125	4531.25	0.03125	0.765625	0.746875	0.971875	0.821875	0.840625	0.671875	0.878125	0.990625	0.671875	0.971875	0.890625	0.953125	0.709375	0.803125	0.640625	0.971875	0.953125	34.375	34.375	65.625	28.125	3.125	59.375	3.125	84.375	59.375	96.875	34.375	90.625
sim20259	100	0.765625	0.1184375	101.5625	0.921875	0.046875	0.1409375	242.1875	0.640625	0.1634375	39.0625	234.375	0.046875	351.5625	1640.625	0.765625	0.1746875	414.0625	2109.375	0.359375	367.1875	3359.375	0.015625	0.0340625	54.6875	1015.625	0.796875	0.7234375	0.9859375	0.7703125	0.8921875	0.8171875	0.5078125	0.7796875	0.7140625	0.8515625	0.8265625	0.7734375	0.7515625	0.9953125	0.7421875	0.6484375	0.8734375	0.7734375	54.6875	20.3125	82.8125	26.5625	35.9375	32.8125	92.1875	85.9375	76.5625	54.6875	20.3125	92.1875
sim20277	100	0.671875	0.0903125	492.1875	0.953125	0.578125	0.0228125	320.3125	0.296875	0.1915625	85.9375	390.625	0.265625	117.1875	2734.375	0.984375	0.1353125	367.1875	1015.625	0.328125	414.0625	1328.125	0.421875	0.1746875	445.3125	4609.375	0.453125	0.9578125	0.8265625	0.7796875	0.8828125	0.9015625	0.6484375	0.7515625	0.9671875	0.7421875	0.8359375	0.5390625	0.8546875	0.7421875	0.9390625	0.7265625	0.9015625	0.7890625	76.5625	73.4375	4.6875	48.4375	14.0625	23.4375	70.3125	82.8125	67.1875	39.0625	98.4375	95.3125
sim20336	100	0.0546875	0.18734375	50.78125	0.9609375	0.3046875	0.12546875	308.59375	0.9765625	0.04671875	261.71875	4179.6875	0.4765625	97.65625	4648.4375	0.1015625	0.02984375	238.28125	4257.8125	0.7578125	214.84375	742.1875	0.4140625	0.12265625	425.78125	3398.4375	0.4296875	0.87109375	0.73046875	0.76328125	0.75390625	0.85234375	0.80078125	0.71640625	0.97890625	0.55078125	0.98828125	0.65234375	0.87578125	0.88515625	0.99296875	0.57421875	0.85703125	0.91796875	47.65625	19.53125	92.96875	10.15625	5.46875	47.65625	85.15625	75.78125	5.46875	92.96875	10.15625	96.09375
sim20388	100	0.14453125	0.123359375	177.734375	0.87109375	0.87890625	0.124765625	220.703125	0.68359375	0.091015625	212.890625	3105.46875	0.30078125	13.671875	4160.15625	0.12890625	0.037578125	21.484375	2832.03125	0.46484375	306.640625	292.96875	0.58203125	0.037578125	212.890625	3652.34375	0.01953125	0.729296875	0.926171875	0.722265625	0.794921875	0.703515625	0.548828125	0.731640625	0.839453125	0.615234375	0.984765625	0.880859375	0.787890625	0.787890625	0.741015625	0.927734375	0.909765625	0.615234375	79.296875	88.671875	69.921875	98.828125	33.203125	80.078125	76.953125	89.453125	14.453125	57.421875	35.546875	87.109375
sim20471	100	0.93359375	0.189453125	228.515625	0.76953125	0.63671875	0.143046875	287.109375	0.94140625	0.120546875	498.046875	1347.65625	0.23046875	251.953125	2167.96875	0.99609375	0.162734375	322.265625	761.71875	0.91015625	154.296875	2597.65625	0.98046875	0.131796875	333.984375	644.53125	0.65234375	0.886328125	0.755078125	0.729296875	0.956640625	0.968359375	0.763671875	0.794921875	0.874609375	0.791015625	0.823046875	0.501953125	0.982421875	0.748046875	0.996484375	0.845703125	0.888671875	0.689453125	23.828125	89.453125	53.515625	63.671875	2.734375	88.671875	94.921875	98.046875	93.359375	94.140625	45.703125	76.953125
sim20505	100	0.59375	0.194375	171.875	0.90625	0.78125	0.171875	15.625	0.34375	0.070625	453.125	4531.25	0.34375	171.875	3281.25	0.28125	0.025625	296.875	156.25	0.84375	484.375	4218.75	0.46875	0.126875	78.125	4531.25	0.03125	0.765625	0.746875	0.971875	0.821875	0.840625	0.671875	0.878125	0.990625	0.671875	0.971875	0.890625	0.953125	0.709375	0.803125	0.640625	0.971875	0.953125	34.375	34.375	65.625	28.125	3.125	59.375	3.125	84.375	59.375	96.875	34.375	90.625
sim20515	100	0.765625	0.1184375	101.5625	0.921875	0.046875	0.1409375	242.1875	0.640625	0.1634375	39.0625	234.375	0.046875	351.5625	1640.625	0.765625	0.1746875	414.0625	2109.375	0.359375	367.1875	3359.375	0.015625	0.1971875	476.5625	1015.625	0.796875	0.7234375	0.9859375	0.7703125	0.8921875	0.8171875	0.5078125	0.7796875	0.7140625	0.8515625	0.8265625	0.7734375	0.7515625	0.9953125	0.7421875	0.6484375	0.8734375	0.7734375	54.6875	20.3125	82.8125	26.5625	35.9375	32.8125	92.1875	85.9375	76.5625	54.6875	20.3125	92.1875
sim20533	100	0.671875	0.0903125	492.1875	0.953125	0.578125	0.0228125	320.3125	0.296875	0.1915625	85.9375	390.625	0.265625	117.1875	2734.375	0.984375	0.1353125	367.1875	1015.625	0.328125	414.0625	1328.125	0.421875	0.0565625	210.9375	4609.375	0.453125	0.9578125	0.8265625	0.7796875	0.8828125	0.9015625	0.6484375	0.7515625	0.9671875	0.7421875	0.8359375	0.5390625	0.8546875	0.7421875	0.9390625	0.7265625	0.9015625	0.7890625	76.5625	73.4375	4.6875	48.4375	14.0625	23.4375	70.3125	82.8125	67.1875	39.0625	98.4375	95.3125
sim20592	100	0.0546875	0.18734375	50.78125	0.9609375	0.3046875	0.12546875	308.59375	0.9765625	0.04671875	261.71875	4179.6875	0.4765625	97.65625	4648.4375	0.1015625	0.02984375	238.28125	4257.8125	0.7578125	214.84375	742.1875	0.4140625	0.11421875	50.78125	3398.4375	0.4296875	0.87109375	0.73046875	0.76328125	0.75390625	0.85234375	0.80078125	0.71640625	0.97890625	0.55078125	0.98828125	0.65234375	0.87578125	0.88515625	0.99296875	0.57421875	0.85703125	0.91796875	47.65625	19.53125	92.96875	10.15625	5.46875	47.65625	85.15625	75.78125	5.46875	92.96875	10.15625	96.09375
sim20644	100	0.14453125	0.123359375	177.734375	0.87109375	0.87890625	0.124765625	220.703125	0.68359375	0.091015625	212.890625	3105.46875	0.30078125	13.671875	4160.15625	0.12890625	0.037578125	21.484375	2832.03125	0.46484375	306.640625	292.96875	0.58203125	0.057265625	376.953125	3652.34375	0.01953125	0.729296875	0.926171875	0.722265625	0.794921875	0.703515625	0.548828125	0.731640625	0.839453125	0.615234375	0.984765625	0.880859375	0.787890625	0.787890625	0.741015625	0.927734375	0.909765625	0.615234375	79.296875	88.671875	69.921875	98.828125	33.203125	80.078125	76.953125	89.453125	14.453125	57.421875	35.546875	87.109375
sim20727	100	0.93359375	0.189453125	228.515625	0.76953125	0.63671875	0.143046875	287.109375	0.94140625	0.120546875	498.046875	1347.65625	0.23046875	251.953125	2167.96875	0.99609375	0.162734375	322.265625	761.71875	0.91015625	154.296875	2597.65625	0.98046875	0.075546875	91.796875	644.53125	0.65234375	0.886328125	0.755078125	0.729296875	0.956640625	0.968359375	0.763671875	0.794921875	0.874609375	0.791015625	0.823046875	0.501953125	0.982421875	0.748046875	0.996484375	0.845703125	0.888671875	0.689453125	23.828125	89.453125	53.515625	63.671875	2.734375	88.671875	94.921875	98.046875	93.359375	94.140625	45.703125	76.953125
sim20761	100	0.59375	0.194375	171.875	0.90625	0.78125	0.171875	15.625	0.34375	0.070625	453.125	4531.25	0.34375	171.875	3281.25	0.28125	0.025625	296.875	156.25	0.84375	484.375	4218.75	0.46875	0.126875	453.125	4531.25	0.03125	0.765625	0.746875	0.971875	0.821875	0.840625	0.671875	0.878125	0.990625	0.671875	0.971875	0.890625	0.953125	0.709375	0.803125	0.640625	0.971875	0.953125	34.375	34.375	65.625	28.125	3.125	59.375	3.125	84.375	59.375	96.875	34.375	90.625
sim20771	100	0.765625	0.1184375	101.5625	0.921875	0.046875	0.1409375	242.1875	0.640625	0.1634375	39.0625	234.375	0.046875	351.5625	1640.625	0.765625	0.1746875	414.0625	2109.375	0.359375	367.1875	3359.375	0.015625	0.1971875	54.6875	1171.875	0.796875	0.7234375	0.9859375	0.7703125	0.8921875	0.8171875	0.5078125	0.7796875	0.7140625	0.8515625	0.8265625	0.7734375	0.7515625	0.9953125	0.7421875	0.6484375	0.8734375	0.7734375	54.6875	20.3125	82.8125	26.5625	35.9375	32.8125	92.1875	85.9375	76.5625	54.6875	20.3125	92.1875
sim20789	100	0.671875	0.0903125	492.1875	0.953125	0.578125	0.0228125	320.3125	0.296875	0.1915625	85.9375	390.625	0.265625	117.1875	2734.375	0.984375	0.1353125	367.1875	1015.625	0.328125	414.0625	1328.125	0.421875	0.0565625	445.3125	1328.125	0.453125	0.9578125	0.8265625	0.7796875	0.8828125	0.9015625	0.6484375	0.7515625	0.9671875	0.7421875	0.8359375	0.5390625	0.8546875	0.7421875	0.9390625	0.7265625	0.9015625	0.7890625	76.5625	73.4375	4.6875	48.4375	14.0625	23.4375	70.3125	82.8125	67.1875	39.0625	98.4375	95.3125
sim20848	100	0.0546875	0.18734375	50.78125	0.9609375	0.3046875	0.12546875	308.59375	0.9765625	0.04671875	261.71875	4179.6875	0.4765625	97.65625	4648.4375	0.1015625	0.02984375	238.28125	4257.8125	0.7578125	214.84375	742.1875	0.4140625	0.11421875	425.78125	1054.6875	0.4296875	0.87109375	0.73046875	0.76328125	0.75390625	0.85234375	0.80078125	0.71640625	0.97890625	0.55078125	0.98828125	0.65234375	0.87578125	0.88515625	0.99296875	0.57421875	0.85703125	0.91796875	47.65625	19.53125	92.96875	10.15625	5.46875	47.65625	85.15625	75.78125	5.46875	92.96875	10.15625	96.09375
sim20900	100	0.14453125	0.123359375	177.734375	0.87109375	0.87890625	0.124765625	220.703125	0.68359375	0.091015625	212.890625	3105.46875	0.30078125	13.671875	4160.15625	0.12890625	0.037578125	21.484375	2832.03125	0.46484375	306.640625	292.96875	0.58203125	0.057265625	212.890625	371.09375	0.01953125	0.729296875	0.926171875	0.722265625	0.794921875	0.703515625	0.548828125	0.731640625	0.839453125	0.615234375	0.984765625	0.880859375	0.787890625	0.787890625	0.741015625	0.927734375	0.909765625	0.615234375	79.296875	88.671875	69.921875	98.828125	33.203125	80.078125	76.953125	89.453125	14.453125	57.421875	35.546875	87.109375
sim20983	100	0.93359375	0.189453125	228.515625	0.76953125	0.63671875	0.143046875	287.109375	0.94140625	0.120546875	498.046875	1347.65625	0.23046875	251.953125	2167.96875	0.99609375	0.162734375	322.265625	761.71875	0.91015625	154.296875	2597.65625	0.98046875	0.075546875	333.984375	488.28125	0.65234375	0.886328125	0.755078125	0.729296875	0.956640625	0.968359375	0.763671875	0.794921875	0.874609375	0.791015625	0.823046875	0.501953125	0.982421875	0.748046875	0.996484375	0.845703125	0.888671875	0.689453125	23.828125	89.453125	53.515625	63.671875	2.734375	88.671875	94.921875	98.046875	93.359375	94.140625	45.703125	76.953125
sim21017	100	0.59375	0.194375	171.875	0.90625	0.78125	0.171875	15.625	0.34375	0.070625	453.125	4531.25	0.34375	171.875	3281.25	0.28125	0.025625	296.875	156.25	0.84375	484.375	4218.75	0.46875	0.126875	453.125	4531.25	0.40625	0.765625	0.746875	0.971875	0.821875	0.840625	0.671875	0.878125	0.990625	0.671875	0.971875	0.890625	0.953125	0.709375	0.803125	0.640625	0.971875	0.953125	34.375	34.375	65.625	28.125	3.125	59.375	3.125	84.375	59.375	96.875	34.375	90.625
sim21027	100	0.765625	0.1184375	101.5625	0.921875	0.046875	0.1409375	242.1875	0.640625	0.1634375	39.0625	234.375	0.046875	351.5625	1640.625	0.765625	0.1746875	414.0625	2109.375	0.359375	367.1875	3359.375	0.015625	0.1971875	54.6875	1015.625	0.640625	0.7234375	0.9859375	0.7703125	0.8921875	0.8171875	0.5078125	0.7796875	0.7140625	0.8515625	0.8265625	0.7734375	0.7515625	0.9953125	0.7421875	0.6484375	0.8734375	0.7734375	54.6875	20.3125	82.8125	26.5625	35.9375	32.8125	92.1875	85.9375	76.5625	54.6875	20.3125	92.1875
sim21045	100	0.671875	0.0903125	492.1875	0.953125	0.578125	0.0228125	320.3125	0.296875	0.1915625	85.9375	390.625	0.265625	117.1875	2734.375	0.984375	0.1353125	367.1875	1015.625	0.328125	414.0625	1328.125	0.421875	0.0565625	445.3125	4609.375	0.609375	0.9578125	0.8265625	0.7796875	0.8828125	0.9015625	0.6484375	0.7515625	0.9671875	0.7421875	0.8359375	0.5390625	0.8546875	0.7421875	0.9390625	0.7265625	0.9015625	0.7890625	76.5625	73.4375	4.6875	48.4375	14.0625	23.4375	70.3125	82.8125	67.1875	39.0625	98.4375	95.3125
sim21104	100	0.0546875	0.18734375	50.78125	0.9609375	0.3046875	0.12546875	308.59375	0.9765625	0.04671875	261.71875	4179.6875	0.4765625	97.65625	4648.4375	0.1015625	0.02984375	238.28125	4257.8125	0.7578125	214.84375	742.1875	0.4140625	0.11421875	425.78125	3398.4375	0.1796875	0.87109375	0.73046875	0.76328125	0.75390625	0.85234375	0.80078125	0.71640625	0.97890625	0.55078125	0.98828125	0.65234375	0.87578125	0.88515625	0.99296875	0.57421875	0.85703125	0.91796875	47.65625	19.53125	92.96875	10.15625	5.46875	47.65625	85.15625	75.78125	5.46875	92.96875	10.15625	96.09375
sim21156	100	0.14453125	0.123359375	177.734375	0.87109375	0.87890625	0.124765625	220.703125	0.68359375	0.091015625	212.890625	3105.46875	0.30078125	13.671875	4160.15625	0.12890625	0.037578125	21.484375	2832.03125	0.46484375	306.640625	292.96875	0.58203125	0.057265625	212.890625	3652.34375	0.31640625	0.729296875	0.926171875	0.722265625	0.794921875	0.703515625	0.548828125	0.731640625	0.839453125	0.615234375	0.984765625	0.880859375	0.787890625	0.787890625	0.741015625	0.927734375	0.909765625	0.615234375	79.296875	88.671875	69.921875	98.828125	33.203125	80.078125	76.953125	89.453125	14.453125	57.421875	35.546875	87.109375
sim21239	100	0.93359375	0.189453125	228.515625	0.76953125	0.63671875	0.143046875	287.109375	0.94140625	0.120546875	498.046875	1347.65625	0.23046875	251.953125	2167.96875	0.99609375	0.162734375	322.265625	761.71875	0.91015625	154.296875	2597.65625	0.98046875	0.075546875	333.984375	644.53125	0.85546875	0.886328125	0.755078125	0.729296875	0.956640625	0.968359375	0.763671875	0.794921875	0.874609375	0.791015625	0.823046875	0.501953125	0.982421875	0.748046875	0.996484375	0.845703125	0.888671875	0.689453125	23.828125	89.453125	53.515625	63.671875	2.734375	88.671875	94.921875	98.046875	93.359375	94.140625	45.703125	76.953125
sim21273	100	0.59375	0.194375	171.875	0.90625	0.78125	0.171875	15.625	0.34375	0.070625	453.125	4531.25	0.34375	171.875	3281.25	0.28125	0.025625	296.875	156.25	0.84375	484.375	4218.75	0.46875	0.126875	453.125	4531.25	0.03125	0.840625	0.746875	0.971875	0.821875	0.840625	0.671875	0.878125	0.990625	0.671875	0.971875	0.890625	0.953125	0.709375	0.803125	0.640625	0.971875	0.953125	34.375	34.375	65.625	28.125	3.125	59.375	3.125	84.375	59.375	96.875	34.375	90.625
sim21283	100	0.765625	0.1184375	101.5625	0.921875	0.046875	0.1409375	242.1875	0.640625	0.1634375	39.0625	234.375	0.046875	351.5625	1640.625	0.765625	0.1746875	414.0625	2109.375	0.359375	367.1875	3359.375	0.015625	0.1971875	54.6875	1015.625	0.796875	0.8171875	0.9859375	0.7703125	0.8921875	0.8171875	0.5078125	0.7796875	0.7140625	0.8515625	0.8265625	0.7734375	0.7515625	0.9953125	0.7421875	0.6484375	0.8734375	0.7734375	54.6875	20.3125	82.8125	26.5625	35.9375	32.8125	92.1875	85.9375	76.5625	54.6875	20.3125	92.1875
sim21301	100	0.671875	0.0903125	492.1875	0.953125	0.578125	0.0228125	320.3125	0.296875	0.1915625	85.9375	390.625	0.265625	117.1875	2734.375	0.984375	0.1353125	367.1875	1015.625	0.328125	414.0625	1328.125	0.421875	0.0565625	445.3125	4609.375	0.453125	0.9015625	0.8265625	0.7796875	0.8828125	0.9015625	0.6484375	0.7515625	0.9671875	0.7421875	0.8359375	0.5390625	0.8546875	0.7421875	0.9390625	0.7265625	0.9015625	0.7890625	76.5625	73.4375	4.6875	48.4375	14.0625	23.4375	70.3125	82.8125	67.1875	39.0625	98.4375	95.3125
sim21360	100	0.0546875	0.18734375	50.78125	0.9609375	0.3046875	0.12546875	308.59375	0.9765625	0.04671875	261.71875	4179.6875	0.4765625	97.65625	4648.4375	0.1015625	0.02984375	238.28125	4257.8125	0.7578125	214.84375	742.1875	0.4140625	0.11421875	425.78125	3398.4375	0.4296875	0.85234375	0.73046875	0.76328125	0.75390625	0.85234375	0.80078125	0.71640625	0.97890625	0.55078125	0.98828125	0.65234375	0.87578125	0.88515625	0.99296875	0.57421875	0.85703125	0.91796875	47.65625	19.53125	92.96875	10.15625	5.46875	47.65625	85.15625	75.78125	5.46875	92.96875	10.15625	96.09375
sim21412	100	0.14453125	0.123359375	177.734375	0.87109375	0.87890625	0.124765625	220.703125	0.68359375	0.091015625	212.890625	3105.46875	0.30078125	13.671875	4160.15625	0.12890625	0.037578125	21.484375	2832.03125	0.46484375	306.640625	292.96875	0.58203125	0.057265625	212.890625	3652.34375	0.01953125	0.703515625	0.926171875	0.722265625	0.794921875	0.703515625	0.548828125	0.731640625	0.839453125	0.615234375	0.984765625	0.880859375	0.787890625	0.787890625	0.741015625	0.927734375	0.909765625	0.615234375	79.296875	88.671875	69.921875	98.828125	33.203125	80.078125	76.953125	89.453125	14.453125	57.421875	35.546875	87.109375
sim21495	100	0.93359375	0.189453125	228.515625	0.76953125	0.63671875	0.143046875	287.109375	0.94140625	0.120546875	498.046875	1347.65625	0.23046875	251.953125	2167.96875	0.99609375	0.162734375	322.265625	761.71875	0.91015625	154.296875	2597.65625	0.98046875	0.075546875	333.984375	644.53125	0.65234375	0.968359375	0.755078125	0.729296875	0.956640625	0.968359375	0.763671875	0.794921875	0.874609375	0.791015625	0.823046875	0.501953125	0.982421875	0.748046875	0.996484375	0.845703125	0.888671875	0.689453125	23.828125	89.453125	53.515625	63.671875	2.734375	88.671875	94.921875	98.046875	93.359375	94.140625	45.703125	76.953125
sim21529	100	0.59375	0.194375	171.875	0.90625	0.78125	0.171875	15.625	0.34375	0.070625	453.125	4531.25	0.34375	171.875	3281.25	0.28125	0.025625	296.875	156.25	0.84375	484.375	4218.75	0.46875	0.126875	453.125	4531.25	0.03125	0.765625	0.803125	0.971875	0.821875	0.840625	0.671875	0.878125	0.990625	0.671875	0.971875	0.890625	0.953125	0.709375	0.803125	0.640625	0.971875	0.953125	34.375	34.375	65.625	28.125	3.125	59.375	3.125	84.375	59.375	96.875	34.375	90.625
sim21539	100	0.765625	0.1184375	101.5625	0.921875	0.046875	0.1409375	242.1875	0.640625	0.1634375	39.0625	234.375	0.046875	351.5625	1640.625	0.765625	0.1746875	414.0625	2109.375	0.359375	367.1875	3359.375	0.015625	0.1971875	54.6875	1015.625	0.796875	0.7234375	0.7046875	0.7703125	0.8921875	0.8171875	0.5078125	0.7796875	0.7140625	0.8515625	0.8265625	0.7734375	0.7515625	0.9953125	0.7421875	0.6484375	0.8734375	0.7734375	54.6875	20.3125	82.8125	26.5625	35.9375	32.8125	92.1875	85.9375	76.5625	54.6875	20.3125	92.1875
sim21557	100	0.671875	0.0903125	492.1875	0.953125	0.578125	0.0228125	320.3125	0.296875	0.1915625	85.9375	390.625	0.265625	117.1875	2734.375	0.984375	0.1353125	367.1875	1015.625	0.328125	414.0625	1328.125	0.421875	0.0565625	445.3125	4609.375	0.453125	0.9578125	0.7890625	0.7796875	0.8828125	0.9015625	0.6484375	0.7515625	0.9671875	0.7421875	0.8359375	0.5390625	0.8546875	0.7421875	0.9390625	0.7265625	0.9015625	0.7890625	76.5625	73.4375	4.6875	48.4375	14.0625	23.4375	70.3125	82.8125	67.1875	39.0625	98.4375	95.3125
sim21616	100	0.0546875	0.18734375	50.78125	0.9609375	0.3046875	0.12546875	308.59375	0.9765625	0.04671875	261.71875	4179.6875	0.4765625	97.65625	4648.4375	0.1015625	0.02984375	238.28125	4257.8125	0.7578125	214.84375	742.1875	0.4140625	0.11421875	425.78125	3398.4375	0.4296875	0.87109375	0.88046875	0.76328125	0.75390625	0.85234375	0.80078125	0.71640625	0.97890625	0.55078125	0.98828125	0.65234375	0.87578125	0.88515625	0.99296875	0.57421875	0.85703125	0.91796875	47.65625	19.53125	92.96875	10.15625	5.46875	47.65625	85.15625	75.78125	5.46875	92.96875	10.15625	96.09375
sim21668	100	0.14453125	0.123359375	177.734375	0.87109375	0.87890625	0.124765625	220.703125	0.68359375	0.091015625	212.890625	3105.46875	0.30078125	13.671875	4160.15625	0.12890625	0.037578125	21.484375	2832.03125	0.46484375	306.640625	292.96875	0.58203125	0.057265625	212.890625	3652.34375	0.01953125	0.729296875	0.729296875	0.722265625	0.794921875	0.703515625	0.548828125	0.731640625	0.839453125	0.615234375	0.984765625	0.880859375	0.787890625	0.787890625	0.741015625	0.927734375	0.909765625	0.615234375	79.296875	88.671875	69.921875	98.828125	33.203125	80.078125	76.953125	89.453125	14.453125	57.421875	35.546875	87.109375
sim21751	100	0.93359375	0.189453125	228.515625	0.76953125	0.63671875	0.143046875	287.109375	0.94140625	0.120546875	498.046875	1347.65625	0.23046875	251.953125	2167.96875	0.99609375	0.162734375	322.265625	761.71875	0.91015625	154.296875	2597.65625	0.98046875	0.075546875	333.984375	644.53125	0.65234375	0.886328125	0.858203125	0.729296875	0.956640625	0.968359375	0.763671875	0.794921875	0.874609375	0.791015625	0.823046875	0.501953125	0.982421875	0.748046875	0.996484375	0.845703125	0.888671875	0.689453125	23.828125	89.453125	53.515625	63.671875	2.734375	88.671875	94.921875	98.046875	93.359375	94.140625	45.703125	76.953125
sim21785	100	0.59375	0.194375	171.875	0.90625	0.78125	0.171875	15.625	0.34375	0.070625	453.125	4531.25	0.34375	171.875	3281.25	0.28125	0.025625	296.875	156.25	0.84375	484.375	4218.75	0.46875	0.126875	453.125	4531.25	0.03125	0.765625	0.746875	0.878125	0.821875	0.840625	0.671875	0.878125	0.990625	0.671875	0.971875	0.890625	0.953125	0.709375	0.803125	0.640625	0.971875	0.953125	34.375	34.375	65.625	28.125	3.125	59.375	3.125	84.375	59.375	96.875	34.375	90.625
sim21795	100	0.765625	0.1184375	101.5625	0.921875	0.046875	0.1409375	242.1875	0.640625	0.1634375	39.0625	234.375	0.046875	351.5625	1640.625	0.765625	0.1746875	414.0625	2109.375	0.359375	367.1875	3359.375	0.015625	0.1971875	54.6875	1015.625	0.796875	0.7234375	0.9859375	0.7796875	0.8921875	0.8171875	0.5078125	0.7796875	0.7140625	0.8515625	0.8265625	0.7734375	0.7515625	0.9953125	0.7421875	0.6484375	0.8734375	0.7734375	54.6875	20.3125	82.8125	26.5625	35.9375	32.8125	92.1875	85.9375	76.5625	54.6875	20.3125	92.1875
sim21813	100	0.671875	0.0903125	492.1875	0.953125	0.578125	0.0228125	320.3125	0.296875	0.1915625	85.9375	390.625	0.265625	117.1875	2734.375	0.984375	0.1353125	367.1875	1015.625	0.328125	414.0625	1328.125	0.421875	0.0565625	445.3125	4609.375	0.453125	0.9578125	0.8265625	0.7515625	0.8828125	0.9015625	0.6484375	0.7515625	0.9671875	0.7421875	0.8359375	0.5390625	0.8546875	0.7421875	0.9390625	0.7265625	0.9015625	0.7890625	76.5625	73.4375	4.6875	48.4375	14.0625	23.4375	70.3125	82.8125	67.1875	39.0625	98.4375	95.3125
sim21872	100	0.0546875	0.18734375	50.78125	0.9609375	0.3046875	0.12546875	308.59375	0.9765625	0.04671875	261.71875	4179.6875	0.4765625	97.65625	4648.4375	0.1015625	0.02984375	238.28125	4257.8125	0.7578125	214.84375	742.1875	0.4140625	0.11421875	425.78125	3398.4375	0.4296875	0.87109375	0.73046875	0.71640625	0.75390625	0.85234375	0.80078125	0.71640625	0.97890625	0.55078125	0.98828125	0.65234375	0.87578125	0.88515625	0.99296875	0.57421875	0.85703125	0.91796875	47.65625	19.53125	92.96875	10.15625	5.46875	47.65625	85.15625	75.78125	5.46875	92.96875	10.15625	96.09375
sim21924	100	0.14453125	0.123359375	177.734375	0.87109375	0.87890625	0.124765625	220.703125	0.68359375	0.091015625	212.890625	3105.46875	0.30078125	13.671875	4160.15625	0.12890625	0.037578125	21.484375	2832.03125	0.46484375	306.640625	292.96875	0.58203125	0.057265625	212.890625	3652.34375	0.01953125	0.729296875	0.926171875	0.731640625	0.794921875	0.703515625	0.548828125	0.731640625	0.839453125	0.615234375	0.984765625	0.880859375	0.787890625	0.787890625	0.741015625	0.927734375	0.909765625	0.615234375	79.296875	88.671875	69.921875	98.828125	33.203125	80.078125	76.953125	89.453125	14.453125	57.421875	35.546875	87.109375
sim22007	100	0.93359375	0.189453125	228.515625	0.76953125	0.63671875	0.143046875	287.109375	0.94140625	0.120546875	498.046875	1347.65625	0.23046875	251.953125	2167.96875	0.99609375	0.162734375	322.265625	761.71875	0.91015625	154.296875	2597.65625	0.98046875	0.075546875	333.984375	644.53125	0.65234375	0.886328125	0.755078125	0.794921875	0.956640625	0.968359375	0.763671875	0.794921875	0.874609375	0.791015625	0.823046875	0.501953125	0.982421875	0.748046875	0.996484375	0.845703125	0.888671875	0.689453125	23.828125	89.453125	53.515625	63.671875	2.734375	88.671875	94.921875	98.046875	93.359375	94.140625	45.703125	76.953125
sim22041	100	0.59375	0.194375	171.875	0.90625	0.78125	0.171875	15.625	0.34375	0.070625	453.125	4531.25	0.34375	171.875	3281.25	0.28125	0.025625	296.875	156.25	0.84375	484.375	4218.75	0.46875	0.126875	453.125	4531.25	0.03125	0.765625	0.746875	0.971875	0.990625	0.840625	0.671875	0.878125	0.990625	0.671875	0.971875	0.890625	0.953125	0.709375	0.803125	0.640625	0.971875	0.953125	34.375	34.375	65.625	28.125	3.125	59.375	3.125	84.375	59.375	96.875	34.375	90.625
sim22051	100	0.765625	0.1184375	101.5625	0.921875	0.046875	0.1409375	242.1875	0.640625	0.1634375	39.0625	234.375	0.046875	351.5625	1640.625	0.765625	0.1746875	414.0625	2109.375	0.359375	367.1875	3359.375	0.015625	0.1971875	54.6875	1015.625	0.796875	0.7234375	0.9859375	0.7703125	0.7140625	0.8171875	0.5078125	0.7796875	0.7140625	0.8515625	0.8265625	0.7734375	0.7515625	0.9953125	0.7421875	0.6484375	0.8734375	0.7734375	54.6875	20.3125	82.8125	26.5625	35.9375	32.8125	92.1875	85.9375	76.5625	54.6875	20.3125	92.1875
sim22069	100	0.671875	0.0903125	492.1875	0.953125	0.578125	0.0228125	320.3125	0.296875	0.1915625	85.9375	390.625	0.265625	117.1875	2734.375	0.984375	0.1353125	367.1875	1015.625	0.328125	414.0625	1328.125	0.421875	0.0565625	445.3125	4609.375	0.453125	0.9578125	0.8265625	0.7796875	0.9671875	0.9015625	0.6484375	0.7515625	0.9671875	0.7421875	0.8359375	0.5390625	0.8546875	0.7421875	0.9390625	0.7265625	0.9015625	0.7890625	76.5625	73.4375	4.6875	48.4375	14.0625	23.4375	70.3125	82.8125	67.1875	39.0625	98.4375	95.3125
sim22128	100	0.0546875	0.18734375	50.78125	0.9609375	0.3046875	0.12546875	308.59375	0.9765625	0.04671875	261.71875	4179.6875	0.4765625	97.65625	4648.4375	0.1015625	0.02984375	238.28125	4257.8125	0.7578125	214.84375	742.1875	0.4140625	0.11421875	425.78125	3398.4375	0.4296875	0.87109375	0.73046875	0.76328125	0.97890625	0.85234375	0.80078125	0.71640625	0.97890625	0.55078125	0.98828125	0.65234375	0.87578125	0.88515625	0.99296875	0.57421875	0.85703125	0.91796875	47.65625	19.53125	92.96875	10.15625	5.46875	47.65625	85.15625	75.78125	5.46875	92.96875	10.15625	96.09375
sim22180	100	0.14453125	0.123359375	177.734375	0.87109375	0.87890625	0.124765625	220.703125	0.68359375	0.091015625	212.890625	3105.46875	0.30078125	13.671875	4160.15625	0.12890625	0.037578125	21.484375	2832.03125	0.46484375	306.640625	292.96875	0.58203125	0.057265625	212.890625	3652.34375	0.01953125	0.729296875	0.926171875	0.722265625	0.839453125	0.703515625	0.548828125	0.731640625	0.839453125	0.615234375	0.984765625	0.880859375	0.787890625	0.787890625	0.741015625	0.927734375	0.909765625	0.615234375	79.296875	88.671875	69.921875	98.828125	33.203125	80.078125	76.953125	89.453125	14.453125	57.421875	35.546875	87.109375
sim22263	100	0.93359375	0.189453125	228.515625	0.76953125	0.63671875	0.143046875	287.109375	0.94140625	0.120546875	498.046875	1347.65625	0.23046875	251.953125	2167.96875	0.99609375	0.162734375	322.265625	761.71875	0.91015625	154.296875	2597.65625	0.98046875	0.075546875	333.984375	644.53125	0.65234375	0.886328125	0.755078125	0.729296875	0.874609375	0.968359375	0.763671875	0.794921875	0.874609375	0.791015625	0.823046875	0.501953125	0.982421875	0.748046875	0.996484375	0.845703125	0.888671875	0.689453125	23.828125	89.453125	53.515625	63.671875	2.734375	88.671875	94.921875	98.046875	93.359375	94.140625	45.703125	76.953125
sim22297	100	0.59375	0.194375	171.875	0.90625	0.78125	0.171875	15.625	0.34375	0.070625	453.125	4531.25	0.34375	171.875	3281.25	0.28125	0.025625	296.875	156.25	0.84375	484.375	4218.75	0.46875	0.126875	453.125	4531.25	0.03125	0.765625	0.746875	0.971875	0.821875	0.803125	0.671875	0.878125	0.990625	0.671875	0.971875	0.890625	0.953125	0.709375	0.803125	0.640625	0.971875	0.953125	34.375	34.375	65.625	28.125	3.125	59.375	3.125	84.375	59.375	96.875	34.375	90.625
sim22307	100	0.765625	0.1184375	101.5625	0.921875	0.046875	0.1409375	242.1875	0.640625	0.1634375	39.0625	234.375	0.046875	351.5625	1640.625	0.765625	0.1746875	414.0625	2109.375	0.359375	367.1875	3359.375	0.015625	0.1971875	54.6875	1015.625	0.796875	0.7234375	0.9859375	0.7703125	0.8921875	0.9109375	0.5078125	0.7796875	0.7140625	0.8515625	0.8265625	0.7734375	0.7515625	0.9953125	0.7421875	0.6484375	0.8734375	0.7734375	54.6875	20.3125	82.8125	26.5625	35.9375	32.8125	92.1875	85.9375	76.5625	54.6875	20.3125	92.1875
sim22325	100	0.671875	0.0903125	492.1875	0.953125	0.578125	0.0228125	320.3125	0.296875	0.1915625	85.9375	390.625	0.265625	117.1875	2734.375	0.984375	0.1353125	367.1875	1015.625	0.328125	414.0625	1328.125	0.421875	0.0565625	445.3125	4609.375	0.453125	0.9578125	0.8265625	0.7796875	0.8828125	0.8453125	0.6484375	0.7515625	0.9671875	0.7421875	0.8359375	0.5390625	0.8546875	0.7421875	0.9390625	0.7265625	0.9015625	0.7890625	76.5625	73.4375	4.6875	48.4375	14.0625	23.4375	70.3125	82.8125	67.1875	39.0625	98.4375	95.3125
sim22384	100	0.0546875	0.18734375	50.78125	0.9609375	0.3046875	0.12546875	308.59375	0.9765625	0.04671875	261.71875	4179.6875	0.4765625	97.65625	4648.4375	0.1015625	0.02984375	238.28125	4257.8125	0.7578125	214.84375	742.1875	0.4140625	0.11421875	425.78125	3398.4375	0.4296875	0.87109375	0.73046875	0.76328125	0.75390625	0.73046875	0.80078125	0.71640625	0.97890625	0.55078125	0.98828125	0.65234375	0.87578125	0.88515625	0.99296875	0.57421875	0.85703125	0.91796875	47.65625	19.53125	92.96875	10.15625	5.46875	47.65625	85.15625	75.78125	5.46875	92.96875	10.15625	96.09375
sim22436	100	0.14453125	0.123359375	177.734375	0.87109375	0.87890625	0.124765625	220.703125	0.68359375	0.091015625	212.890625	3105.46875	0.30078125	13.671875	4160.15625	0.12890625	0.037578125	21.484375	2832.03125	0.46484375	306.640625	292.96875	0.58203125	0.057265625	212.890625	3652.34375	0.01953125	0.729296875	0.926171875	0.722265625	0.794921875	0.769140625	0.548828125	0.731640625	0.839453125	0.615234375	0.984765625	0.880859375	0.787890625	0.787890625	0.741015625	0.927734375	0.909765625	0.615234375	79.296875	88.671875	69.921875	98.828125	33.203125	80.078125	76.953125	89.453125	14.453125	57.421875	35.546875	87.109375
sim22519	100	0.93359375	0.189453125	228.515625	0.76953125	0.63671875	0.143046875	287.109375	0.94140625	0.120546875	498.046875	1347.65625	0.23046875	251.953125	2167.96875	0.99609375	0.162734375	322.265625	761.71875	0.91015625	154.296875	2597.65625	0.98046875	0.075546875	333.984375	644.53125	0.65234375	0.886328125	0.755078125	0.729296875	0.956640625	0.874609375	0.763671875	0.794921875	0.874609375	0.791015625	0.823046875	0.501953125	0.982421875	0.748046875	0.996484375	0.845703125	0.888671875	0.689453125	23.828125	89.453125	53.515625	63.671875	2.734375	88.671875	94.921875	98.046875	93.359375	94.140625	45.703125	76.953125
sim22553	100	0.59375	0.194375	171.875	0.90625	0.78125	0.171875	15.625	0.34375	0.070625	453.125	4531.25	0.34375	171.875	3281.25	0.28125	0.025625	296.875	156.25	0.84375	484.375	4218.75	0.46875	0.126875	453.125	4531.25	0.03125	0.765625	0.746875	0.971875	0.821875	0.840625	0.953125	0.878125	0.990625	0.671875	0.971875	0.890625	0.953125	0.709375	0.803125	0.640625	0.971875	0.953125	34.375	34.375	65.625	28.125	3.125	59.375	3.125	84.375	59.375	96.875	34.375	90.625
sim22563	100	0.765625	0.1184375	101.5625	0.921875	0.046875	0.1409375	242.1875	0.640625	0.1634375	39.0625	234.375	0.046875	351.5625	1640.625	0.765625	0.1746875	414.0625	2109.375	0.359375	367.1875	3359.375	0.015625	0.1971875	54.6875	1015.625	0.796875	0.7234375	0.9859375	0.7703125	0.8921875	0.8171875	0.7109375	0.7796875	0.7140625	0.8515625	0.8265625	0.7734375	0.7515625	0.9953125	0.7421875	0.6484375	0.8734375	0.7734375	54.6875	20.3125	82.8125	26.5625	35.9375	32.8125	92.1875	85.9375	76.5625	54.6875	20.3125	92.1875
sim22581	100	0.671875	0.0903125	492.1875	0.953125	0.578125	0.0228125	320.3125	0.296875	0.1915625	85.9375	390.625	0.265625	117.1875	2734.375	0.984375	0.1353125	367.1875	1015.625	0.328125	414.0625	1328.125	0.421875	0.0565625	445.3125	4609.375	0.453125	0.9578125	0.8265625	0.7796875	0.8828125	0.9015625	0.7265625	0.7515625	0.9671875	0.7421875	0.8359375	0.5390625	0.8546875	0.7421875	0.9390625	0.7265625	0.9015625	0.7890625	76.5625	73.4375	4.6875	48.4375	14.0625	23.4375	70.3125	82.8125	67.1875	39.0625	98.4375	95.3125
sim22640	100	0.0546875	0.18734375	50.78125	0.9609375	0.3046875	0.12546875	308.59375	0.9765625	0.04671875	261.71875	4179.6875	0.4765625	97.65625	4648.4375	0.1015625	0.02984375	238.28125	4257.8125	0.7578125	214.84375	742.1875	0.4140625	0.11421875	425.78125	3398.4375	0.4296875	0.87109375	0.73046875	0.76328125	0.75390625	0.85234375	0.98046875	0.71640625	0.97890625	0.55078125	0.98828125	0.65234375	0.87578125	0.88515625	0.99296875	0.57421875	0.85703125	0.91796875	47.65625	19.53125	92.96875	10.15625	5.46875	47.65625	85.15625	75.78125	5.46875	92.96875	10.15625	96.09375
sim22692	100	0.14453125	0.123359375	177.734375	0.87109375	0.87890625	0.124765625	220.703125	0.68359375	0.091015625	212.890625	3105.46875	0.30078125	13.671875	4160.15625	0.12890625	0.037578125	21.484375	2832.03125	0.46484375	306.640625	292.96875	0.58203125	0.057265625	212.890625	3652.34375	0.01953125	0.729296875	0.926171875	0.722265625	0.794921875	0.703515625	0.974609375	0.731640625	0.839453125	0.615234375	0.984765625	0.880859375	0.787890625	0.787890625	0.741015625	0.927734375	0.909765625	0.615234375	79.296875	88.671875	69.921875	98.828125	33.203125	80.078125	76.953125	89.453125	14.453125	57.421875	35.546875	87.109375
sim22775	100	0.93359375	0.189453125	228.515625	0.76953125	0.63671875	0.143046875	287.109375	0.94140625	0.120546875	498.046875	1347.65625	0.23046875	251.953125	2167.96875	0.99609375	0.162734375	322.265625	761.71875	0.91015625	154.296875	2597.65625	0.98046875	0.075546875	333.984375	644.53125	0.65234375	0.886328125	0.755078125	0.729296875	0.956640625	0.968359375	0.705078125	0.794921875	0.874609375	0.791015625	0.823046875	0.501953125	0.982421875	0.748046875	0.996484375	0.845703125	0.888671875	0.689453125	23.828125	89.453125	53.515625	63.671875	2.734375	88.671875	94.921875	98.046875	93.359375	94.140625	45.703125	76.953125
sim22809	100	0.59375	0.194375	171.875	0.90625	0.78125	0.171875	15.625	0.34375	0.070625	453.125	4531.25	0.34375	171.875	3281.25	0.28125	0.025625	296.875	156.25	0.84375	484.375	4218.75	0.46875	0.126875	453.125	4531.25	0.03125	0.765625	0.746875	0.971875	0.821875	0.840625	0.671875	0.934375	0.990625	0.671875	0.971875	0.890625	0.953125	0.709375	0.803125	0.640625	0.971875	0.953125	34.375	34.375	65.625	28.125	3.125	59.375	3.125	84.375	59.375	96.875	34.375	90.625
sim22819	100	0.765625	0.1184375	101.5625	0.921875	0.046875	0.1409375	242.1875	0.640625	0.1634375	39.0625	234.375	0.046875	351.5625	1640.625	0.765625	0.1746875	414.0625	2109.375	0.359375	367.1875	3359.375	0.015625	0.1971875	54.6875	1015.625	0.796875	0.7234375	0.9859375	0.7703125	0.8921875	0.8171875	0.5078125	0.8640625	0.7140625	0.8515625	0.8265625	0.7734375	0.7515625	0.9953125	0.7421875	0.6484375	0.8734375	0.7734375	54.6875	20.3125	82.8125	26.5625	35.9375	32.8125	92.1875	85.9375	76.5625	54.6875	20.3125	92.1875
sim22837	100	0.671875	0.0903125	492.1875	0.953125	0.578125	0.0228125	320.3125	0.296875	0.1915625	85.9375	390.625	0.265625	117.1875	2734.375	0.984375	0.1353125	367.1875	1015.625	0.328125	414.0625	1328.125	0.421875	0.0565625	445.3125	4609.375	0.453125	0.9578125	0.8265625	0.7796875	0.8828125	0.9015625	0.6484375	0.7234375	0.9671875	0.7421875	0.8359375	0.5390625	0.8546875	0.7421875	0.9390625	0.7265625	0.9015625	0.7890625	76.5625	73.4375	4.6875	48.4375	14.0625	23.4375	70.3125	82.8125	67.1875	39.0625	98.4375	95.3125
sim22896	100	0.0546875	0.18734375	50.78125	0.9609375	0.3046875	0.12546875	308.59375	0.9765625	0.04671875	261.71875	4179.6875	0.4765625	97.65625	4648.4375	0.1015625	0.02984375	238.28125	4257.8125	0.7578125	214.84375	742.1875	0.4140625	0.11421875	425.78125	3398.4375	0.4296875	0.87109375	0.73046875	0.76328125	0.75390625	0.85234375	0.80078125	0.79140625	0.97890625	0.55078125	0.98828125	0.65234375	0.87578125	0.88515625	0.99296875	0.57421875	0.85703125	0.91796875	47.65625	19.53125	92.96875	10.15625	5.46875	47.65625	85.15625	75.78125	5.46875	92.96875	10.15625	96.09375
sim22948	100	0.14453125	0.123359375	177.734375	0.87109375	0.87890625	0.124765625	220.703125	0.68359375	0.091015625	212.890625	3105.46875	0.30078125	13.671875	4160.15625	0.12890625	0.037578125	21.484375	2832.03125	0.46484375	306.640625	292.96875	0.58203125	0.057265625	212.890625	3652.34375	0.01953125	0.729296875	0.926171875	0.722265625	0.794921875	0.703515625	0.548828125	0.928515625	0.839453125	0.615234375	0.984765625	0.880859375	0.787890625	0.787890625	0.741015625	0.927734375	0.909765625	0.615234375	79.296875	88.671875	69.921875	98.828125	33.203125	80.078125	76.953125	89.453125	14.453125	57.421875	35.546875	87.109375
sim23031	100	0.93359375	0.189453125	228.515625	0.76953125	0.63671875	0.143046875	287.109375	0.94140625	0.120546875	498.046875	1347.65625	0.23046875	251.953125	2167.96875	0.99609375	0.162734375	322.265625	761.71875	0.91015625	154.296875	2597.65625	0.98046875	0.075546875	333.984375	644.53125	0.65234375	0.886328125	0.755078125	0.729296875	0.956640625	0.968359375	0.763671875	0.701171875	0.874609375	0.791015625	0.823046875	0.501953125	0.982421875	0.748046875	0.996484375	0.845703125	0.888671875	0.689453125	23.828125	89.453125	53.515625	63.671875	2.734375	88.671875	94.921875	98.046875	93.359375	94.140625	45.703125	76.953125
sim23065	100	0.59375	0.194375	171.875	0.90625	0.78125	0.171875	15.625	0.34375	0.070625	453.125	4531.25	0.34375	171.875	3281.25	0.28125	0.025625	296.875	156.25	0.84375	484.375	4218.75	0.46875	0.126875	453.125	4531.25	0.03125	0.765625	0.746875	0.971875	0.821875	0.840625	0.671875	0.878125	0.953125	0.671875	0.971875	0.890625	0.953125	0.709375	0.803125	0.640625	0.971875	0.953125	34.375	34.375	65.625	28.125	3.125	59.375	3.125	84.375	59.375	96.875	34.375	90.625
sim23075	100	0.765625	0.1184375	101.5625	0.921875	0.046875	0.1409375	242.1875	0.640625	0.1634375	39.0625	234.375	0.046875	351.5625	1640.625	0.765625	0.1746875	414.0625	2109.375	0.359375	367.1875	3359.375	0.015625	0.1971875	54.6875	1015.625	0.796875	0.7234375	0.9859375	0.7703125	0.8921875	0.8171875	0.5078125	0.7796875	0.7515625	0.8515625	0.8265625	0.7734375	0.7515625	0.9953125	0.7421875	0.6484375	0.8734375	0.7734375	54.6875	20.3125	82.8125	26.5625	35.9375	32.8125	92.1875	85.9375	76.5625	54.6875	20.3125	92.1875
sim23093	100	0.671875	0.0903125	492.1875	0.953125	0.578125	0.0228125	320.3125	0.296875	0.1915625	85.9375	390.625	0.265625	117.1875	2734.375	0.984375	0.1353125	367.1875	1015.625	0.328125	414.0625	1328.125	0.421875	0.0565625	445.3125	4609.375	0.453125	0.9578125	0.8265625	0.7796875	0.8828125	0.9015625	0.6484375	0.7515625	0.8546875	0.7421875	0.8359375	0.5390625	0.8546875	0.7421875	0.9390625	0.7265625	0.9015625	0.7890625	76.5625	73.4375	4.6875	48.4375	14.0625	23.4375	70.3125	82.8125	67.1875	39.0625	98.4375	95.3125
sim23152	100	0.0546875	0.18734375	50.78125	0.9609375	0.3046875	0.12546875	308.59375	0.9765625	0.04671875	261.71875	4179.6875	0.4765625	97.65625	4648.4375	0.1015625	0.02984375	238.28125	4257.8125	0.7578125	214.84375	742.1875	0.4140625	0.11421875	425.78125	3398.4375	0.4296875	0.87109375	0.73046875	0.76328125	0.75390625	0.85234375	0.80078125	0.71640625	0.87578125	0.55078125	0.98828125	0.65234375	0.87578125	0.88515625	0.99296875	0.57421875	0.85703125	0.91796875	47.65625	19.53125	92.96875	10.15625	5.46875	47.65625	85.15625	75.78125	5.46875	92.96875	10.15625	96.09375
sim23204	100	0.14453125	0.123359375	177.734375	0.87109375	0.87890625	0.124765625	220.703125	0.68359375	0.091015625	212.890625	3105.46875	0.30078125	13.671875	4160.15625	0.12890625	0.037578125	21.484375	2832.03125	0.46484375	306.640625	292.96875	0.58203125	0.057265625	212.890625	3652.34375	0.01953125	0.729296875	0.926171875	0.722265625	0.794921875	0.703515625	0.548828125	0.731640625	0.787890625	0.615234375	0.984765625	0.880859375	0.787890625	0.787890625	0.741015625	0.927734375	0.909765625	0.615234375	79.296875	88.671875	69.921875	98.828125	33.203125	80.078125	76.953125	89.453125	14.453125	57.421875	35.546875	87.109375
sim23287	100	0.93359375	0.189453125	228.515625	0.76953125	0.63671875	0.143046875	287.109375	0.94140625	0.120546875	498.046875	1347.65625	0.23046875	251.953125	2167.96875	0.99609375	0.162734375	322.265625	761.71875	0.91015625	154.296875	2597.65625	0.98046875	0.075546875	333.984375	644.53125	0.65234375	0.886328125	0.755078125	0.729296875	0.956640625	0.968359375	0.763671875	0.794921875	0.982421875	0.791015625	0.823046875	0.501953125	0.982421875	0.748046875	0.996484375	0.845703125	0.888671875	0.689453125	23.828125	89.453125	53.515625	63.671875	2.734375	88.671875	94.921875	98.046875	93.359375	94.140625	45.703125	76.953125
sim23321	100	0.59375	0.194375	171.875	0.90625	0.78125	0.171875	15.625	0.34375	0.070625	453.125	4531.25	0.34375	171.875	3281.25	0.28125	0.025625	296.875	156.25	0.84375	484.375	4218.75	0.46875	0.126875	453.125	4531.25	0.03125	0.765625	0.746875	0.971875	0.821875	0.840625	0.671875	0.878125	0.990625	0.515625	0.971875	0.890625	0.953125	0.709375	0.803125	0.640625	0.971875	0.953125	34.375	34.375	65.625	28.125	3.125	59.375	3.125	84.375	59.375	96.875	34.375	90.625
sim23331	100	0.765625	0.1184375	101.5625	0.921875	0.046875	0.1409375	242.1875	0.640625	0.1634375	39.0625	234.375	0.046875	351.5625	1640.625	0.765625	0.1746875	414.0625	2109.375	0.359375	367.1875	3359.375	0.015625	0.1971875	54.6875	1015.625	0.796875	0.7234375	0.9859375	0.7703125	0.8921875	0.8171875	0.5078125	0.7796875	0.7140625	0.9921875	0.8265625	0.7734375	0.7515625	0.9953125	0.7421875	0.6484375	0.8734375	0.7734375	54.6875	20.3125	82.8125	26.5625	35.9375	32.8125	92.1875	85.9375	76.5625	54.6875	20.3125	92.1875
sim23349	100	0.671875	0.0903125	492.1875	0.953125	0.578125	0.0228125	320.3125	0.296875	0.1915625	85.9375	390.625	0.265625	117.1875	2734.375	0.984375	0.1353125	367.1875	1015.625	0.328125	414.0625	1328.125	0.421875	0.0565625	445.3125	4609.375	0.453125	0.9578125	0.8265625	0.7796875	0.8828125	0.9015625	0.6484375	0.7515625	0.9671875	0.5703125	0.8359375	0.5390625	0.8546875	0.7421875	0.9390625	0.7265625	0.9015625	0.7890625	76.5625	73.4375	4.6875	48.4375	14.0625	23.4375	70.3125	82.8125	67.1875	39.0625	98.4375	95.3125
sim23408	100	0.0546875	0.18734375	50.78125	0.9609375	0.3046875	0.12546875	308.59375	0.9765625	0.04671875	261.71875	4179.6875	0.4765625	97.65625	4648.4375	0.1015625	0.02984375	238.28125	4257.8125	0.7578125	214.84375	742.1875	0.4140625	0.11421875	425.78125	3398.4375	0.4296875	0.87109375	0.73046875	0.76328125	0.75390625	0.85234375	0.80078125	0.71640625	0.97890625	0.80859375	0.98828125	0.65234375	0.87578125	0.88515625	0.99296875	0.57421875	0.85703125	0.91796875	47.65625	19.53125	92.96875	10.15625	5.46875	47.65625	85.15625	75.78125	5.46875	92.96875	10.15625	96.09375
sim23460	100	0.14453125	0.123359375	177.734375	0.87109375	0.87890625	0.124765625	220.703125	0.68359375	0.091015625	212.890625	3105.46875	0.30078125	13.671875	4160.15625	0.12890625	0.037578125	21.484375	2832.03125	0.46484375	306.640625	292.96875	0.58203125	0.057265625	212.890625	3652.34375	0.01953125	0.729296875	0.926171875	0.722265625	0.794921875	0.703515625	0.548828125	0.731640625	0.839453125	0.646484375	0.984765625	0.880859375	0.787890625	0.787890625	0.741015625	0.927734375	0.909765625	0.615234375	79.296875	88.671875	69.921875	98.828125	33.203125	80.078125	76.953125	89.453125	14.453125	57.421875	35.546875	87.109375
sim23543	100	0.93359375	0.189453125	228.515625	0.76953125	0.63671875	0.143046875	287.109375	0.94140625	0.120546875	498.046875	1347.65625	0.23046875	251.953125	2167.96875	0.99609375	0.162734375	322.265625	761.71875	0.91015625	154.296875	2597.65625	0.98046875	0.075546875	333.984375	644.53125	0.65234375	0.886328125	0.755078125	0.729296875	0.956640625	0.968359375	0.763671875	0.794921875	0.874609375	0.580078125	0.823046875	0.501953125	0.982421875	0.748046875	0.996484375	0.845703125	0.888671875	0.689453125	23.828125	89.453125	53.515625	63.671875	2.734375	88.671875	94.921875	98.046875	93.359375	94.140625	45.703125	76.953125
sim23577	100	0.59375	0.194375	171.875	0.90625	0.78125	0.171875	15.625	0.34375	0.070625	453.125	4531.25	0.34375	171.875	3281.25	0.28125	0.025625	296.875	156.25	0.84375	484.375	4218.75	0.46875	0.126875	453.125	4531.25	0.03125	0.765625	0.746875	0.971875	0.821875	0.840625	0.671875	0.878125	0.990625	0.671875	0.803125	0.890625	0.953125	0.709375	0.803125	0.640625	0.971875	0.953125	34.375	34.375	65.625	28.125	3.125	59.375	3.125	84.375	59.375	96.875	34.375	90.625
sim23587	100	0.765625	0.1184375	101.5625	0.921875	0.046875	0.1409375	242.1875	0.640625	0.1634375	39.0625	234.375	0.046875	351.5625	1640.625	0.765625	0.1746875	414.0625	2109.375	0.359375	367.1875	3359.375	0.015625	0.1971875	54.6875	1015.625	0.796875	0.7234375	0.9859375	0.7703125	0.8921875	0.8171875	0.5078125	0.7796875	0.7140625	0.8515625	0.7421875	0.7734375	0.7515625	0.9953125	0.7421875	0.6484375	0.8734375	0.7734375	54.6875	20.3125	82.8125	26.5625	35.9375	32.8125	92.1875	85.9375	76.5625	54.6875	20.3125	92.1875
sim23605	100	0.671875	0.0903125	492.1875	0.953125	0.578125	0.0228125	320.3125	0.296875	0.1915625	85.9375	390.625	0.265625	117.1875	2734.375	0.984375	0.1353125	367.1875	1015.625	0.328125	414.0625	1328.125	0.421875	0.0565625	445.3125	4609.375	0.453125	0.9578125	0.8265625	0.7796875	0.8828125	0.9015625	0.6484375	0.7515625	0.9671875	0.7421875	0.9390625	0.5390625	0.8546875	0.7421875	0.9390625	0.7265625	0.9015625	0.7890625	76.5625	73.4375	4.6875	48.4375	14.0625	23.4375	70.3125	82.8125	67.1875	39.0625	98.4375	95.3125
sim23664	100	0.0546875	0.18734375	50.78125	0.9609375	0.3046875	0.12546875	308.59375	0.9765625	0.04671875	261.71875	4179.6875	0.4765625	97.65625	4648.4375	0.1015625	0.02984375	238.28125	4257.8125	0.7578125	214.84375	742.1875	0.4140625	0.11421875	425.78125	3398.4375	0.4296875	0.87109375	0.73046875	0.76328125	0.75390625	0.85234375	0.80078125	0.71640625	0.97890625	0.55078125	0.99296875	0.65234375	0.87578125	0.88515625	0.99296875	0.57421875	0.85703125	0.91796875	47.65625	19.53125	92.96875	10.15625	5.46875	47.65625	85.15625	75.78125	5.46875	92.96875	10.15625	96.09375
sim23716	100	0.14453125	0.123359375	177.734375	0.87109375	0.87890625	0.124765625	220.703125	0.68359375	0.091015625	212.890625	3105.46875	0.30078125	13.671875	4160.15625	0.12890625	0.037578125	21.484375	2832.03125	0.46484375	306.640625	292.96875	0.58203125	0.057265625	212.890625	3652.34375	0.01953125	0.729296875	0.926171875	0.722265625	0.794921875	0.703515625	0.548828125	0.731640625	0.839453125	0.615234375	0.741015625	0.880859375	0.787890625	0.787890625	0.741015625	0.927734375	0.909765625	0.615234375	79.296875	88.671875	69.921875	98.828125	33.203125	80.078125	76.953125	89.453125	14.453125	57.421875	35.546875	87.109375
sim23799	100	0.93359375	0.189453125	228.515625	0.76953125	0.63671875	0.143046875	287.109375	0.94140625	0.120546875	498.046875	1347.65625	0.23046875	251.953125	2167.96875	0.99609375	0.162734375	322.265625	761.71875	0.91015625	154.296875	2597.65625	0.98046875	0.075546875	333.984375	644.53125	0.65234375	0.886328125	0.755078125	0.729296875	0.956640625	0.968359375	0.763671875	0.794921875	0.874609375	0.791015625	0.996484375	0.501953125	0.982421875	0.748046875	0.996484375	0.845703125	0.888671875	0.689453125	23.828125	89.453125	53.515625	63.671875	2.734375	88.671875	94.921875	98.046875	93.359375	94.140625	45.703125	76.953125
sim23833	100	0.59375	0.194375	171.875	0.90625	0.78125	0.171875	15.625	0.34375	0.070625	453.125	4531.25	0.34375	171.875	3281.25	0.28125	0.025625	296.875	156.25	0.84375	484.375	4218.75	0.46875	0.126875	453.125	4531.25	0.03125	0.765625	0.746875	0.971875	0.821875	0.840625	0.671875	0.878125	0.990625	0.671875	0.971875	0.640625	0.953125	0.709375	0.803125	0.640625	0.971875	0.953125	34.375	34.375	65.625	28.125	3.125	59.375	3.125	84.375	59.375	96.875	34.375	90.625
sim23843	100	0.765625	0.1184375	101.5625	0.921875	0.046875	0.1409375	242.1875	0.640625	0.1634375	39.0625	234.375	0.046875	351.5625	1640.625	0.765625	0.1746875	414.0625	2109.375	0.359375	367.1875	3359.375	0.015625	0.1971875	54.6875	1015.625	0.796875	0.7234375	0.9859375	0.7703125	0.8921875	0.8171875	0.5078125	0.7796875	0.7140625	0.8515625	0.8265625	0.6484375	0.7515625	0.9953125	0.7421875	0.6484375	0.8734375	0.7734375	54.6875	20.3125	82.8125	26.5625	35.9375	32.8125	92.1875	85.9375	76.5625	54.6875	20.3125	92.1875
sim23861	100	0.671875	0.0903125	492.1875	0.953125	0.578125	0.0228125	320.3125	0.296875	0.1915625	85.9375	390.625	0.265625	117.1875	2734.375	0.984375	0.1353125	367.1875	1015.625	0.328125	414.0625	1328.125	0.421875	0.0565625	445.3125	4609.375	0.453125	0.9578125	0.8265625	0.7796875	0.8828125	0.9015625	0.6484375	0.7515625	0.9671875	0.7421875	0.8359375	0.7265625	0.8546875	0.7421875	0.9390625	0.7265625	0.9015625	0.7890625	76.5625	73.4375	4.6875	48.4375	14.0625	23.4375	70.3125	82.8125	67.1875	39.0625	98.4375	95.3125
sim23920	100	0.0546875	0.18734375	50.78125	0.9609375	0.3046875	0.12546875	308.59375	0.9765625	0.04671875	261.71875	4179.6875	0.4765625	97.65625	4648.4375	0.1015625	0.02984375	238.28125	4257.8125	0.7578125	214.84375	742.1875	0.4140625	0.11421875	425.78125	3398.4375	0.4296875	0.87109375	0.73046875	0.76328125	0.75390625	0.85234375	0.80078125	0.71640625	0.97890625	0.55078125	0.98828125	0.57421875	0.87578125	0.88515625	0.99296875	0.57421875	0.85703125	0.91796875	47.65625	19.53125	92.96875	10.15625	5.46875	47.65625	85.15625	75.78125	5.46875	92.96875	10.15625	96.09375
sim23972	100	0.14453125	0.123359375	177.734375	0.87109375	0.87890625	0.124765625	220.703125	0.68359375	0.091015625	212.890625	3105.46875	0.30078125	13.671875	4160.15625	0.12890625	0.037578125	21.484375	2832.03125	0.46484375	306.640625	292.96875	0.58203125	0.057265625	212.890625	3652.34375	0.01953125	0.729296875	0.926171875	0.722265625	0.794921875	0.703515625	0.548828125	0.731640625	0.839453125	0.615234375	0.984765625	0.927734375	0.787890625	0.787890625	0.741015625	0.927734375	0.909765625	0.615234375	79.296875	88.671875	69.921875	98.828125	33.203125	80.078125	76.953125	89.453125	14.453125	57.421875	35.546875	87.109375
sim24055	100	0.93359375	0.189453125	228.515625	0.76953125	0.63671875	0.143046875	287.109375	0.94140625	0.120546875	498.046875	1347.65625	0.23046875	251.953125	2167.96875	0.99609375	0.162734375	322.265625	761.71875	0.91015625	154.296875	2597.65625	0.98046875	0.075546875	333.984375	644.53125	0.65234375	0.886328125	0.755078125	0.729296875	0.956640625	0.968359375	0.763671875	0.794921875	0.874609375	0.791015625	0.823046875	0.845703125	0.982421875	0.748046875	0.996484375	0.845703125	0.888671875	0.689453125	23.828125	89.453125	53.515625	63.671875	2.734375	88.671875	94.921875	98.046875	93.359375	94.140625	45.703125	76.953125
sim24089	100	0.59375	0.194375	171.875	0.90625	0.78125	0.171875	15.625	0.34375	0.070625	453.125	4531.25	0.34375	171.875	3281.25	0.28125	0.025625	296.875	156.25	0.84375	484.375	4218.75	0.46875	0.126875	453.125	4531.25	0.03125	0.765625	0.746875	0.971875	0.821875	0.840625	0.671875	0.878125	0.990625	0.671875	0.971875	0.890625	0.971875	0.709375	0.803125	0.640625	0.971875	0.953125	34.375	34.375	65.625	28.125	3.125	59.375	3.125	84.375	59.375	96.875	34.375	90.625
sim24099	100	0.765625	0.1184375	101.5625	0.921875	0.046875	0.1409375	242.1875	0.640625	0.1634375	39.0625	234.375	0.046875	351.5625	1640.625	0.765625	0.1746875	414.0625	2109.375	0.359375	367.1875	3359.375	0.015625	0.1971875	54.6875	1015.625	0.796875	0.7234375	0.9859375	0.7703125	0.8921875	0.8171875	0.5078125	0.7796875	0.7140625	0.8515625	0.8265625	0.7734375	0.8734375	0.9953125	0.7421875	0.6484375	0.8734375	0.7734375	54.6875	20.3125	82.8125	26.5625	35.9375	32.8125	92.1875	85.9375	76.5625	54.6875	20.3125	92.1875
sim24117	100	0.671875	0.0903125	492.1875	0.953125	0.578125	0.0228125	320.3125	0.296875	0.1915625	85.9375	390.625	0.265625	117.1875	2734.375	0.984375	0.1353125	367.1875	1015.625	0.328125	414.0625	1328.125	0.421875	0.0565625	445.3125	4609.375	0.453125	0.9578125	0.8265625	0.7796875	0.8828125	0.9015625	0.6484375	0.7515625	0.9671875	0.7421875	0.8359375	0.5390625	0.9015625	0.7421875	0.9390625	0.7265625	0.9015625	0.7890625	76.5625	73.4375	4.6875	48.4375	14.0625	23.4375	70.3125	82.8125	67.1875	39.0625	98.4375	95.3125
sim24176	100	0.0546875	0.18734375	50.78125	0.9609375	0.3046875	0.12546875	308.59375	0.9765625	0.04671875	261.71875	4179.6875	0.4765625	97.65625	4648.4375	0.1015625	0.02984375	238.28125	4257.8125	0.7578125	214.84375	742.1875	0.4140625	0.11421875	425.78125	3398.4375	0.4296875	0.87109375	0.73046875	0.76328125	0.75390625	0.85234375	0.80078125	0.71640625	0.97890625	0.55078125	0.98828125	0.65234375	0.85703125	0.88515625	0.99296875	0.57421875	0.85703125	0.91796875	47.65625	19.53125	92.96875	10.15625	5.46875	47.65625	85.15625	75.78125	5.46875	92.96875	10.15625	96.09375
sim24228	100	0.14453125	0.123359375	177.734375	0.87109375	0.87890625	0.124765625	220.703125	0.68359375	0.091015625	212.890625	3105.46875	0.30078125	13.671875	4160.15625	0.12890625	0.037578125	21.484375	2832.03125	0.46484375	306.640625	292.96875	0.58203125	0.057265625	212.890625	3652.34375	0.01953125	0.729296875	0.926171875	0.722265625	0.794921875	0.703515625	0.548828125	0.731640625	0.839453125	0.615234375	0.984765625	0.880859375	0.909765625	0.787890625	0.741015625	0.927734375	0.909765625	0.615234375	79.296875	88.671875	69.921875	98.828125	33.203125	80.078125	76.953125	89.453125	14.453125	57.421875	35.546875	87.109375
sim24311	100	0.93359375	0.189453125	228.515625	0.76953125	0.63671875	0.143046875	287.109375	0.94140625	0.120546875	498.046875	1347.65625	0.23046875	251.953125	2167.96875	0.99609375	0.162734375	322.265625	761.71875	0.91015625	154.296875	2597.65625	0.98046875	0.075546875	333.984375	644.53125	0.65234375	0.886328125	0.755078125	0.729296875	0.956640625	0.968359375	0.763671875	0.794921875	0.874609375	0.791015625	0.823046875	0.501953125	0.888671875	0.748046875	0.996484375	0.845703125	0.888671875	0.689453125	23.828125	89.453125	53.515625	63.671875	2.734375	88.671875	94.921875	98.046875	93.359375	94.140625	45.703125	76.953125
sim24345	100	0.59375	0.194375	171.875	0.90625	0.78125	0.171875	15.625	0.34375	0.070625	453.125	4531.25	0.34375	171.875	3281.25	0.28125	0.025625	296.875	156.25	0.84375	484.375	4218.75	0.46875	0.126875	453.125	4531.25	0.03125	0.765625	0.746875	0.971875	0.821875	0.840625	0.671875	0.878125	0.990625	0.671875	0.971875	0.890625	0.953125	0.971875	0.803125	0.640625	0.971875	0.953125	34.375	34.375	65.625	28.125	3.125	59.375	3.125	84.375	59.375	96.875	34.375	90.625
sim24355	100	0.765625	0.1184375	101.5625	0.921875	0.046875	0.1409375	242.1875	0.640625	0.1634375	39.0625	234.375	0.046875	351.5625	1640.625	0.765625	0.1746875	414.0625	2109.375	0.359375	367.1875	3359.375	0.015625	0.1971875	54.6875	1015.625	0.796875	0.7234375	0.9859375	0.7703125	0.8921875	0.8171875	0.5078125	0.7796875	0.7140625	0.8515625	0.8265625	0.7734375	0.7515625	0.8640625	0.7421875	0.6484375	0.8734375	0.7734375	54.6875	20.3125	82.8125	26.5625	35.9375	32.8125	92.1875	85.9375	76.5625	54.6875	20.3125	92.1875
sim24373	100	0.671875	0.0903125	492.1875	0.953125	0.578125	0.0228125	320.3125	0.296875	0.1915625	85.9375	390.625	0.265625	117.1875	2734.375	0.984375	0.1353125	367.1875	1015.625	0.328125	414.0625	1328.125	0.421875	0.0565625	445.3125	4609.375	0.453125	0.9578125	0.8265625	0.7796875	0.8828125	0.9015625	0.6484375	0.7515625	0.9671875	0.7421875	0.8359375	0.5390625	0.8546875	0.8734375	0.9390625	0.7265625	0.9015625	0.7890625	76.5625	73.4375	4.6875	48.4375	14.0625	23.4375	70.3125	82.8125	67.1875	39.0625	98.4375	95.3125
sim24432	100	0.0546875	0.18734375	50.78125	0.9609375	0.3046875	0.12546875	308.59375	0.9765625	0.04671875	261.71875	4179.6875	0.4765625	97.65625	4648.4375	0.1015625	0.02984375	238.28125	4257.8125	0.7578125	214.84375	742.1875	0.4140625	0.11421875	425.78125	3398.4375	0.4296875	0.87109375	0.73046875	0.76328125	0.75390625	0.85234375	0.80078125	0.71640625	0.97890625	0.55078125	0.98828125	0.65234375	0.87578125	0.95078125	0.99296875	0.57421875	0.85703125	0.91796875	47.65625	19.53125	92.96875	10.15625	5.46875	47.65625	85.15625	75.78125	5.46875	92.96875	10.15625	96.09375
sim24484	100	0.14453125	0.123359375	177.734375	0.87109375	0.87890625	0.124765625	220.703125	0.68359375	0.091015625	212.890625	3105.46875	0.30078125	13.671875	4160.15625	0.12890625	0.037578125	21.484375	2832.03125	0.46484375	306.640625	292.96875	0.58203125	0.057265625	212.890625	3652.34375	0.01953125	0.729296875	0.926171875	0.722265625	0.794921875	0.703515625	0.548828125	0.731640625	0.839453125	0.615234375	0.984765625	0.880859375	0.787890625	0.769140625	0.741015625	0.927734375	0.909765625	0.615234375	79.296875	88.671875	69.921875	98.828125	33.203125	80.078125	76.953125	89.453125	14.453125	57.421875	35.546875	87.109375
sim24567	100	0.93359375	0.189453125	228.515625	0.76953125	0.63671875	0.143046875	287.109375	0.94140625	0.120546875	498.046875	1347.65625	0.23046875	251.953125	2167.96875	0.99609375	0.162734375	322.265625	761.71875	0.91015625	154.296875	2597.65625	0.98046875	0.075546875	333.984375	644.53125	0.65234375	0.886328125	0.755078125	0.729296875	0.956640625	0.968359375	0.763671875	0.794921875	0.874609375	0.791015625	0.823046875	0.501953125	0.982421875	0.813671875	0.996484375	0.845703125	0.888671875	0.689453125	23.828125	89.453125	53.515625	63.671875	2.734375	88.671875	94.921875	98.046875	93.359375	94.140625	45.703125	76.953125
sim24601	100	0.59375	0.194375	171.875	0.90625	0.78125	0.171875	15.625	0.34375	0.070625	453.125	4531.25	0.34375	171.875	3281.25	0.28125	0.025625	296.875	156.25	0.84375	484.375	4218.75	0.46875	0.126875	453.125	4531.25	0.03125	0.765625	0.746875	0.971875	0.821875	0.840625	0.671875	0.878125	0.990625	0.671875	0.971875	0.890625	0.953125	0.709375	0.803125	0.640625	0.971875	0.953125	34.375	34.375	65.625	28.125	3.125	59.375	3.125	84.375	59.375	96.875	34.375	90.625
sim24611	100	0.765625	0.1184375	101.5625	0.921875	0.046875	0.1409375	242.1875	0.640625	0.1634375	39.0625	234.375	0.046875	351.5625	1640.625	0.765625	0.1746875	414.0625	2109.375	0.359375	367.1875	3359.375	0.015625	0.1971875	54.6875	1015.625	0.796875	0.7234375	0.9859375	0.7703125	0.8921875	0.8171875	0.5078125	0.7796875	0.7140625	0.8515625	0.8265625	0.7734375	0.7515625	0.9953125	0.8640625	0.6484375	0.8734375	0.7734375	54.6875	20.3125	82.8125	26.5625	35.9375	32.8125	92.1875	85.9375	76.5625	54.6875	20.3125	92.1875
sim24629	100	0.671875	0.0903125	492.1875	0.953125	0.578125	0.0228125	320.3125	0.296875	0.1915625	85.9375	390.625	0.265625	117.1875	2734.375	0.984375	0.1353125	367.1875	1015.625	0.328125	414.0625	1328.125	0.421875	0.0565625	445.3125	4609.375	0.453125	0.9578125	0.8265625	0.7796875	0.8828125	0.9015625	0.6484375	0.7515625	0.9671875	0.7421875	0.8359375	0.5390625	0.8546875	0.7421875	0.9296875	0.7265625	0.9015625	0.7890625	76.5625	73.4375	4.6875	48.4375	14.0625	23.4375	70.3125	82.8125	67.1875	39.0625	98.4375	95.3125
sim24688	100	0.0546875	0.18734375	50.78125	0.9609375	0.3046875	0.12546875	308.59375	0.9765625	0.04671875	261.71875	4179.6875	0.4765625	97.65625	4648.4375	0.1015625	0.02984375	238.28125	4257.8125	0.7578125	214.84375	742.1875	0.4140625	0.11421875	425.78125	3398.4375	0.4296875	0.87109375	0.73046875	0.76328125	0.75390625	0.85234375	0.80078125	0.71640625	0.97890625	0.55078125	0.98828125	0.65234375	0.87578125	0.88515625	0.84296875	0.57421875	0.85703125	0.91796875	47.65625	19.53125	92.96875	10.15625	5.46875	47.65625	85.15625	75.78125	5.46875	92.96875	10.15625	96.09375
sim24740	100	0.14453125	0.123359375	177.734375	0.87109375	0.87890625	0.124765625	220.703125	0.68359375	0.091015625	212.890625	3105.46875	0.30078125	13.671875	4160.15625	0.12890625	0.037578125	21.484375	2832.03125	0.46484375	306.640625	292.96875	0.58203125	0.057265625	212.890625	3652.34375	0.01953125	0.729296875	0.926171875	0.722265625	0.794921875	0.703515625	0.548828125	0.731640625	0.839453125	0.615234375	0.984765625	0.880859375	0.787890625	0.787890625	0.937890625	0.927734375	0.909765625	0.615234375	79.296875	88.671875	69.921875	98.828125	33.203125	80.078125	76.953125	89.453125	14.453125	57.421875	35.546875	87.109375
sim24823	100	0.93359375	0.189453125	228.515625	0.76953125	0.63671875	0.143046875	287.109375	0.94140625	0.120546875	498.046875	1347.65625	0.23046875	251.953125	2167.96875	0.99609375	0.162734375	322.265625	761.71875	0.91015625	154.296875	2597.65625	0.98046875	0.075546875	333.984375	644.53125	0.65234375	0.886328125	0.755078125	0.729296875	0.956640625	0.968359375	0.763671875	0.794921875	0.874609375	0.791015625	0.823046875	0.501953125	0.982421875	0.748046875	0.771484375	0.845703125	0.888671875	0.689453125	23.828125	89.453125	53.515625	63.671875	2.734375	88.671875	94.921875	98.046875	93.359375	94.140625	45.703125	76.953125
sim24857	100	0.59375	0.194375	171.875	0.90625	0.78125	0.171875	15.625	0.34375	0.070625	453.125	4531.25	0.34375	171.875	3281.25	0.28125	0.025625	296.875	156.25	0.84375	484.375	4218.75	0.46875	0.126875	453.125	4531.25	0.03125	0.765625	0.746875	0.971875	0.821875	0.840625	0.671875	0.878125	0.990625	0.671875	0.971875	0.890625	0.953125	0.709375	0.803125	0.671875	0.971875	0.953125	34.375	34.375	65.625	28.125	3.125	59.375	3.125	84.375	59.375	96.875	34.375	90.625
sim24867	100	0.765625	0.1184375	101.5625	0.921875	0.046875	0.1409375	242.1875	0.640625	0.1634375	39.0625	234.375	0.046875	351.5625	1640.625	0.765625	0.1746875	414.0625	2109.375	0.359375	367.1875	3359.375	0.015625	0.1971875	54.6875	1015.625	0.796875	0.7234375	0.9859375	0.7703125	0.8921875	0.8171875	0.5078125	0.7796875	0.7140625	0.8515625	0.8265625	0.7734375	0.7515625	0.9953125	0.7421875	0.6015625	0.8734375	0.7734375	54.6875	20.3125	82.8125	26.5625	35.9375	32.8125	92.1875	85.9375	76.5625	54.6875	20.3125	92.1875
sim24885	100	0.671875	0.0903125	492.1875	0.953125	0.578125	0.0228125	320.3125	0.296875	0.1915625	85.9375	390.625	0.265625	117.1875	2734.375	0.984375	0.1353125	367.1875	1015.625	0.328125	414.0625	1328.125	0.421875	0.0565625	445.3125	4609.375	0.453125	0.9578125	0.8265625	0.7796875	0.8828125	0.9015625	0.6484375	0.7515625	0.9671875	0.7421875	0.8359375	0.5390625	0.8546875	0.7421875	0.9390625	0.8671875	0.9015625	0.7890625	76.5625	73.4375	4.6875	48.4375	14.0625	23.4375	70.3125	82.8125	67.1875	39.0625	98.4375	95.3125
sim24944	100	0.0546875	0.18734375	50.78125	0.9609375	0.3046875	0.12546875	308.59375	0.9765625	0.04671875	261.71875	4179.6875	0.4765625	97.65625	4648.4375	0.1015625	0.02984375	238.28125	4257.8125	0.7578125	214.84375	742.1875	0.4140625	0.11421875	425.78125	3398.4375	0.4296875	0.87109375	0.73046875	0.76328125	0.75390625	0.85234375	0.80078125	0.71640625	0.97890625	0.55078125	0.98828125	0.65234375	0.87578125	0.88515625	0.99296875	0.59765625	0.85703125	0.91796875	47.65625	19.53125	92.96875	10.15625	5.46875	47.65625	85.15625	75.78125	5.46875	92.96875	10.15625	96.09375
sim24996	100	0.14453125	0.123359375	177.734375	0.87109375	0.87890625	0.124765625	220.703125	0.68359375	0.091015625	212.890625	3105.46875	0.30078125	13.671875	4160.15625	0.12890625	0.037578125	21.484375	2832.03125	0.46484375	306.640625	292.96875	0.58203125	0.057265625	212.890625	3652.34375	0.01953125	0.729296875	0.926171875	0.722265625	0.794921875	0.703515625	0.548828125	0.731640625	0.839453125	0.615234375	0.984765625	0.880859375	0.787890625	0.787890625	0.741015625	0.943359375	0.909765625	0.615234375	79.296875	88.671875	69.921875	98.828125	33.203125	80.078125	76.953125	89.453125	14.453125	57.421875	35.546875	87.109375
sim25079	100	0.93359375	0.189453125	228.515625	0.76953125	0.63671875	0.143046875	287.109375	0.94140625	0.120546875	498.046875	1347.65625	0.23046875	251.953125	2167.96875	0.99609375	0.162734375	322.265625	761.71875	0.91015625	154.296875	2597.65625	0.98046875	0.075546875	333.984375	644.53125	0.65234375	0.886328125	0.755078125	0.729296875	0.956640625	0.968359375	0.763671875	0.794921875	0.874609375	0.791015625	0.823046875	0.501953125	0.982421875	0.748046875	0.996484375	0.947265625	0.888671875	0.689453125	23.828125	89.453125	53.515625	63.671875	2.734375	88.671875	94.921875	98.046875	93.359375	94.140625	45.703125	76.953125
sim25113	100	0.59375	0.194375	171.875	0.90625	0.78125	0.171875	15.625	0.34375	0.070625	453.125	4531.25	0.34375	171.875	3281.25	0.28125	0.025625	296.875	156.25	0.84375	484.375	4218.75	0.46875	0.126875	453.125	4531.25	0.03125	0.765625	0.746875	0.971875	0.821875	0.840625	0.671875	0.878125	0.990625	0.671875	0.971875	0.890625	0.953125	0.709375	0.803125	0.640625	0.896875	0.953125	34.375	34.375	65.625	28.125	3.125	59.375	3.125	84.375	59.375	96.875	34.375	90.625
sim25123	100	0.765625	0.1184375	101.5625	0.921875	0.046875	0.1409375	242.1875	0.640625	0.1634375	39.0625	234.375	0.046875	351.5625	1640.625	0.765625	0.1746875	414.0625	2109.375	0.359375	367.1875	3359.375	0.015625	0.1971875	54.6875	1015.625	0.796875	0.7234375	0.9859375	0.7703125	0.8921875	0.8171875	0.5078125	0.7796875	0.7140625	0.8515625	0.8265625	0.7734375	0.7515625	0.9953125	0.7421875	0.6484375	0.9484375	0.7734375	54.6875	20.3125	82.8125	26.5625	35.9375	32.8125	92.1875	85.9375	76.5625	54.6875	20.3125	92.1875
sim25141	100	0.671875	0.0903125	492.1875	0.953125	0.578125	0.0228125	320.3125	0.296875	0.1915625	85.9375	390.625	0.265625	117.1875	2734.375	0.984375	0.1353125	367.1875	1015.625	0.328125	414.0625	1328.125	0.421875	0.0565625	445.3125	4609.375	0.453125	0.9578125	0.8265625	0.7796875	0.8828125	0.9015625	0.6484375	0.7515625	0.9671875	0.7421875	0.8359375	0.5390625	0.8546875	0.7421875	0.9390625	0.7265625	0.7140625	0.7890625	76.5625	73.4375	4.6875	48.4375	14.0625	23.4375	70.3125	82.8125	67.1875	39.0625	98.4375	95.3125
sim25200	100	0.0546875	0.18734375	50.78125	0.9609375	0.3046875	0.12546875	308.59375	0.9765625	0.04671875	261.71875	4179.6875	0.4765625	97.65625	4648.4375	0.1015625	0.02984375	238.28125	4257.8125	0.7578125	214.84375	742.1875	0.4140625	0.11421875	425.78125	3398.4375	0.4296875	0.87109375	0.73046875	0.76328125	0.75390625	0.85234375	0.80078125	0.71640625	0.97890625	0.55078125	0.98828125	0.65234375	0.87578125	0.88515625	0.99296875	0.57421875	0.97890625	0.91796875	47.65625	19.53125	92.96875	10.15625	5.46875	47.65625	85.15625	75.78125	5.46875	92.96875	10.15625	96.09375
sim25252	100	0.14453125	0.123359375	177.734375	0.87109375	0.87890625	0.124765625	220.703125	0.68359375	0.091015625	212.890625	3105.46875	0.30078125	13.671875	4160.15625	0.12890625	0.037578125	21.484375	2832.03125	0.46484375	306.640625	292.96875	0.58203125	0.057265625	212.890625	3652.34375	0.01953125	0.729296875	0.926171875	0.722265625	0.794921875	0.703515625	0.548828125	0.731640625	0.839453125	0.615234375	0.984765625	0.880859375	0.787890625	0.787890625	0.741015625	0.927734375	0.909765625	0.615234375	79.296875	88.671875	69.921875	98.828125	33.203125	80.078125	76.953125	89.453125	14.453125	57.421875	35.546875	87.109375
sim25335	100	0.93359375	0.189453125	228.515625	0.76953125	0.63671875	0.143046875	287.109375	0.94140625	0.120546875	498.046875	1347.65625	0.23046875	251.953125	2167.96875	0.99609375	0.162734375	322.265625	761.71875	0.91015625	154.296875	2597.65625	0.98046875	0.075546875	333.984375	644.53125	0.65234375	0.886328125	0.755078125	0.729296875	0.956640625	0.968359375	0.763671875	0.794921875	0.874609375	0.791015625	0.823046875	0.501953125	0.982421875	0.748046875	0.996484375	0.845703125	0.860546875	0.689453125	23.828125	89.453125	53.515625	63.671875	2.734375	88.671875	94.921875	98.046875	93.359375	94.140625	45.703125	76.953125
sim25369	100	0.59375	0.194375	171.875	0.90625	0.78125	0.171875	15.625	0.34375	0.070625	453.125	4531.25	0.34375	171.875	3281.25	0.28125	0.025625	296.875	156.25	0.84375	484.375	4218.75	0.46875	0.126875	453.125	4531.25	0.03125	0.765625	0.746875	0.971875	0.821875	0.840625	0.671875	0.878125	0.990625	0.671875	0.971875	0.890625	0.953125	0.709375	0.803125	0.640625	0.971875	0.640625	34.375	34.375	65.625	28.125	3.125	59.375	3.125	84.375	59.375	96.875	34.375	90.625
sim25379	100	0.765625	0.1184375	101.5625	0.921875	0.046875	0.1409375	242.1875	0.640625	0.1634375	39.0625	234.375	0.046875	351.5625	1640.625	0.765625	0.1746875	414.0625	2109.375	0.359375	367.1875	3359.375	0.015625	0.1971875	54.6875	1015.625	0.796875	0.7234375	0.9859375	0.7703125	0.8921875	0.8171875	0.5078125	0.7796875	0.7140625	0.8515625	0.8265625	0.7734375	0.7515625	0.9953125	0.7421875	0.6484375	0.8734375	0.6328125	54.6875	20.3125	82.8125	26.5625	35.9375	32.8125	92.1875	85.9375	76.5625	54.6875	20.3125	92.1875
sim25397	100	0.671875	0.0903125	492.1875	0.953125	0.578125	0.0228125	320.3125	0.296875	0.1915625	85.9375	390.625	0.265625	117.1875	2734.375	0.984375	0.1353125	367.1875	1015.625	0.328125	414.0625	1328.125	0.421875	0.0565625	445.3125	4609.375	0.453125	0.9578125	0.8265625	0.7796875	0.8828125	0.9015625	0.6484375	0.7515625	0.9671875	0.7421875	0.8359375	0.5390625	0.8546875	0.7421875	0.9390625	0.7265625	0.9015625	0.7421875	76.5625	73.4375	4.6875	48.4375	14.0625	23.4375	70.3125	82.8125	67.1875	39.0625	98.4375	95.3125
sim25456	100	0.0546875	0.18734375	50.78125	0.9609375	0.3046875	0.12546875	308.59375	0.9765625	0.04671875	261.71875	4179.6875	0.4765625	97.65625	4648.4375	0.1015625	0.02984375	238.28125	4257.8125	0.7578125	214.84375	742.1875	0.4140625	0.11421875	425.78125	3398.4375	0.4296875	0.87109375	0.73046875	0.76328125	0.75390625	0.85234375	0.80078125	0.71640625	0.97890625	0.55078125	0.98828125	0.65234375	0.87578125	0.88515625	0.99296875	0.57421875	0.85703125	0.55078125	47.65625	19.53125	92.96875	10.15625	5.46875	47.65625	85.15625	75.78125	5.46875	92.96875	10.15625	96.09375
sim25508	100	0.14453125	0.123359375	177.734375	0.87109375	0.87890625	0.124765625	220.703125	0.68359375	0.091015625	212.890625	3105.46875	0.30078125	13.671875	4160.15625	0.12890625	0.037578125	21.484375	2832.03125	0.46484375	306.640625	292.96875	0.58203125	0.057265625	212.890625	3652.34375	0.01953125	0.729296875	0.926171875	0.722265625	0.794921875	0.703515625	0.548828125	0.731640625	0.839453125	0.615234375	0.984765625	0.880859375	0.787890625	0.787890625	0.741015625	0.927734375	0.909765625	0.994140625	79.296875	88.671875	69.921875	98.828125	33.203125	80.078125	76.953125	89.453125	14.453125	57.421875	35.546875	87.109375
sim25591	100	0.93359375	0.189453125	228.515625	0.76953125	0.63671875	0.143046875	287.109375	0.94140625	0.120546875	498.046875	1347.65625	0.23046875	251.953125	2167.96875	0.99609375	0.162734375	322.265625	761.71875	0.91015625	154.296875	2597.65625	0.98046875	0.075546875	333.984375	644.53125	0.65234375	0.886328125	0.755078125	0.729296875	0.956640625	0.968359375	0.763671875	0.794921875	0.874609375	0.791015625	0.823046875	0.501953125	0.982421875	0.748046875	0.996484375	0.845703125	0.888671875	0.818359375	23.828125	89.453125	53.515625	63.671875	2.734375	88.671875	94.921875	98.046875	93.359375	94.140625	45.703125	76.953125
sim25625	100	0.59375	0.194375	171.875	0.90625	0.78125	0.171875	15.625	0.34375	0.070625	453.125	4531.25	0.34375	171.875	3281.25	0.28125	0.025625	296.875	156.25	0.84375	484.375	4218.75	0.46875	0.126875	453.125	4531.25	0.03125	0.765625	0.746875	0.971875	0.821875	0.840625	0.671875	0.878125	0.990625	0.671875	0.971875	0.890625	0.953125	0.709375	0.803125	0.640625	0.971875	0.953125	3.125	34.375	65.625	28.125	3.125	59.375	3.125	84.375	59.375	96.875	34.375	90.625
sim25635	100	0.765625	0.1184375	101.5625	0.921875	0.046875	0.1409375	242.1875	0.640625	0.1634375	39.0625	234.375	0.046875	351.5625	1640.625	0.765625	0.1746875	414.0625	2109.375	0.359375	367.1875	3359.375	0.015625	0.1971875	54.6875	1015.625	0.796875	0.7234375	0.9859375	0.7703125	0.8921875	0.8171875	0.5078125	0.7796875	0.7140625	0.8515625	0.8265625	0.7734375	0.7515625	0.9953125	0.7421875	0.6484375	0.8734375	0.7734375	35.9375	20.3125	82.8125	26.5625	35.9375	32.8125	92.1875	85.9375	76.5625	54.6875	20.3125	92.1875
sim25653	100	0.671875	0.0903125	492.1875	0.953125	0.578125	0.0228125	320.3125	0.296875	0.1915625	85.9375	390.625	0.265625	117.1875	2734.375	0.984375	0.1353125	367.1875	1015.625	0.328125	414.0625	1328.125	0.421875	0.0565625	445.3125	4609.375	0.453125	0.9578125	0.8265625	0.7796875	0.8828125	0.9015625	0.6484375	0.7515625	0.9671875	0.7421875	0.8359375	0.5390625	0.8546875	0.7421875	0.9390625	0.7265625	0.9015625	0.7890625	14.0625	73.4375	4.6875	48.4375	14.0625	23.4375	70.3125	82.8125	67.1875	39.0625	98.4375	95.3125
sim25712	100	0.0546875	0.18734375	50.78125	0.9609375	0.3046875	0.12546875	308.59375	0.9765625	0.04671875	261.71875	4179.6875	0.4765625	97.65625	4648.4375	0.1015625	0.02984375	238.28125	4257.8125	0.7578125	214.84375	742.1875	0.4140625	0.11421875	425.78125	3398.4375	0.4296875	0.87109375	0.73046875	0.76328125	0.75390625	0.85234375	0.80078125	0.71640625	0.97890625	0.55078125	0.98828125	0.65234375	0.87578125	0.88515625	0.99296875	0.57421875	0.85703125	0.91796875	5.46875	19.53125	92.96875	10.15625	5.46875	47.65625	85.15625	75.78125	5.46875	92.96875	10.15625	96.09375
sim25764	100	0.14453125	0.123359375	177.734375	0.87109375	0.87890625	0.124765625	220.703125	0.68359375	0.091015625	212.890625	3105.46875	0.30078125	13.671875	4160.15625	0.12890625	0.037578125	21.484375	2832.03125	0.46484375	306.640625	292.96875	0.58203125	0.057265625	212.890625	3652.34375	0.01953125	0.729296875	0.926171875	0.722265625	0.794921875	0.703515625	0.548828125	0.731640625	0.839453125	0.615234375	0.984765625	0.880859375	0.787890625	0.787890625	0.741015625	0.927734375	0.909765625	0.615234375	33.203125	88.671875	69.921875	98.828125	33.203125	80.078125	76.953125	89.453125	14.453125	57.421875	35.546875	87.109375
sim25847	100	0.93359375	0.189453125	228.515625	0.76953125	0.63671875	0.143046875	287.109375	0.94140625	0.120546875	498.046875	1347.65625	0.23046875	251.953125	2167.96875	0.99609375	0.162734375	322.265625	761.71875	0.91015625	154.296875	2597.65625	0.98046875	0.075546875	333.984375	644.53125	0.65234375	0.886328125	0.755078125	0.729296875	0.956640625	0.968359375	0.763671875	0.794921875	0.874609375	0.791015625	0.823046875	0.501953125	0.982421875	0.748046875	0.996484375	0.845703125	0.888671875	0.689453125	2.734375	89.453125	53.515625	63.671875	2.734375	88.671875	94.921875	98.046875	93.359375	94.140625	45.703125	76.953125
sim25881	100	0.59375	0.194375	171.875	0.90625	0.78125	0.171875	15.625	0.34375	0.070625	453.125	4531.25	0.34375	171.875	3281.25	0.28125	0.025625	296.875	156.25	0.84375	484.375	4218.75	0.46875	0.126875	453.125	4531.25	0.03125	0.765625	0.746875	0.971875	0.821875	0.840625	0.671875	0.878125	0.990625	0.671875	0.971875	0.890625	0.953125	0.709375	0.803125	0.640625	0.971875	0.953125	34.375	59.375	65.625	28.125	3.125	59.375	3.125	84.375	59.375	96.875	34.375	90.625
sim25891	100	0.765625	0.1184375	101.5625	0.921875	0.046875	0.1409375	242.1875	0.640625	0.1634375	39.0625	234.375	0.046875	351.5625	1640.625	0.765625	0.1746875	414.0625	2109.375	0.359375	367.1875	3359.375	0.015625	0.1971875	54.6875	1015.625	0.796875	0.7234375	0.9859375	0.7703125	0.8921875	0.8171875	0.5078125	0.7796875	0.7140625	0.8515625	0.8265625	0.7734375	0.7515625	0.9953125	0.7421875	0.6484375	0.8734375	0.7734375	54.6875	32.8125	82.8125	26.5625	35.9375	32.8125	92.1875	85.9375	76.5625	54.6875	20.3125	92.1875
sim25909	100	0.671875	0.0903125	492.1875	0.953125	0.578125	0.0228125	320.3125	0.296875	0.1915625	85.9375	390.625	0.265625	117.1875	2734.375	0.984375	0.1353125	367.1875	1015.625	0.328125	414.0625	1328.125	0.421875	0.0565625	445.3125	4609.375	0.453125	0.9578125	0.8265625	0.7796875	0.8828125	0.9015625	0.6484375	0.7515625	0.9671875	0.7421875	0.8359375	0.5390625	0.8546875	0.7421875	0.9390625	0.7265625	0.9015625	0.7890625	76.5625	23.4375	4.6875	48.4375	14.0625	23.4375	70.3125	82.8125	67.1875	39.0625	98.4375	95.3125
sim25968	100	0.0546875	0.18734375	50.78125	0.9609375	0.3046875	0.12546875	308.59375	0.9765625	0.04671875	261.71875	4179.6875	0.4765625	97.65625	4648.4375	0.1015625	0.02984375	238.28125	4257.8125	0.7578125	214.84375	742.1875	0.4140625	0.11421875	425.78125	3398.4375	0.4296875	0.87109375	0.73046875	0.76328125	0.75390625	0.85234375	0.80078125	0.71640625	0.97890625	0.55078125	0.98828125	0.65234375	0.87578125	0.88515625	0.99296875	0.57421875	0.85703125	0.91796875	47.65625	47.65625	92.96875	10.15625	5.46875	47.65625	85.15625	75.78125	5.46875	92.96875	10.15625	96.09375
sim26020	100	0.14453125	0.123359375	177.734375	0.87109375	0.87890625	0.124765625	220.703125	0.68359375	0.091015625	212.890625	3105.46875	0.30078125	13.671875	4160.15625	0.12890625	0.037578125	21.484375	2832.03125	0.46484375	306.640625	292.96875	0.58203125	0.057265625	212.890625	3652.34375	0.01953125	0.729296875	0.926171875	0.722265625	0.794921875	0.703515625	0.548828125	0.731640625	0.839453125	0.615234375	0.984765625	0.880859375	0.787890625	0.787890625	0.741015625	0.927734375	0.909765625	0.615234375	79.296875	80.078125	69.921875	98.828125	33.203125	80.078125	76.953125	89.453125	14.453125	57.421875	35.546875	87.109375
sim26103	100	0.93359375	0.189453125	228.515625	0.76953125	0.63671875	0.143046875	287.109375	0.94140625	0.120546875	498.046875	1347.65625	0.23046875	251.953125	2167.96875	0.99609375	0.162734375	322.265625	761.71875	0.91015625	154.296875	2597.65625	0.98046875	0.075546875	333.984375	644.53125	0.65234375	0.886328125	0.755078125	0.729296875	0.956640625	0.968359375	0.763671875	0.794921875	0.874609375	0.791015625	0.823046875	0.501953125	0.982421875	0.748046875	0.996484375	0.845703125	0.888671875	0.689453125	23.828125	88.671875	53.515625	63.671875	2.734375	88.671875	94.921875	98.046875	93.359375	94.140625	45.703125	76.953125
sim26137	100	0.59375	0.194375	171.875	0.90625	0.78125	0.171875	15.625	0.34375	0.070625	453.125	4531.25	0.34375	171.875	3281.25	0.28125	0.025625	296.875	156.25	0.84375	484.375	4218.75	0.46875	0.126875	453.125	4531.25	0.03125	0.765625	0.746875	0.971875	0.821875	0.840625	0.671875	0.878125	0.990625	0.671875	0.971875	0.890625	0.953125	0.709375	0.803125	0.640625	0.971875	0.953125	34.375	34.375	3.125	28.125	3.125	59.375	3.125	84.375	59.375	96.875	34.375	90.625
sim26147	100	0.765625	0.1184375	101.5625	0.921875	0.046875	0.1409375	242.1875	0.640625	0.1634375	39.0625	234.375	0.046875	351.5625	1640.625	0.765625	0.1746875	414.0625	2109.375	0.359375	367.1875	3359.375	0.015625	0.1971875	54.6875	1015.625	0.796875	0.7234375	0.9859375	0.7703125	0.8921875	0.8171875	0.5078125	0.7796875	0.7140625	0.8515625	0.8265625	0.7734375	0.7515625	0.9953125	0.7421875	0.6484375	0.8734375	0.7734375	54.6875	20.3125	92.1875	26.5625	35.9375	32.8125	92.1875	85.9375	76.5625	54.6875	20.3125	92.1875
sim26165	100	0.671875	0.0903125	492.1875	0.953125	0.578125	0.0228125	320.3125	0.296875	0.1915625	85.9375	390.625	0.265625	117.1875	2734.375	0.984375	0.1353125	367.1875	1015.625	0.328125	414.0625	1328.125	0.421875	0.0565625	445.3125	4609.375	0.453125	0.9578125	0.8265625	0.7796875	0.8828125	0.9015625	0.6484375	0.7515625	0.9671875	0.7421875	0.8359375	0.5390625	0.8546875	0.7421875	0.9390625	0.7265625	0.9015625	0.7890625	76.5625	73.4375	70.3125	48.4375	14.0625	23.4375	70.3125	82.8125	67.1875	39.0625	98.4375	95.3125
sim26224	100	0.0546875	0.18734375	50.78125	0.9609375	0.3046875	0.12546875	308.59375	0.9765625	0.04671875	261.71875	4179.6875	0.4765625	97.65625	4648.4375	0.1015625	0.02984375	238.28125	4257.8125	0.7578125	214.84375	742.1875	0.4140625	0.11421875	425.78125	3398.4375	0.4296875	0.87109375	0.73046875	0.76328125	0.75390625	0.85234375	0.80078125	0.71640625	0.97890625	0.55078125	0.98828125	0.65234375	0.87578125	0.88515625	0.99296875	0.57421875	0.85703125	0.91796875	47.65625	19.53125	85.15625	10.15625	5.46875	47.65625	85.15625	75.78125	5.46875	92.96875	10.15625	96.09375
sim26276	100	0.14453125	0.123359375	177.734375	0.87109375	0.87890625	0.124765625	220.703125	0.68359375	0.091015625	212.890625	3105.46875	0.30078125	13.671875	4160.15625	0.12890625	0.037578125	21.484375	2832.03125	0.46484375	306.640625	292.96875	0.58203125	0.057265625	212.890625	3652.34375	0.01953125	0.729296875	0.926171875	0.722265625	0.794921875	0.703515625	0.548828125	0.731640625	0.839453125	0.615234375	0.984765625	0.880859375	0.787890625	0.787890625	0.741015625	0.927734375	0.909765625	0.615234375	79.296875	88.671875	76.953125	98.828125	33.203125	80.078125	76.953125	89.453125	14.453125	57.421875	35.546875	87.109375
sim26359	100	0.93359375	0.189453125	228.515625	0.76953125	0.63671875	0.143046875	287.109375	0.94140625	0.120546875	498.046875	1347.65625	0.23046875	251.953125	2167.96875	0.99609375	0.162734375	322.265625	761.71875	0.91015625	154.296875	2597.65625	0.98046875	0.075546875	333.984375	644.53125	0.65234375	0.886328125	0.755078125	0.729296875	0.956640625	0.968359375	0.763671875	0.794921875	0.874609375	0.791015625	0.823046875	0.501953125	0.982421875	0.748046875	0.996484375	0.845703125	0.888671875	0.689453125	23.828125	89.453125	94.921875	63.671875	2.734375	88.671875	94.921875	98.046875	93.359375	94.140625	45.703125	76.953125
sim26393	100	0.59375	0.194375	171.875	0.90625	0.78125	0.171875	15.625	0.34375	0.070625	453.125	4531.25	0.34375	171.875	3281.25	0.28125	0.025625	296.875	156.25	0.84375	484.375	4218.75	0.46875	0.126875	453.125	4531.25	0.03125	0.765625	0.746875	0.971875	0.821875	0.840625	0.671875	0.878125	0.990625	0.671875	0.971875	0.890625	0.953125	0.709375	0.803125	0.640625	0.971875	0.953125	34.375	34.375	65.625	84.375	3.125	59.375	3.125	84.375	59.375	96.875	34.375	90.625
sim26403	100	0.765625	0.1184375	101.5625	0.921875	0.046875	0.1409375	242.1875	0.640625	0.1634375	39.0625	234.375	0.046875	351.5625	1640.625	0.765625	0.1746875	414.0625	2109.375	0.359375	367.1875	3359.375	0.015625	0.1971875	54.6875	1015.625	0.796875	0.7234375	0.9859375	0.7703125	0.8921875	0.8171875	0.5078125	0.7796875	0.7140625	0.8515625	0.8265625	0.7734375	0.7515625	0.9953125	0.7421875	0.6484375	0.8734375	0.7734375	54.6875	20.3125	82.8125	85.9375	35.9375	32.8125	92.1875	85.9375	76.5625	54.6875	20.3125	92.1875
sim26421	100	0.671875	0.0903125	492.1875	0.953125	0.578125	0.0228125	320.3125	0.296875	0.1915625	85.9375	390.625	0.265625	117.1875	2734.375	0.984375	0.1353125	367.1875	1015.625	0.328125	414.0625	1328.125	0.421875	0.0565625	445.3125	4609.375	0.453125	0.9578125	0.8265625	0.7796875	0.8828125	0.9015625	0.6484375	0.7515625	0.9671875	0.7421875	0.8359375	0.5390625	0.8546875	0.7421875	0.9390625	0.7265625	0.9015625	0.7890625	76.5625	73.4375	4.6875	82.8125	14.0625	23.4375	70.3125	82.8125	67.1875	39.0625	98.4375	95.3125
sim26480	100	0.0546875	0.18734375	50.78125	0.9609375	0.3046875	0.12546875	308.59375	0.9765625	0.04671875	261.71875	4179.6875	0.4765625	97.65625	4648.4375	0.1015625	0.02984375	238.28125	4257.8125	0.7578125	214.84375	742.1875	0.4140625	0.11421875	425.78125	3398.4375	0.4296875	0.87109375	0.73046875	0.76328125	0.75390625	0.85234375	0.80078125	0.71640625	0.97890625	0.55078125	0.98828125	0.65234375	0.87578125	0.88515625	0.99296875	0.57421875	0.85703125	0.91796875	47.65625	19.53125	92.96875	75.78125	5.46875	47.65625	85.15625	75.78125	5.46875	92.96875	10.15625	96.09375
sim26532	100	0.14453125	0.123359375	177.734375	0.87109375	0.87890625	0.124765625	220.703125	0.68359375	0.091015625	212.890625	3105.46875	0.30078125	13.671875	4160.15625	0.12890625	0.037578125	21.484375	2832.03125	0.46484375	306.640625	292.96875	0.58203125	0.057265625	212.890625	3652.34375	0.01953125	0.729296875	0.926171875	0.722265625	0.794921875	0.703515625	0.548828125	0.731640625	0.839453125	0.615234375	0.984765625	0.880859375	0.787890625	0.787890625	0.741015625	0.927734375	0.909765625	0.615234375	79.296875	88.671875	69.921875	89.453125	33.203125	80.078125	76.953125	89.453125	14.453125	57.421875	35.546875	87.109375
sim26615	100	0.93359375	0.189453125	228.515625	0.76953125	0.63671875	0.143046875	287.109375	0.94140625	0.120546875	498.046875	1347.65625	0.23046875	251.953125	2167.96875	0.99609375	0.162734375	322.265625	761.71875	0.91015625	154.296875	2597.65625	0.98046875	0.075546875	333.984375	644.53125	0.65234375	0.886328125	0.755078125	0.729296875	0.956640625	0.968359375	0.763671875	0.794921875	0.874609375	0.791015625	0.823046875	0.501953125	0.982421875	0.748046875	0.996484375	0.845703125	0.888671875	0.689453125	23.828125	89.453125	53.515625	98.046875	2.734375	88.671875	94.921875	98.046875	93.359375	94.140625	45.703125	76.953125
sim26649	100	0.59375	0.194375	171.875	0.90625	0.78125	0.171875	15.625	0.34375	0.070625	453.125	4531.25	0.34375	171.875	3281.25	0.28125	0.025625	296.875	156.25	0.84375	484.375	4218.75	0.46875	0.126875	453.125	4531.25	0.03125	0.765625	0.746875	0.971875	0.821875	0.840625	0.671875	0.878125	0.990625	0.671875	0.971875	0.890625	0.953125	0.709375	0.803125	0.640625	0.971875	0.953125	34.375	34.375	65.625	28.125	59.375	59.375	3.125	84.375	59.375	96.875	34.375	90.625
sim26659	100	0.765625	0.1184375	101.5625	0.921875	0.046875	0.1409375	242.1875	0.640625	0.1634375	39.0625	234.375	0.046875	351.5625	1640.625	0.765625	0.1746875	414.0625	2109.375	0.359375	367.1875	3359.375	0.015625	0.1971875	54.6875	1015.625	0.796875	0.7234375	0.9859375	0.7703125	0.8921875	0.8171875	0.5078125	0.7796875	0.7140625	0.8515625	0.8265625	0.7734375	0.7515625	0.9953125	0.7421875	0.6484375	0.8734375	0.7734375	54.6875	20.3125	82.8125	26.5625	76.5625	32.8125	92.1875	85.9375	76.5625	54.6875	20.3125	92.1875
sim26677	100	0.671875	0.0903125	492.1875	0.953125	0.578125	0.0228125	320.3125	0.296875	0.1915625	85.9375	390.625	0.265625	117.1875	2734.375	0.984375	0.1353125	367.1875	1015.625	0.328125	414.0625	1328.125	0.421875	0.0565625	445.3125	4609.375	0.453125	0.9578125	0.8265625	0.7796875	0.8828125	0.9015625	0.6484375	0.7515625	0.9671875	0.7421875	0.8359375	0.5390625	0.8546875	0.7421875	0.9390625	0.7265625	0.9015625	0.7890625	76.5625	73.4375	4.6875	48.4375	67.1875	23.4375	70.3125	82.8125	67.1875	39.0625	98.4375	95.3125
sim26736	100	0.0546875	0.18734375	50.78125	0.9609375	0.3046875	0.12546875	308.59375	0.9765625	0.04671875	261.71875	4179.6875	0.4765625	97.65625	4648.4375	0.1015625	0.02984375	238.28125	4257.8125	0.7578125	214.84375	742.1875	0.4140625	0.11421875	425.78125	3398.4375	0.4296875	0.87109375	0.73046875	0.76328125	0.75390625	0.85234375	0.80078125	0.71640625	0.97890625	0.55078125	0.98828125	0.65234375	0.87578125	0.88515625	0.99296875	0.57421875	0.85703125	0.91796875	47.65625	19.53125	92.96875	10.15625	5.46875	47.65625	85.15625	75.78125	5.46875	92.96875	10.15625	96.09375
sim26788	100	0.14453125	0.123359375	177.734375	0.87109375	0.87890625	0.124765625	220.703125	0.68359375	0.091015625	212.890625	3105.46875	0.30078125	13.671875	4160.15625	0.12890625	0.037578125	21.484375	2832.03125	0.46484375	306.640625	292.96875	0.58203125	0.057265625	212.890625	3652.34375	0.01953125	0.729296875	0.926171875	0.722265625	0.794921875	0.703515625	0.548828125	0.731640625	0.839453125	0.615234375	0.984765625	0.880859375	0.787890625	0.787890625	0.741015625	0.927734375	0.909765625	0.615234375	79.296875	88.671875	69.921875	98.828125	14.453125	80.078125	76.953125	89.453125	14.453125	57.421875	35.546875	87.109375
sim26871	100	0.93359375	0.189453125	228.515625	0.76953125	0.63671875	0.143046875	287.109375	0.94140625	0.120546875	498.046875	1347.65625	0.23046875	251.953125	2167.96875	0.99609375	0.162734375	322.265625	761.71875	0.91015625	154.296875	2597.65625	0.98046875	0.075546875	333.984375	644.53125	0.65234375	0.886328125	0.755078125	0.729296875	0.956640625	0.968359375	0.763671875	0.794921875	0.874609375	0.791015625	0.823046875	0.501953125	0.982421875	0.748046875	0.996484375	0.845703125	0.888671875	0.689453125	23.828125	89.453125	53.515625	63.671875	93.359375	88.671875	94.921875	98.046875	93.359375	94.140625	45.703125	76.953125
sim26905	100	0.59375	0.194375	171.875	0.90625	0.78125	0.171875	15.625	0.34375	0.070625	453.125	4531.25	0.34375	171.875	3281.25	0.28125	0.025625	296.875	156.25	0.84375	484.375	4218.75	0.46875	0.126875	453.125	4531.25	0.03125	0.765625	0.746875	0.971875	0.821875	0.840625	0.671875	0.878125	0.990625	0.671875	0.971875	0.890625	0.953125	0.709375	0.803125	0.640625	0.971875	0.953125	34.375	34.375	65.625	28.125	3.125	96.875	3.125	84.375	59.375	96.875	34.375	90.625
sim26915	100	0.765625	0.1184375	101.5625	0.921875	0.046875	0.1409375	242.1875	0.640625	0.1634375	39.0625	234.375	0.046875	351.5625	1640.625	0.765625	0.1746875	414.0625	2109.375	0.359375	367.1875	3359.375	0.015625	0.1971875	54.6875	1015.625	0.796875	0.7234375	0.9859375	0.7703125	0.8921875	0.8171875	0.5078125	0.7796875	0.7140625	0.8515625	0.8265625	0.7734375	0.7515625	0.9953125	0.7421875	0.6484375	0.8734375	0.7734375	54.6875	20.3125	82.8125	26.5625	35.9375	54.6875	92.1875	85.9375	76.5625	54.6875	20.3125	92.1875
sim26933	100	0.671875	0.0903125	492.1875	0.953125	0.578125	0.0228125	320.3125	0.296875	0.1915625	85.9375	390.625	0.265625	117.1875	2734.375	0.984375	0.1353125	367.1875	1015.625	0.328125	414.0625	1328.125	0.421875	0.0565625	445.3125	4609.375	0.453125	0.9578125	0.8265625	0.7796875	0.8828125	0.9015625	0.6484375	0.7515625	0.9671875	0.7421875	0.8359375	0.5390625	0.8546875	0.7421875	0.9390625	0.7265625	0.9015625	0.7890625	76.5625	73.4375	4.6875	48.4375	14.0625	39.0625	70.3125	82.8125	67.1875	39.0625	98.4375	95.3125
sim26992	100	0.0546875	0.18734375	50.78125	0.9609375	0.3046875	0.12546875	308.59375	0.9765625	0.04671875	261.71875	4179.6875	0.4765625	97.65625	4648.4375	0.1015625	0.02984375	238.28125	4257.8125	0.7578125	214.84375	742.1875	0.4140625	0.11421875	425.78125	3398.4375	0.4296875	0.87109375	0.73046875	0.76328125	0.75390625	0.85234375	0.80078125	0.71640625	0.97890625	0.55078125	0.98828125	0.65234375	0.87578125	0.88515625	0.99296875	0.57421875	0.85703125	0.91796875	47.65625	19.53125	92.96875	10.15625	5.46875	92.96875	85.15625	75.78125	5.46875	92.96875	10.15625	96.09375
sim27038	100	0.47265625	0.182421875	107.421875	0.85546875	0.14453125	0.178203125	9.765625	0.32421875	0.178203125	283.203125	2402.34375	0.09765625	458.984375	800.78125	0.67578125	0.164140625	138.671875	4785.15625	0.94921875	423.828125	2402.34375	0.91015625	0.076953125	298.828125	2011.71875	0.75390625	0.762109375	0.733984375	0.933203125	0.883984375	0.736328125	0.634765625	0.933203125	0.853515625	0.919921875	0.839453125	0.763671875	0.923828125	0.923828125	0.811328125	0.935546875	0.942578125	0.685546875	12.109375	55.859375	80.859375	94.140625	0.390625	90.234375	12.890625	87.890625	47.265625	90.234375	21.484375	85.546875
sim27044	100	0.14453125	0.123359375	177.734375	0.87109375	0.87890625	0.124765625	220.703125	0.68359375	0.091015625	212.890625	3105.46875	0.30078125	13.671875	4160.15625	0.12890625	0.037578125	21.484375	2832.03125	0.46484375	306.640625	292.96875	0.58203125	0.057265625	212.890625	3652.34375	0.01953125	0.729296875	0.926171875	0.722265625	0.794921875	0.703515625	0.548828125	0.731640625	0.839453125	0.615234375	0.984765625	0.880859375	0.787890625	0.787890625	0.741015625	0.927734375	0.909765625	0.615234375	79.296875	88.671875	69.921875	98.828125	33.203125	57.421875	76.953125	89.453125	14.453125	57.421875	35.546875	87.109375
sim27127	100	0.93359375	0.189453125	228.515625	0.76953125	0.63671875	0.143046875	287.109375	0.94140625	0.120546875	498.046875	1347.65625	0.23046875	251.953125	2167.96875	0.99609375	0.162734375	322.265625	761.71875	0.91015625	154.296875	2597.65625	0.98046875	0.075546875	333.984375	644.53125	0.65234375	0.886328125	0.755078125	0.729296875	0.956640625	0.968359375	0.763671875	0.794921875	0.874609375	0.791015625	0.823046875	0.501953125	0.982421875	0.748046875	0.996484375	0.845703125	0.888671875	0.689453125	23.828125	89.453125	53.515625	63.671875	2.734375	94.140625	94.921875	98.046875	93.359375	94.140625	45.703125	76.953125
sim27151	100	0.9375	0.03125	281.25	0.9375	0.3125	0.09875	406.25	0.6875	0.09875	406.25	4687.5	0.0625	406.25	2187.5	0.4375	0.09875	468.75	1562.5	0.8125	281.25	937.5	0.0625	0.07625	31.25	937.5	0.6875	0.98125	0.90625	0.86875	0.79375	0.90625	0.53125	0.98125	0.71875	0.78125	0.98125	0.65625	0.83125	0.94375	0.90625	0.71875	0.94375	0.96875	6.25	81.25	43.75	43.75	43.75	93.75	56.25	81.25	93.75	6.25	56.25	93.75
sim27161	100	0.59375	0.194375	171.875	0.90625	0.78125	0.171875	15.625	0.34375	0.070625	453.125	4531.25	0.34375	171.875	3281.25	0.28125	0.025625	296.875	156.25	0.84375	484.375	4218.75	0.46875	0.126875	453.125	4531.25	0.03125	0.765625	0.746875	0.971875	0.821875	0.840625	0.671875	0.878125	0.990625	0.671875	0.971875	0.890625	0.953125	0.709375	0.803125	0.640625	0.971875	0.953125	34.375	34.375	65.625	28.125	3.125	59.375	34.375	84.375	59.375	96.875	34.375	90.625
sim27189	100	0.671875	0.0903125	492.1875	0.953125	0.578125	0.0228125	320.3125	0.296875	0.1915625	85.9375	390.625	0.265625	117.1875	2734.375	0.984375	0.1353125	367.1875	1015.625	0.328125	414.0625	1328.125	0.421875	0.0565625	445.3125	4609.375	0.453125	0.9578125	0.8265625	0.7796875	0.8828125	0.9015625	0.6484375	0.7515625	0.9671875	0.7421875	0.8359375	0.5390625	0.8546875	0.7421875	0.9390625	0.7265625	0.9015625	0.7890625	76.5625	73.4375	4.6875	48.4375	14.0625	23.4375	98.4375	82.8125	67.1875	39.0625	98.4375	95.3125
sim27228	100	0.2265625	0.10015625	371.09375	0.9140625	0.0703125	0.07203125	97.65625	0.9296875	0.12828125	128.90625	820.3125	0.3984375	167.96875	3945.3125	0.6796875	0.13390625	183.59375	4492.1875	0.3046875	128.90625	3632.8125	0.4921875	0.04953125	417.96875	3320.3125	0.0703125	0.83828125	0.81015625	0.88046875	0.95546875	0.80078125	0.77734375	0.91796875	0.98359375	0.62109375	0.82421875	0.78515625	0.93671875	0.90859375	0.82890625	0.55078125	0.92734375	0.83203125	89.84375	83.59375	28.90625	17.96875	13.28125	86.71875	74.21875	80.46875	22.65625	44.53125	74.21875	91.40625
sim27238	100	0.3984375	0.02421875	410.15625	0.9296875	0.8359375	0.06359375	136.71875	0.0703125	0.04109375	371.09375	4023.4375	0.1953125	363.28125	1054.6875	0.1328125	0.10296875	35.15625	2539.0625	0.7890625	11.71875	4023.4375	0.0078125	0.07484375	66.40625	2304.6875	0.8359375	0.80546875	0.85234375	0.79140625	0.72578125	0.78671875	0.91015625	0.81953125	0.70703125	0.91015625	0.97890625	0.91796875	0.77265625	0.78203125	0.72109375	0.55859375	0.92265625	0.90234375	19.53125	72.65625	21.09375	13.28125	46.09375	7.03125	82.03125	78.90625	39.84375	2.34375	82.03125	92.96875
sim27272	100	0.06640625	0.030546875	498.046875	0.76171875	0.73828125	0.071328125	431.640625	0.73046875	0.172578125	330.078125	1933.59375	0.31640625	193.359375	4707.03125	0.58203125	0.147265625	91.796875	3378.90625	0.98046875	345.703125	2871.09375	0.50390625	0.127578125	189.453125	3730.46875	0.47265625	0.996484375	0.855859375	0.923828125	0.893359375	0.951953125	0.525390625	0.905078125	0.825390625	0.560546875	0.830078125	0.560546875	0.726953125	0.820703125	0.914453125	0.951171875	0.989453125	0.638671875	33.984375	2.734375	8.984375	78.515625	47.265625	41.015625	99.609375	91.015625	6.640625	5.859375	99.609375	76.171875
sim27355	100	0.85546875	0.096640625	408.203125	0.84765625	0.99609375	0.100859375	123.046875	0.89453125	0.055859375	115.234375	3613.28125	0.15234375	447.265625	1464.84375	0.29296875	0.092421875	251.953125	527.34375	0.39453125	193.359375	488.28125	0.93359375	0.179609375	326.171875	722.65625	0.85546875	0.844140625	0.825390625	0.912109375	0.755078125	0.757421875	0.787109375	0.968359375	0.860546875	0.845703125	0.987109375	0.931640625	0.902734375	0.705859375	0.823046875	0.775390625	0.968359375	0.556640625	62.890625	0.390625	17.578125	58.984375	16.796875	27.734375	81.640625	96.484375	85.546875	42.578125	81.640625	84.765625
sim27361	100	0.52734375	0.037578125	369.140625	0.86328125	0.23046875	0.024921875	146.484375	0.09765625	0.148671875	388.671875	1816.40625	0.44921875	17.578125	3574.21875	0.77734375	0.145859375	400.390625	2480.46875	0.87890625	76.171875	2128.90625	0.57421875	0.114921875	162.109375	4863.28125	0.12109375	0.801953125	0.914453125	0.813671875	0.966015625	0.752734375	0.904296875	0.766796875	0.846484375	0.681640625	0.832421875	0.798828125	0.804296875	0.982421875	0.724609375	0.767578125	0.879296875	0.736328125	45.703125	42.578125	31.640625	60.546875	49.609375	54.296875	73.828125	94.921875	52.734375	9.765625	73.828125	86.328125
sim27383	100	0.93359375	0.189453125	228.515625	0.76953125	0.63671875	0.143046875	287.109375	0.94140625	0.120546875	498.046875	1347.65625	0.23046875	251.953125	2167.96875	0.99609375	0.162734375	322.265625	761.71875	0.91015625	154.296875	2597.65625	0.98046875	0.075546875	333.984375	644.53125	0.65234375	0.886328125	0.755078125	0.729296875	0.956640625	0.968359375	0.763671875	0.794921875	0.874609375	0.791015625	0.823046875	0.501953125	0.982421875	0.748046875	0.996484375	0.845703125	0.888671875	0.689453125	23.828125	89.453125	53.515625	63.671875	2.734375	88.671875	45.703125	98.046875	93.359375	94.140625	45.703125	76.953125
sim27396	100	0.125	0.1325	437.5	0.875	0.625	0.0425	187.5	0.375	0.1775	312.5	3125	0.875	437.5	625	0.375	0.0875	437.5	3125	0.125	62.5	3125	0.375	0.0875	62.5	4375	0.625	0.7375	0.8125	0.8125	0.9625	0.8875	0.5625	0.7375	0.8875	0.9375	0.9625	0.8125	0.7375	0.8125	0.8125	0.9375	0.8875	0.8125	87.5	87.5	12.5	37.5	37.5	87.5	62.5	87.5	12.5	62.5	87.5	87.5
sim27407	100	0.9375	0.03125	281.25	0.9375	0.3125	0.09875	406.25	0.6875	0.09875	406.25	4687.5	0.0625	406.25	2187.5	0.4375	0.09875	468.75	1562.5	0.8125	281.25	937.5	0.0625	0.07625	31.25	937.5	0.6875	0.98125	0.90625	0.86875	0.79375	0.90625	0.53125	0.98125	0.71875	0.78125	0.98125	0.65625	0.83125	0.94375	0.90625	0.71875	0.94375	0.96875	6.25	81.25	43.75	43.75	43.75	93.75	31.25	93.75	93.75	6.25	56.25	93.75
sim27410	100	0.28125	0.070625	78.125	0.96875	0.21875	0.115625	359.375	0.53125	0.171875	296.875	3593.75	0.65625	203.125	4843.75	0.34375	0.036875	265.625	4843.75	0.15625	140.625	1406.25	0.03125	0.138125	421.875	1093.75	0.09375	0.971875	0.990625	0.728125	0.953125	0.821875	0.703125	0.784375	0.784375	0.578125	0.990625	0.609375	0.859375	0.915625	0.859375	0.921875	0.878125	0.859375	65.625	40.625	96.875	34.375	9.375	53.125	96.875	96.875	28.125	28.125	15.625	96.875
sim27417	100	0.59375	0.194375	171.875	0.90625	0.78125	0.171875	15.625	0.34375	0.070625	453.125	4531.25	0.34375	171.875	3281.25	0.28125	0.025625	296.875	156.25	0.84375	484.375	4218.75	0.46875	0.126875	453.125	4531.25	0.03125	0.765625	0.746875	0.971875	0.821875	0.840625	0.671875	0.878125	0.990625	0.671875	0.971875	0.890625	0.953125	0.709375	0.803125	0.640625	0.971875	0.953125	34.375	34.375	65.625	28.125	3.125	59.375	3.125	90.625	59.375	96.875	34.375	90.625
sim27427	100	0.765625	0.1184375	101.5625	0.921875	0.046875	0.1409375	242.1875	0.640625	0.1634375	39.0625	234.375	0.046875	351.5625	1640.625	0.765625	0.1746875	414.0625	2109.375	0.359375	367.1875	3359.375	0.015625	0.1971875	54.6875	1015.625	0.796875	0.7234375	0.9859375	0.7703125	0.8921875	0.8171875	0.5078125	0.7796875	0.7140625	0.8515625	0.8265625	0.7734375	0.7515625	0.9953125	0.7421875	0.6484375	0.8734375	0.7734375	54.6875	20.3125	82.8125	26.5625	35.9375	32.8125	92.1875	92.1875	76.5625	54.6875	20.3125	92.1875
sim27445	100	0.671875	0.0903125	492.1875	0.953125	0.578125	0.0228125	320.3125	0.296875	0.1915625	85.9375	390.625	0.265625	117.1875	2734.375	0.984375	0.1353125	367.1875	1015.625	0.328125	414.0625	1328.125	0.421875	0.0565625	445.3125	4609.375	0.453125	0.9578125	0.8265625	0.7796875	0.8828125	0.9015625	0.6484375	0.7515625	0.9671875	0.7421875	0.8359375	0.5390625	0.8546875	0.7421875	0.9390625	0.7265625	0.9015625	0.7890625	76.5625	73.4375	4.6875	48.4375	14.0625	23.4375	70.3125	95.3125	67.1875	39.0625	98.4375	95.3125
sim27454	100	0.484375	0.1690625	273.4375	0.890625	0.390625	0.0790625	39.0625	0.609375	0.0903125	179.6875	1328.125	0.703125	23.4375	4296.875	0.921875	0.1465625	335.9375	3828.125	0.640625	195.3125	4140.625	0.109375	0.0228125	414.0625	1171.875	0.390625	0.7140625	0.9203125	0.9109375	0.7515625	0.9203125	0.7421875	0.9953125	0.7984375	0.5234375	0.8171875	0.9453125	0.9484375	0.8734375	0.7328125	0.9453125	0.9578125	0.8828125	20.3125	54.6875	35.9375	42.1875	20.3125	17.1875	26.5625	89.0625	48.4375	82.8125	54.6875	89.0625
sim27457	100	0.5078125	0.04953125	11.71875	0.8828125	0.4765625	0.14515625	175.78125	0.8359375	0.05515625	19.53125	1914.0625	0.8671875	464.84375	1289.0625	0.5234375	0.16203125	74.21875	1523.4375	0.7109375	300.78125	3789.0625	0.3984375	0.16765625	58.59375	3164.0625	0.7265625	0.82890625	0.72578125	0.72109375	0.79609375	0.86640625	0.98046875	0.70234375	0.89921875	0.76171875	0.81484375	0.98828125	0.75859375	0.95546875	0.80078125	0.84765625	0.86171875	0.94140625	36.71875	42.96875	75.78125	2.34375	28.90625	64.84375	80.46875	88.28125	50.78125	16.40625	2.34375	88.28125
sim27473	100	0.5390625	0.13390625	214.84375	0.8515625	0.0078125	0.19578125	316.40625	0.6171875	0.04953125	410.15625	507.8125	0.2109375	136.71875	4882.8125	0.1171875	0.12265625	464.84375	2304.6875	0.8671875	35.15625	3945.3125	0.6796875	0.06078125	11.71875	1757.8125	0.8828125	0.78203125	0.90390625	0.93671875	0.93671875	0.74453125	0.93359375	0.71171875	0.73984375	0.96484375	0.80546875	0.75390625	0.84296875	0.73984375	0.73515625	0.83203125	0.79609375	0.80078125	71.09375	77.34375	47.65625	61.71875	7.03125	42.96875	96.09375	85.15625	53.90625	63.28125	42.96875	85.15625
sim27479	100	0.9140625	0.15640625	402.34375	0.9765625	0.8828125	0.03828125	253.90625	0.2421875	0.02703125	97.65625	2382.8125	0.5859375	199.21875	3007.8125	0.7421875	0.14515625	152.34375	429.6875	0.7421875	472.65625	820.3125	0.0546875	0.03828125	449.21875	2382.8125	0.0078125	0.89453125	0.86640625	0.82421875	0.82421875	0.78203125	0.87109375	0.82421875	0.77734375	0.65234375	0.84296875	0.69140625	0.88046875	0.70234375	0.92265625	0.76953125	0.90859375	0.98828125	8.59375	89.84375	10.15625	24.21875	19.53125	80.46875	58.59375	97.65625	91.40625	75.78125	80.46875	97.65625
sim27484	100	0.2265625	0.10015625	371.09375	0.9140625	0.0703125	0.07203125	97.65625	0.9296875	0.12828125	128.90625	820.3125	0.3984375	167.96875	3945.3125	0.6796875	0.13390625	183.59375	4492.1875	0.3046875	128.90625	3632.8125	0.4921875	0.04953125	417.96875	3320.3125	0.0703125	0.83828125	0.81015625	0.88046875	0.95546875	0.80078125	0.77734375	0.91796875	0.98359375	0.62109375	0.82421875	0.78515625	0.93671875	0.90859375	0.82890625	0.55078125	0.92734375	0.83203125	89.84375	83.59375	28.90625	17.96875	13.28125	86.71875	39.84375	91.40625	22.65625	44.53125	74.21875	91.40625
sim27499	100	0.8359375	0.17046875	3.90625	0.8671875	0.7734375	0.11984375	417.96875	0.3828125	0.14234375	89.84375	4960.9375	0.3828125	332.03125	117.1875	0.5703125	0.06921875	316.40625	351.5625	0.3515625	167.96875	3710.9375	0.8203125	0.08609375	472.65625	2617.1875	0.1484375	0.82421875	0.83359375	0.73515625	0.70703125	0.76796875	0.75390625	0.95078125	0.95078125	0.50390625	0.96015625	0.88671875	0.86640625	0.95078125	0.81484375	0.83984375	0.75390625	0.99609375	38.28125	66.40625	2.34375	57.03125	27.34375	63.28125	7.03125	86.71875	83.59375	83.59375	0.78125	86.71875
sim27501	100	0.7109375	0.14796875	316.40625	0.9921875	0.1484375	0.09734375	480.46875	0.7578125	0.11984375	402.34375	3085.9375	0.7578125	269.53125	1992.1875	0.1953125	0.09171875	3.90625	2226.5625	0.2265625	355.46875	1835.9375	0.4453125	0.10859375	35.15625	3242.1875	0.7734375	0.86171875	0.79609375	0.92265625	0.89453125	0.80546875	0.94140625	0.91328125	0.91328125	0.81640625	0.99765625	0.57421875	0.82890625	0.98828125	0.92734375	0.77734375	0.94140625	0.80859375	75.78125	53.90625	39.84375	19.53125	39.84375	0.78125	44.53125	99.21875	71.09375	71.09375	63.28125	99.21875
sim27504	100	0.0546875	0.18734375	50.78125	0.9609375	0.3046875	0.12546875	308.59375	0.9765625	0.04671875	261.71875	4179.6875	0.4765625	97.65625	4648.4375	0.1015625	0.02984375	238.28125	4257.8125	0.7578125	214.84375	742.1875	0.4140625	0.11421875	425.78125	3398.4375	0.4296875	0.87109375	0.73046875	0.76328125	0.75390625	0.85234375	0.80078125	0.71640625	0.97890625	0.55078125	0.98828125	0.65234375	0.87578125	0.88515625	0.99296875	0.57421875	0.85703125	0.91796875	47.65625	19.53125	92.96875	10.15625	5.46875	47.65625	85.15625	96.09375	5.46875	92.96875	10.15625	96.09375
sim27510	100	0.4296875	0.11984375	363.28125	0.8359375	0.6796875	0.10296875	371.09375	0.3515625	0.02421875	199.21875	3554.6875	0.8515625	35.15625	2773.4375	0.7265625	0.05234375	425.78125	3632.8125	0.6328125	277.34375	3867.1875	0.7890625	0.13671875	113.28125	2773.4375	0.5546875	0.83359375	0.76796875	0.87578125	0.86640625	0.96484375	0.98828125	0.82890625	0.86640625	0.86328125	0.95078125	0.83984375	0.83828125	0.92265625	0.80546875	0.51171875	0.81953125	0.85546875	85.15625	7.03125	55.46875	72.65625	17.96875	85.15625	72.65625	83.59375	42.96875	55.46875	72.65625	83.59375
sim27525	100	0.62890625	0.176796875	91.796875	0.94921875	0.67578125	0.195078125	150.390625	0.79296875	0.093828125	111.328125	1621.09375	0.00390625	224.609375	3769.53125	0.14453125	0.113515625	310.546875	1191.40625	0.41796875	439.453125	4433.59375	0.31640625	0.116328125	345.703125	1542.96875	0.53515625	0.940234375	0.837109375	0.980078125	0.912109375	0.895703125	0.681640625	0.736328125	0.919140625	0.904296875	0.811328125	0.529296875	0.895703125	0.989453125	0.933203125	0.669921875	0.820703125	0.732421875	2.734375	8.984375	15.234375	47.265625	28.515625	84.765625	91.015625	94.921875	62.890625	87.109375	18.359375	94.921875
sim27539	100	0.78515625	0.058671875	451.171875	0.91796875	0.20703125	0.076953125	291.015625	0.13671875	0.076953125	1.953125	1464.84375	0.28515625	490.234375	488.28125	0.11328125	0.197890625	482.421875	1972.65625	0.38671875	267.578125	214.84375	0.22265625	0.065703125	142.578125	2949.21875	0.19140625	0.705859375	0.977734375	0.876953125	0.865234375	0.830078125	0.541015625	0.839453125	0.797265625	0.513671875	0.783203125	0.794921875	0.717578125	0.755078125	0.755078125	0.716796875	0.811328125	0.716796875	30.859375	62.109375	99.609375	25.390625	19.140625	69.140625	69.140625	91.796875	78.515625	21.484375	90.234375	91.796875
sim27554	100	0.26953125	0.190859375	490.234375	0.99609375	0.00390625	0.102265625	158.203125	0.05859375	0.068515625	275.390625	4980.46875	0.92578125	76.171875	3535.15625	0.50390625	0.060078125	333.984375	4707.03125	0.08984375	244.140625	4667.96875	0.20703125	0.034765625	275.390625	3027.34375	0.89453125	0.991796875	0.963671875	0.909765625	0.982421875	0.816015625	0.736328125	0.844140625	0.726953125	0.802734375	0.947265625	0.568359375	0.900390625	0.825390625	0.853515625	0.990234375	0.797265625	0.677734375	41.796875	76.171875	82.421875	36.328125	45.703125	42.578125	64.453125	99.609375	26.953125	94.921875	98.046875	99.609375
sim27556	100	0.14453125	0.123359375	177.734375	0.87109375	0.87890625	0.124765625	220.703125	0.68359375	0.091015625	212.890625	3105.46875	0.30078125	13.671875	4160.15625	0.12890625	0.037578125	21.484375	2832.03125	0.46484375	306.640625	292.96875	0.58203125	0.057265625	212.890625	3652.34375	0.01953125	0.729296875	0.926171875	0.722265625	0.794921875	0.703515625	0.548828125	0.731640625	0.839453125	0.615234375	0.984765625	0.880859375	0.787890625	0.787890625	0.741015625	0.927734375	0.909765625	0.615234375	79.296875	88.671875	69.921875	98.828125	33.203125	80.078125	76.953125	87.109375	14.453125	57.421875	35.546875	87.109375
sim27572	100	0.17578125	0.038984375	99.609375	0.90234375	0.59765625	0.175390625	267.578125	0.90234375	0.107890625	353.515625	4511.71875	0.64453125	341.796875	2128.90625	0.72265625	0.065703125	380.859375	3300.78125	0.12109375	41.015625	136.71875	0.36328125	0.175390625	228.515625	1308.59375	0.36328125	0.757421875	0.841796875	0.937890625	0.935546875	0.900390625	0.595703125	0.722265625	0.998828125	0.662109375	0.937890625	0.865234375	0.703515625	0.909765625	0.825390625	0.880859375	0.825390625	0.630859375	13.671875	29.296875	4.296875	39.453125	5.078125	1.953125	98.828125	90.234375	17.578125	10.546875	19.921875	90.234375
sim27577	100	0.61328125	0.162734375	443.359375	0.83984375	0.53515625	0.096640625	48.828125	0.58984375	0.164140625	72.265625	4199.21875	0.95703125	373.046875	1816.40625	0.03515625	0.099453125	224.609375	1113.28125	0.55859375	134.765625	2324.21875	0.55078125	0.164140625	322.265625	3496.09375	0.67578125	0.701171875	0.860546875	0.881640625	0.954296875	0.956640625	0.689453125	0.891015625	0.755078125	0.755859375	0.994140625	0.833984375	0.909765625	0.741015625	0.731640625	0.724609375	0.994140625	0.724609375	44.921875	35.546875	23.046875	83.203125	23.828125	70.703125	42.578125	83.984375	61.328125	79.296875	88.671875	83.984375
sim27595	100	0.82421875	0.181015625	361.328125	0.87890625	0.52734375	0.061484375	388.671875	0.67578125	0.050234375	443.359375	3769.53125	0.80859375	150.390625	4746.09375	0.82421875	0.064296875	142.578125	683.59375	0.05078125	458.984375	332.03125	0.15234375	0.027734375	373.046875	4316.40625	0.51171875	0.797265625	0.947265625	0.827734375	0.914453125	0.879296875	0.865234375	0.977734375	0.701171875	0.923828125	0.940234375	0.822265625	0.968359375	0.996484375	0.738671875	0.791015625	0.771484375	0.697265625	28.515625	66.015625	58.203125	5.859375	44.921875	55.859375	46.484375	87.890625	82.421875	89.453125	72.265625	87.890625
sim27606	100	0.41796875	0.152890625	1.953125	0.91015625	0.93359375	0.157109375	341.796875	0.58203125	0.112109375	333.984375	2675.78125	0.46484375	478.515625	2402.34375	0.98046875	0.081171875	95.703125	2714.84375	0.95703125	99.609375	2050.78125	0.24609375	0.190859375	232.421875	4160.15625	0.16796875	0.787890625	0.881640625	0.968359375	0.773828125	0.776171875	0.880859375	0.799609375	0.804296875	0.689453125	0.930859375	0.900390625	0.733984375	0.874609375	0.729296875	0.619140625	0.837109375	0.587890625	94.140625	6.640625	11.328125	15.234375	10.546875	96.484375	87.109375	91.015625	41.796875	73.828125	0.390625	91.015625
sim27623	100	0.90234375	0.105078125	56.640625	0.98828125	0.85546875	0.182421875	208.984375	0.72265625	0.126171875	76.171875	1191.40625	0.82421875	80.078125	4199.21875	0.40234375	0.123359375	212.890625	605.46875	0.50390625	388.671875	2753.90625	0.19921875	0.137421875	349.609375	4238.28125	0.99609375	0.914453125	0.876953125	0.926171875	0.778515625	0.790234375	0.841796875	0.804296875	0.733984375	0.994140625	0.794921875	0.736328125	0.916796875	0.944921875	0.912109375	0.830078125	0.841796875	0.548828125	83.203125	30.078125	19.140625	23.046875	37.109375	16.796875	79.296875	98.828125	90.234375	47.265625	11.328125	98.828125
sim27633	100	0.55859375	0.121953125	416.015625	0.89453125	0.26171875	0.075546875	349.609375	0.31640625	0.143046875	60.546875	722.65625	0.60546875	314.453125	292.96875	0.37109375	0.185234375	9.765625	1386.71875	0.53515625	341.796875	1972.65625	0.35546875	0.098046875	146.484375	19.53125	0.27734375	0.848828125	0.717578125	0.916796875	0.844140625	0.855859375	0.951171875	0.757421875	0.987109375	0.603515625	0.785546875	0.939453125	0.719921875	0.710546875	0.808984375	0.783203125	0.776171875	0.501953125	61.328125	76.953125	91.015625	1.171875	15.234375	26.171875	57.421875	89.453125	55.859375	56.640625	83.203125	89.453125
sim27639	100	0.93359375	0.189453125	228.515625	0.76953125	0.63671875	0.143046875	287.109375	0.94140625	0.120546875	498.046875	1347.65625	0.23046875	251.953125	2167.96875	0.99609375	0.162734375	322.265625	761.71875	0.91015625	154.296875	2597.65625	0.98046875	0.075546875	333.984375	644.53125	0.65234375	0.886328125	0.755078125	0.729296875	0.956640625	0.968359375	0.763671875	0.794921875	0.874609375	0.791015625	0.823046875	0.501953125	0.982421875	0.748046875	0.996484375	0.845703125	0.888671875	0.689453125	23.828125	89.453125	53.515625	63.671875	2.734375	88.671875	94.921875	76.953125	93.359375	94.140625	45.703125	76.953125
sim27673	100	0.59375	0.194375	171.875	0.90625	0.78125	0.171875	15.625	0.34375	0.070625	453.125	4531.25	0.34375	171.875	3281.25	0.28125	0.025625	296.875	156.25	0.84375	484.375	4218.75	0.46875	0.126875	453.125	4531.25	0.03125	0.765625	0.746875	0.971875	0.821875	0.840625	0.671875	0.878125	0.990625	0.671875	0.971875	0.890625	0.953125	0.709375	0.803125	0.640625	0.971875	0.953125	34.375	34.375	65.625	28.125	3.125	59.375	3.125	84.375	78.125	96.875	34.375	90.625
sim27683	100	0.765625	0.1184375	101.5625	0.921875	0.046875	0.1409375	242.1875	0.640625	0.1634375	39.0625	234.375	0.046875	351.5625	1640.625	0.765625	0.1746875	414.0625	2109.375	0.359375	367.1875	3359.375	0.015625	0.1971875	54.6875	1015.625	0.796875	0.7234375	0.9859375	0.7703125	0.8921875	0.8171875	0.5078125	0.7796875	0.7140625	0.8515625	0.8265625	0.7734375	0.7515625	0.9953125	0.7421875	0.6484375	0.8734375	0.7734375	54.6875	20.3125	82.8125	26.5625	35.9375	32.8125	92.1875	85.9375	4.6875	54.6875	20.3125	92.1875
sim27701	100	0.671875	0.0903125	492.1875	0.953125	0.578125	0.0228125	320.3125	0.296875	0.1915625	85.9375	390.625	0.265625	117.1875	2734.375	0.984375	0.1353125	367.1875	1015.625	0.328125	414.0625	1328.125	0.421875	0.0565625	445.3125	4609.375	0.453125	0.9578125	0.8265625	0.7796875	0.8828125	0.9015625	0.6484375	0.7515625	0.9671875	0.7421875	0.8359375	0.5390625	0.8546875	0.7421875	0.9390625	0.7265625	0.9015625	0.7890625	76.5625	73.4375	4.6875	48.4375	14.0625	23.4375	70.3125	82.8125	57.8125	39.0625	98.4375	95.3125
sim27760	100	0.0546875	0.18734375	50.78125	0.9609375	0.3046875	0.12546875	308.59375	0.9765625	0.04671875	261.71875	4179.6875	0.4765625	97.65625	4648.4375	0.1015625	0.02984375	238.28125	4257.8125	0.7578125	214.84375	742.1875	0.4140625	0.11421875	425.78125	3398.4375	0.4296875	0.87109375	0.73046875	0.76328125	0.75390625	0.85234375	0.80078125	0.71640625	0.97890625	0.55078125	0.98828125	0.65234375	0.87578125	0.88515625	0.99296875	0.57421875	0.85703125	0.91796875	47.65625	19.53125	92.96875	10.15625	5.46875	47.65625	85.15625	75.78125	30.46875	92.96875	10.15625	96.09375
sim27812	100	0.14453125	0.123359375	177.734375	0.87109375	0.87890625	0.124765625	220.703125	0.68359375	0.091015625	212.890625	3105.46875	0.30078125	13.671875	4160.15625	0.12890625	0.037578125	21.484375	2832.03125	0.46484375	306.640625	292.96875	0.58203125	0.057265625	212.890625	3652.34375	0.01953125	0.729296875	0.926171875	0.722265625	0.794921875	0.703515625	0.548828125	0.731640625	0.839453125	0.615234375	0.984765625	0.880859375	0.787890625	0.787890625	0.741015625	0.927734375	0.909765625	0.615234375	79.296875	88.671875	69.921875	98.828125	33.203125	80.078125	76.953125	89.453125	87.890625	57.421875	35.546875	87.109375
sim27895	100	0.93359375	0.189453125	228.515625	0.76953125	0.63671875	0.143046875	287.109375	0.94140625	0.120546875	498.046875	1347.65625	0.23046875	251.953125	2167.96875	0.99609375	0.162734375	322.265625	761.71875	0.91015625	154.296875	2597.65625	0.98046875	0.075546875	333.984375	644.53125	0.65234375	0.886328125	0.755078125	0.729296875	0.956640625	0.968359375	0.763671875	0.794921875	0.874609375	0.791015625	0.823046875	0.501953125	0.982421875	0.748046875	0.996484375	0.845703125	0.888671875	0.689453125	23.828125	89.453125	53.515625	63.671875	2.734375	88.671875	94.921875	98.046875	63.671875	94.140625	45.703125	76.953125
sim27919	100	0.9375	0.03125	281.25	0.9375	0.3125	0.09875	406.25	0.6875	0.09875	406.25	4687.5	0.0625	406.25	2187.5	0.4375	0.09875	468.75	1562.5	0.8125	281.25	937.5	0.0625	0.07625	31.25	937.5	0.6875	0.98125	0.90625	0.86875	0.79375	0.90625	0.53125	0.98125	0.71875	0.78125	0.98125	0.65625	0.83125	0.94375	0.90625	0.71875	0.94375	0.96875	6.25	81.25	43.75	43.75	43.75	93.75	31.25	81.25	93.75	43.75	56.25	93.75
sim27929	100	0.59375	0.194375	171.875	0.90625	0.78125	0.171875	15.625	0.34375	0.070625	453.125	4531.25	0.34375	171.875	3281.25	0.28125	0.025625	296.875	156.25	0.84375	484.375	4218.75	0.46875	0.126875	453.125	4531.25	0.03125	0.765625	0.746875	0.971875	0.821875	0.840625	0.671875	0.878125	0.990625	0.671875	0.971875	0.890625	0.953125	0.709375	0.803125	0.640625	0.971875	0.953125	34.375	34.375	65.625	28.125	3.125	59.375	3.125	84.375	59.375	84.375	34.375	90.625
sim27939	100	0.765625	0.1184375	101.5625	0.921875	0.046875	0.1409375	242.1875	0.640625	0.1634375	39.0625	234.375	0.046875	351.5625	1640.625	0.765625	0.1746875	414.0625	2109.375	0.359375	367.1875	3359.375	0.015625	0.1971875	54.6875	1015.625	0.796875	0.7234375	0.9859375	0.7703125	0.8921875	0.8171875	0.5078125	0.7796875	0.7140625	0.8515625	0.8265625	0.7734375	0.7515625	0.9953125	0.7421875	0.6484375	0.8734375	0.7734375	54.6875	20.3125	82.8125	26.5625	35.9375	32.8125	92.1875	85.9375	76.5625	67.1875	20.3125	92.1875
sim27957	100	0.671875	0.0903125	492.1875	0.953125	0.578125	0.0228125	320.3125	0.296875	0.1915625	85.9375	390.625	0.265625	117.1875	2734.375	0.984375	0.1353125	367.1875	1015.625	0.328125	414.0625	1328.125	0.421875	0.0565625	445.3125	4609.375	0.453125	0.9578125	0.8265625	0.7796875	0.8828125	0.9015625	0.6484375	0.7515625	0.9671875	0.7421875	0.8359375	0.5390625	0.8546875	0.7421875	0.9390625	0.7265625	0.9015625	0.7890625	76.5625	73.4375	4.6875	48.4375	14.0625	23.4375	70.3125	82.8125	67.1875	1.5625	98.4375	95.3125
sim28068	100	0.14453125	0.123359375	177.734375	0.87109375	0.87890625	0.124765625	220.703125	0.68359375	0.091015625	212.890625	3105.46875	0.30078125	13.671875	4160.15625	0.12890625	0.037578125	21.484375	2832.03125	0.46484375	306.640625	292.96875	0.58203125	0.057265625	212.890625	3652.34375	0.01953125	0.729296875	0.926171875	0.722265625	0.794921875	0.703515625	0.548828125	0.731640625	0.839453125	0.615234375	0.984765625	0.880859375	0.787890625	0.787890625	0.741015625	0.927734375	0.909765625	0.615234375	79.296875	88.671875	69.921875	98.828125	33.203125	80.078125	76.953125	89.453125	14.453125	58.203125	35.546875	87.109375
sim28151	100	0.93359375	0.189453125	228.515625	0.76953125	0.63671875	0.143046875	287.109375	0.94140625	0.120546875	498.046875	1347.65625	0.23046875	251.953125	2167.96875	0.99609375	0.162734375	322.265625	761.71875	0.91015625	154.296875	2597.65625	0.98046875	0.075546875	333.984375	644.53125	0.65234375	0.886328125	0.755078125	0.729296875	0.956640625	0.968359375	0.763671875	0.794921875	0.874609375	0.791015625	0.823046875	0.501953125	0.982421875	0.748046875	0.996484375	0.845703125	0.888671875	0.689453125	23.828125	89.453125	53.515625	63.671875	2.734375	88.671875	94.921875	98.046875	93.359375	68.359375	45.703125	76.953125
sim28175	100	0.9375	0.03125	281.25	0.9375	0.3125	0.09875	406.25	0.6875	0.09875	406.25	4687.5	0.0625	406.25	2187.5	0.4375	0.09875	468.75	1562.5	0.8125	281.25	937.5	0.0625	0.07625	31.25	937.5	0.6875	0.98125	0.90625	0.86875	0.79375	0.90625	0.53125	0.98125	0.71875	0.78125	0.98125	0.65625	0.83125	0.94375	0.90625	0.71875	0.94375	0.96875	6.25	81.25	43.75	43.75	43.75	93.75	31.25	81.25	93.75	6.25	81.25	93.75
sim28185	100	0.59375	0.194375	171.875	0.90625	0.78125	0.171875	15.625	0.34375	0.070625	453.125	4531.25	0.34375	171.875	3281.25	0.28125	0.025625	296.875	156.25	0.84375	484.375	4218.75	0.46875	0.126875	453.125	4531.25	0.03125	0.765625	0.746875	0.971875	0.821875	0.840625	0.671875	0.878125	0.990625	0.671875	0.971875	0.890625	0.953125	0.709375	0.803125	0.640625	0.971875	0.953125	34.375	34.375	65.625	28.125	3.125	59.375	3.125	84.375	59.375	96.875	3.125	90.625
sim28195	100	0.765625	0.1184375	101.5625	0.921875	0.046875	0.1409375	242.1875	0.640625	0.1634375	39.0625	234.375	0.046875	351.5625	1640.625	0.765625	0.1746875	414.0625	2109.375	0.359375	367.1875	3359.375	0.015625	0.1971875	54.6875	1015.625	0.796875	0.7234375	0.9859375	0.7703125	0.8921875	0.8171875	0.5078125	0.7796875	0.7140625	0.8515625	0.8265625	0.7734375	0.7515625	0.9953125	0.7421875	0.6484375	0.8734375	0.7734375	54.6875	20.3125	82.8125	26.5625	35.9375	32.8125	92.1875	85.9375	76.5625	54.6875	48.4375	92.1875
sim28272	100	0.0546875	0.18734375	50.78125	0.9609375	0.3046875	0.12546875	308.59375	0.9765625	0.04671875	261.71875	4179.6875	0.4765625	97.65625	4648.4375	0.1015625	0.02984375	238.28125	4257.8125	0.7578125	214.84375	742.1875	0.4140625	0.11421875	425.78125	3398.4375	0.4296875	0.87109375	0.73046875	0.76328125	0.75390625	0.85234375	0.80078125	0.71640625	0.97890625	0.55078125	0.98828125	0.65234375	0.87578125	0.88515625	0.99296875	0.57421875	0.85703125	0.91796875	47.65625	19.53125	92.96875	10.15625	5.46875	47.65625	85.15625	75.78125	5.46875	92.96875	61.71875	96.09375
sim28324	100	0.14453125	0.123359375	177.734375	0.87109375	0.87890625	0.124765625	220.703125	0.68359375	0.091015625	212.890625	3105.46875	0.30078125	13.671875	4160.15625	0.12890625	0.037578125	21.484375	2832.03125	0.46484375	306.640625	292.96875	0.58203125	0.057265625	212.890625	3652.34375	0.01953125	0.729296875	0.926171875	0.722265625	0.794921875	0.703515625	0.548828125	0.731640625	0.839453125	0.615234375	0.984765625	0.880859375	0.787890625	0.787890625	0.741015625	0.927734375	0.909765625	0.615234375	79.296875	88.671875	69.921875	98.828125	33.203125	80.078125	76.953125	89.453125	14.453125	57.421875	44.140625	87.109375
sim28407	100	0.93359375	0.189453125	228.515625	0.76953125	0.63671875	0.143046875	287.109375	0.94140625	0.120546875	498.046875	1347.65625	0.23046875	251.953125	2167.96875	0.99609375	0.162734375	322.265625	761.71875	0.91015625	154.296875	2597.65625	0.98046875	0.075546875	333.984375	644.53125	0.65234375	0.886328125	0.755078125	0.729296875	0.956640625	0.968359375	0.763671875	0.794921875	0.874609375	0.791015625	0.823046875	0.501953125	0.982421875	0.748046875	0.996484375	0.845703125	0.888671875	0.689453125	23.828125	89.453125	53.515625	63.671875	2.734375	88.671875	94.921875	98.046875	93.359375	94.140625	57.421875	76.953125
sim28427	100	0.8125	0.14375	218.75	0.0625	0.9375	0.07625	343.75	0.8125	0.12125	218.75	1562.5	0.9375	93.75	1562.5	0.0625	0.03125	31.25	4687.5	0.9375	343.75	2812.5	0.4375	0.05375	93.75	4062.5	0.0625	0.94375	0.94375	0.98125	0.90625	0.71875	0.59375	0.94375	0.90625	0.71875	0.71875	0.96875	0.79375	0.90625	0.94375	0.78125	0.83125	0.65625	93.75	18.75	31.25	6.25	6.25	6.25	93.75	93.75	81.25	68.75	43.75	81.25
sim28528	100	0.0546875	0.18734375	50.78125	0.9609375	0.3046875	0.12546875	308.59375	0.9765625	0.04671875	261.71875	4179.6875	0.4765625	97.65625	4648.4375	0.1015625	0.02984375	238.28125	4257.8125	0.7578125	214.84375	742.1875	0.4140625	0.11421875	425.78125	3398.4375	0.4296875	0.87109375	0.73046875	0.76328125	0.75390625	0.85234375	0.80078125	0.71640625	0.97890625	0.55078125	0.98828125	0.65234375	0.87578125	0.88515625	0.99296875	0.57421875	0.85703125	0.91796875	47.65625	19.53125	92.96875	10.15625	5.46875	47.65625	85.15625	75.78125	5.46875	92.96875	10.15625	97.65625
sim28609	100	0.51171875	0.169765625	142.578125	0.44140625	0.96484375	0.185234375	482.421875	0.98828125	0.061484375	37.109375	332.03125	0.74609375	494.140625	683.59375	0.26171875	0.143046875	423.828125	1621.09375	0.48828125	427.734375	19.53125	0.83984375	0.151484375	29.296875	2753.90625	0.07421875	0.703515625	0.853515625	0.733984375	0.858203125	0.710546875	0.521484375	0.921484375	0.757421875	0.580078125	0.808984375	0.916015625	0.762109375	0.940234375	0.832421875	0.759765625	0.940234375	0.853515625	22.265625	9.765625	26.953125	62.109375	88.671875	12.109375	2.734375	93.359375	51.171875	83.203125	28.515625	98.828125
sim28653	100	0.71484375	0.071328125	462.890625	0.42578125	0.66796875	0.058671875	177.734375	0.91015625	0.114921875	419.921875	4628.90625	0.63671875	298.828125	136.71875	0.96484375	0.022109375	494.140625	2167.96875	0.94140625	482.421875	3066.40625	0.76171875	0.036171875	5.859375	2675.78125	0.43359375	0.970703125	0.933203125	0.907421875	0.834765625	0.958984375	0.560546875	0.710546875	0.752734375	0.525390625	0.926171875	0.517578125	0.823046875	0.963671875	0.968359375	0.861328125	0.860546875	0.892578125	64.453125	98.828125	87.890625	66.796875	80.859375	73.046875	73.046875	88.671875	71.484375	28.515625	92.578125	91.015625
sim28663	100	0.93359375	0.189453125	228.515625	0.76953125	0.63671875	0.143046875	287.109375	0.94140625	0.120546875	498.046875	1347.65625	0.23046875	251.953125	2167.96875	0.99609375	0.162734375	322.265625	761.71875	0.91015625	154.296875	2597.65625	0.98046875	0.075546875	333.984375	644.53125	0.65234375	0.886328125	0.755078125	0.729296875	0.956640625	0.968359375	0.763671875	0.794921875	0.874609375	0.791015625	0.823046875	0.501953125	0.982421875	0.748046875	0.996484375	0.845703125	0.888671875	0.689453125	23.828125	89.453125	53.515625	63.671875	2.734375	88.671875	94.921875	98.046875	93.359375	94.140625	45.703125	94.140625
