Simulation,Risk_Percentage
sim1,0.0
sim2,0.0
sim3,0.0
sim4,11.11111111111111
sim5,0.0
sim6,0.0
sim7,77.77777777777779
sim8,0.0
sim9,0.0
sim10,0.0
sim11,66.66666666666666
sim12,0.0
sim13,0.0
sim14,0.0
sim15,77.77777777777779
sim16,0.0
sim17,77.77777777777779
sim18,33.33333333333333
sim19,0.0
sim20,0.0
sim21,0.0
sim22,0.0
sim23,0.0
sim24,0.0
sim25,100.0
sim26,0.0
sim27,0.0
sim28,0.0
sim29,66.66666666666666
sim30,0.0
sim31,44.44444444444444
sim32,0.0
sim33,0.0
sim34,0.0
sim35,100.0
sim36,0.0
sim37,77.77777777777779
sim38,0.0
sim39,66.66666666666666
sim40,0.0
sim41,22.22222222222222
sim42,0.0
sim43,44.44444444444444
sim44,0.0
sim45,0.0
sim46,0.0
sim47,66.66666666666666
sim48,0.0
sim49,55.55555555555556
sim50,0.0
sim51,44.44444444444444
sim52,0.0
sim53,100.0
sim54,0.0
sim55,0.0
sim56,0.0
sim57,0.0
sim58,0.0
sim59,0.0
sim60,0.0
sim61,55.55555555555556
sim62,0.0
sim63,0.0
sim64,0.0
sim65,0.0
sim66,66.66666666666666
sim67,0.0
sim68,0.0
sim69,0.0
sim70,22.22222222222222
sim71,0.0
sim72,0.0
sim73,0.0
sim74,77.77777777777779
sim75,0.0
sim76,33.33333333333333
sim77,0.0
sim78,11.11111111111111
sim79,0.0
sim80,55.55555555555556
sim81,0.0
sim82,22.22222222222222
sim83,0.0
sim84,88.88888888888889
sim85,0.0
sim86,0.0
sim87,55.55555555555556
sim88,66.66666666666666
sim89,0.0
sim90,0.0
sim91,0.0
sim92,77.77777777777779
sim93,0.0
sim94,0.0
sim95,0.0
sim96,44.44444444444444
sim97,0.0
sim98,0.0
sim99,0.0
sim100,0.0
sim101,0.0
sim102,77.77777777777779
sim103,0.0
sim104,0.0
sim105,0.0
sim106,0.0
sim107,0.0
sim108,11.11111111111111
sim109,22.22222222222222
sim110,88.88888888888889
sim111,0.0
sim112,100.0
sim113,0.0
sim114,0.0
sim115,0.0
sim116,33.33333333333333
sim117,0.0
sim118,44.44444444444444
sim119,0.0
sim120,55.55555555555556
sim121,0.0
sim122,33.33333333333333
sim123,0.0
sim124,22.22222222222222
sim125,0.0
sim126,0.0
sim127,0.0
sim128,77.77777777777779
sim129,0.0
sim130,0.0
sim131,0.0
sim132,55.55555555555556
sim133,55.55555555555556
sim134,44.44444444444444
sim135,0.0
sim136,77.77777777777779
sim137,0.0
sim138,0.0
sim139,0.0
sim140,22.22222222222222
sim141,0.0
sim142,0.0
sim143,0.0
sim144,22.22222222222222
sim145,0.0
sim146,44.44444444444444
sim147,22.22222222222222
sim148,0.0
sim149,0.0
sim150,22.22222222222222
sim151,0.0
sim152,11.11111111111111
sim153,0.0
sim154,0.0
sim155,0.0
sim156,0.0
sim157,0.0
sim158,88.88888888888889
sim159,0.0
sim160,0.0
sim161,0.0
sim162,77.77777777777779
sim163,0.0
sim164,100.0
sim165,0.0
sim166,0.0
sim167,0.0
sim168,77.77777777777779
sim169,0.0
sim170,0.0
sim171,0.0
sim172,22.22222222222222
sim173,0.0
sim174,0.0
sim175,0.0
sim176,0.0
sim177,0.0
sim178,77.77777777777779
sim179,0.0
sim180,33.33333333333333
sim181,0.0
sim182,0.0
sim183,0.0
sim184,0.0
sim185,0.0
sim186,33.33333333333333
sim187,0.0
sim188,55.55555555555556
sim189,0.0
sim190,66.66666666666666
sim191,0.0
sim192,0.0
sim193,33.33333333333333
sim194,0.0
sim195,33.33333333333333
sim196,0.0
sim197,55.55555555555556
sim198,0.0
sim199,0.0
sim200,0.0
sim201,44.44444444444444
sim202,0.0
sim203,44.44444444444444
sim204,0.0
sim205,88.88888888888889
sim206,0.0
sim207,0.0
sim208,0.0
sim209,0.0
sim210,0.0
sim211,66.66666666666666
sim212,0.0
sim213,33.33333333333333
sim214,33.33333333333333
sim215,11.11111111111111
sim216,0.0
sim217,0.0
sim218,0.0
sim219,88.88888888888889
sim220,0.0
sim221,44.44444444444444
sim222,0.0
sim223,66.66666666666666
sim224,0.0
sim225,88.88888888888889
sim226,0.0
sim227,22.22222222222222
sim228,0.0
sim229,0.0
sim230,0.0
sim231,55.55555555555556
sim232,0.0
sim233,0.0
sim234,0.0
sim235,0.0
sim236,0.0
sim237,66.66666666666666
sim238,0.0
sim239,22.22222222222222
sim240,0.0
sim241,33.33333333333333
sim242,0.0
sim243,0.0
sim244,0.0
sim245,0.0
sim246,0.0
sim247,100.0
sim248,0.0
sim249,0.0
sim250,0.0
sim251,66.66666666666666
sim252,0.0
sim253,0.0
sim254,0.0
sim255,11.11111111111111
sim256,33.33333333333333
sim257,0.0
sim258,44.44444444444444
sim259,0.0
sim260,44.44444444444444
sim261,0.0
sim262,0.0
sim263,0.0
sim264,0.0
sim265,0.0
sim266,0.0
sim267,0.0
sim268,22.22222222222222
sim269,0.0
sim270,0.0
sim271,77.77777777777779
sim272,0.0
sim273,77.77777777777779
sim274,55.55555555555556
sim275,0.0
sim276,0.0
sim277,0.0
sim278,55.55555555555556
sim279,0.0
sim280,0.0
sim281,55.55555555555556
sim282,0.0
sim283,0.0
sim284,0.0
sim285,0.0
sim286,0.0
sim287,100.0
sim288,88.88888888888889
sim289,0.0
sim290,0.0
sim291,44.44444444444444
sim292,0.0
sim293,11.11111111111111
sim294,0.0
sim295,0.0
sim296,77.77777777777779
sim297,22.22222222222222
sim298,0.0
sim299,0.0
sim300,0.0
sim301,0.0
sim302,100.0
sim303,0.0
sim304,0.0
sim305,0.0
sim306,0.0
sim307,77.77777777777779
sim308,0.0
sim309,66.66666666666666
sim310,0.0
sim311,0.0
sim312,0.0
sim313,0.0
sim314,0.0
sim315,44.44444444444444
sim316,0.0
sim317,22.22222222222222
sim318,33.33333333333333
sim319,0.0
sim320,0.0
sim321,77.77777777777779
sim322,11.11111111111111
sim323,0.0
sim324,0.0
sim325,0.0
sim326,11.11111111111111
sim327,0.0
sim328,0.0
sim329,0.0
sim330,66.66666666666666
sim331,0.0
sim332,77.77777777777779
sim333,0.0
sim334,0.0
sim335,0.0
sim336,0.0
sim337,77.77777777777779
sim338,44.44444444444444
sim339,0.0
sim340,0.0
sim341,44.44444444444444
sim342,0.0
sim343,77.77777777777779
sim344,0.0
sim345,0.0
sim346,0.0
sim347,0.0
sim348,100.0
sim349,0.0
sim350,0.0
sim351,11.11111111111111
sim352,44.44444444444444
sim353,0.0
sim354,0.0
sim355,33.33333333333333
sim356,0.0
sim357,0.0
sim358,44.44444444444444
sim359,0.0
sim360,0.0
sim361,0.0
sim362,0.0
sim363,44.44444444444444
sim364,0.0
sim365,88.88888888888889
sim366,0.0
sim367,0.0
sim368,100.0
sim369,0.0
sim370,0.0
sim371,77.77777777777779
sim372,0.0
sim373,0.0
sim374,33.33333333333333
sim375,0.0
sim376,0.0
sim377,0.0
sim378,0.0
sim379,0.0
sim380,0.0
sim381,11.11111111111111
sim382,0.0
sim383,0.0
sim384,0.0
sim385,0.0
sim386,11.11111111111111
sim387,11.11111111111111
sim388,0.0
sim389,100.0
sim390,44.44444444444444
sim391,0.0
sim392,77.77777777777779
sim393,0.0
sim394,0.0
sim395,0.0
sim396,0.0
sim397,0.0
sim398,44.44444444444444
sim399,0.0
sim400,0.0
sim401,22.22222222222222
sim402,0.0
sim403,44.44444444444444
sim404,0.0
sim405,22.22222222222222
sim406,0.0
sim407,0.0
sim408,88.88888888888889
sim409,0.0
sim410,0.0
sim411,33.33333333333333
sim412,0.0
sim413,0.0
sim414,33.33333333333333
sim415,0.0
sim416,0.0
sim417,0.0
sim418,77.77777777777779
sim419,0.0
sim420,33.33333333333333
sim421,0.0
sim422,0.0
sim423,66.66666666666666
sim424,0.0
sim425,100.0
sim426,0.0
sim427,0.0
sim428,0.0
sim429,0.0
sim430,0.0
sim431,33.33333333333333
sim432,0.0
sim433,0.0
sim434,0.0
sim435,0.0
sim436,100.0
sim437,0.0
sim438,0.0
sim439,22.22222222222222
sim440,0.0
sim441,55.55555555555556
sim442,11.11111111111111
sim443,0.0
sim444,33.33333333333333
sim445,0.0
sim446,0.0
sim447,55.55555555555556
sim448,55.55555555555556
sim449,77.77777777777779
sim450,0.0
sim451,0.0
sim452,0.0
sim453,0.0
sim454,55.55555555555556
sim455,0.0
sim456,11.11111111111111
sim457,0.0
sim458,0.0
sim459,77.77777777777779
sim460,0.0
sim461,11.11111111111111
sim462,0.0
sim463,0.0
sim464,0.0
sim465,0.0
sim466,55.55555555555556
sim467,0.0
sim468,0.0
sim469,55.55555555555556
sim470,66.66666666666666
sim471,0.0
sim472,0.0
sim473,0.0
sim474,0.0
sim475,88.88888888888889
sim476,11.11111111111111
sim477,55.55555555555556
sim478,22.22222222222222
sim479,0.0
sim480,0.0
sim481,0.0
sim482,0.0
sim483,33.33333333333333
sim484,88.88888888888889
sim485,0.0
sim486,0.0
sim487,88.88888888888889
sim488,0.0
sim489,0.0
sim490,88.88888888888889
sim491,0.0
sim492,44.44444444444444
sim493,0.0
sim494,0.0
sim495,11.11111111111111
sim496,0.0
sim497,44.44444444444444
sim498,0.0
sim499,0.0
sim500,0.0
sim501,0.0
sim502,0.0
sim503,88.88888888888889
sim504,0.0
sim505,22.22222222222222
sim506,55.55555555555556
sim507,0.0
sim508,0.0
sim509,0.0
sim510,0.0
sim511,0.0
sim512,66.66666666666666
sim513,0.0
sim514,44.44444444444444
sim515,0.0
sim516,44.44444444444444
sim517,0.0
sim518,0.0
sim519,0.0
sim520,0.0
sim521,0.0
sim522,0.0
sim523,0.0
sim524,22.22222222222222
sim525,0.0
sim526,0.0
sim527,77.77777777777779
sim528,0.0
sim529,77.77777777777779
sim530,55.55555555555556
sim531,0.0
sim532,0.0
sim533,0.0
sim534,55.55555555555556
sim535,0.0
sim536,0.0
sim537,55.55555555555556
sim538,0.0
sim539,0.0
sim540,0.0
sim541,0.0
sim542,0.0
sim543,100.0
sim544,88.88888888888889
sim545,0.0
sim546,0.0
sim547,44.44444444444444
sim548,0.0
sim549,11.11111111111111
sim550,0.0
sim551,0.0
sim552,77.77777777777779
sim553,22.22222222222222
sim554,0.0
sim555,0.0
sim556,0.0
sim557,0.0
sim558,100.0
sim559,0.0
sim560,0.0
sim561,0.0
sim562,0.0
sim563,77.77777777777779
sim564,0.0
sim565,66.66666666666666
sim566,0.0
sim567,0.0
sim568,0.0
sim569,0.0
sim570,0.0
sim571,44.44444444444444
sim572,0.0
sim573,22.22222222222222
sim574,33.33333333333333
sim575,0.0
sim576,0.0
sim577,77.77777777777779
sim578,11.11111111111111
sim579,0.0
sim580,0.0
sim581,0.0
sim582,11.11111111111111
sim583,0.0
sim584,0.0
sim585,0.0
sim586,66.66666666666666
sim587,0.0
sim588,77.77777777777779
sim589,0.0
sim590,0.0
sim591,0.0
sim592,0.0
sim593,77.77777777777779
sim594,44.44444444444444
sim595,0.0
sim596,0.0
sim597,44.44444444444444
sim598,0.0
sim599,77.77777777777779
sim600,0.0
sim601,0.0
sim602,0.0
sim603,0.0
sim604,100.0
sim605,0.0
sim606,0.0
sim607,11.11111111111111
sim608,44.44444444444444
sim609,0.0
sim610,0.0
sim611,33.33333333333333
sim612,0.0
sim613,0.0
sim614,44.44444444444444
sim615,0.0
sim616,0.0
sim617,0.0
sim618,0.0
sim619,44.44444444444444
sim620,0.0
sim621,88.88888888888889
sim622,0.0
sim623,0.0
sim624,100.0
sim625,0.0
sim626,0.0
sim627,77.77777777777779
sim628,0.0
sim629,0.0
sim630,33.33333333333333
sim631,0.0
sim632,0.0
sim633,0.0
sim634,0.0
sim635,0.0
sim636,0.0
sim637,11.11111111111111
sim638,0.0
sim639,0.0
sim640,0.0
sim641,0.0
sim642,11.11111111111111
sim643,11.11111111111111
sim644,0.0
sim645,100.0
sim646,44.44444444444444
sim647,0.0
sim648,77.77777777777779
sim649,0.0
sim650,0.0
sim651,0.0
sim652,0.0
sim653,0.0
sim654,44.44444444444444
sim655,0.0
sim656,0.0
sim657,22.22222222222222
sim658,0.0
sim659,44.44444444444444
sim660,0.0
sim661,22.22222222222222
sim662,0.0
sim663,0.0
sim664,88.88888888888889
sim665,0.0
sim666,0.0
sim667,33.33333333333333
sim668,0.0
sim669,0.0
sim670,33.33333333333333
sim671,0.0
sim672,0.0
sim673,0.0
sim674,77.77777777777779
sim675,0.0
sim676,33.33333333333333
sim677,0.0
sim678,0.0
sim679,66.66666666666666
sim680,0.0
sim681,100.0
sim682,0.0
sim683,0.0
sim684,0.0
sim685,0.0
sim686,0.0
sim687,33.33333333333333
sim688,0.0
sim689,0.0
sim690,0.0
sim691,0.0
sim692,100.0
sim693,0.0
sim694,0.0
sim695,22.22222222222222
sim696,0.0
sim697,55.55555555555556
sim698,11.11111111111111
sim699,0.0
sim700,33.33333333333333
sim701,0.0
sim702,0.0
sim703,55.55555555555556
sim704,55.55555555555556
sim705,77.77777777777779
sim706,0.0
sim707,0.0
sim708,0.0
sim709,0.0
sim710,55.55555555555556
sim711,0.0
sim712,11.11111111111111
sim713,0.0
sim714,0.0
sim715,77.77777777777779
sim716,0.0
sim717,11.11111111111111
sim718,0.0
sim719,0.0
sim720,0.0
sim721,0.0
sim722,55.55555555555556
sim723,0.0
sim724,0.0
sim725,55.55555555555556
sim726,66.66666666666666
sim727,0.0
sim728,0.0
sim729,0.0
sim730,0.0
sim731,88.88888888888889
sim732,11.11111111111111
sim733,55.55555555555556
sim734,22.22222222222222
sim735,0.0
sim736,0.0
sim737,0.0
sim738,0.0
sim739,44.44444444444444
sim740,88.88888888888889
sim741,0.0
sim742,0.0
sim743,88.88888888888889
sim744,0.0
sim745,0.0
sim746,88.88888888888889
sim747,0.0
sim748,44.44444444444444
sim749,0.0
sim750,0.0
sim751,11.11111111111111
sim752,0.0
sim753,44.44444444444444
sim754,0.0
sim755,0.0
sim756,0.0
sim757,0.0
sim758,0.0
sim759,88.88888888888889
sim760,0.0
sim761,22.22222222222222
sim762,55.55555555555556
sim763,0.0
sim764,0.0
sim765,0.0
sim766,0.0
sim767,0.0
sim768,66.66666666666666
sim769,0.0
sim770,44.44444444444444
sim771,0.0
sim772,44.44444444444444
sim773,0.0
sim774,0.0
sim775,0.0
sim776,0.0
sim777,0.0
sim778,0.0
sim779,0.0
sim780,22.22222222222222
sim781,0.0
sim782,0.0
sim783,77.77777777777779
sim784,0.0
sim785,77.77777777777779
sim786,55.55555555555556
sim787,0.0
sim788,0.0
sim789,0.0
sim790,55.55555555555556
sim791,0.0
sim792,0.0
sim793,55.55555555555556
sim794,0.0
sim795,0.0
sim796,0.0
sim797,0.0
sim798,0.0
sim799,100.0
sim800,88.88888888888889
sim801,0.0
sim802,0.0
sim803,44.44444444444444
sim804,0.0
sim805,11.11111111111111
sim806,0.0
sim807,0.0
sim808,77.77777777777779
sim809,22.22222222222222
sim810,0.0
sim811,0.0
sim812,0.0
sim813,0.0
sim814,100.0
sim815,0.0
sim816,0.0
sim817,0.0
sim818,0.0
sim819,77.77777777777779
sim820,0.0
sim821,66.66666666666666
sim822,0.0
sim823,0.0
sim824,0.0
sim825,0.0
sim826,0.0
sim827,44.44444444444444
sim828,0.0
sim829,22.22222222222222
sim830,33.33333333333333
sim831,0.0
sim832,0.0
sim833,77.77777777777779
sim834,11.11111111111111
sim835,0.0
sim836,0.0
sim837,0.0
sim838,11.11111111111111
sim839,0.0
sim840,0.0
sim841,0.0
sim842,66.66666666666666
sim843,0.0
sim844,77.77777777777779
sim845,0.0
sim846,0.0
sim847,0.0
sim848,0.0
sim849,77.77777777777779
sim850,44.44444444444444
sim851,0.0
sim852,0.0
sim853,44.44444444444444
sim854,0.0
sim855,77.77777777777779
sim856,0.0
sim857,0.0
sim858,0.0
sim859,0.0
sim860,100.0
sim861,0.0
sim862,0.0
sim863,11.11111111111111
sim864,44.44444444444444
sim865,0.0
sim866,0.0
sim867,33.33333333333333
sim868,0.0
sim869,0.0
sim870,44.44444444444444
sim871,0.0
sim872,0.0
sim873,0.0
sim874,0.0
sim875,44.44444444444444
sim876,0.0
sim877,88.88888888888889
sim878,0.0
sim879,0.0
sim880,100.0
sim881,0.0
sim882,0.0
sim883,77.77777777777779
sim884,0.0
sim885,0.0
sim886,33.33333333333333
sim887,0.0
sim888,0.0
sim889,0.0
sim890,0.0
sim891,0.0
sim892,0.0
sim893,11.11111111111111
sim894,0.0
sim895,0.0
sim896,0.0
sim897,0.0
sim898,11.11111111111111
sim899,11.11111111111111
sim900,0.0
sim901,100.0
sim902,44.44444444444444
sim903,0.0
sim904,77.77777777777779
sim905,0.0
sim906,0.0
sim907,0.0
sim908,0.0
sim909,0.0
sim910,44.44444444444444
sim911,0.0
sim912,0.0
sim913,22.22222222222222
sim914,0.0
sim915,44.44444444444444
sim916,0.0
sim917,22.22222222222222
sim918,0.0
sim919,0.0
sim920,88.88888888888889
sim921,0.0
sim922,0.0
sim923,33.33333333333333
sim924,0.0
sim925,0.0
sim926,33.33333333333333
sim927,0.0
sim928,0.0
sim929,0.0
sim930,77.77777777777779
sim931,0.0
sim932,33.33333333333333
sim933,0.0
sim934,0.0
sim935,66.66666666666666
sim936,0.0
sim937,100.0
sim938,0.0
sim939,0.0
sim940,0.0
sim941,0.0
sim942,0.0
sim943,33.33333333333333
sim944,0.0
sim945,0.0
sim946,0.0
sim947,0.0
sim948,100.0
sim949,0.0
sim950,0.0
sim951,22.22222222222222
sim952,0.0
sim953,55.55555555555556
sim954,11.11111111111111
sim955,0.0
sim956,33.33333333333333
sim957,0.0
sim958,0.0
sim959,55.55555555555556
sim960,55.55555555555556
sim961,77.77777777777779
sim962,0.0
sim963,0.0
sim964,0.0
sim965,0.0
sim966,55.55555555555556
sim967,0.0
sim968,11.11111111111111
sim969,0.0
sim970,0.0
sim971,77.77777777777779
sim972,0.0
sim973,11.11111111111111
sim974,0.0
sim975,0.0
sim976,0.0
sim977,0.0
sim978,55.55555555555556
sim979,0.0
sim980,0.0
sim981,55.55555555555556
sim982,66.66666666666666
sim983,0.0
sim984,0.0
sim985,0.0
sim986,0.0
sim987,88.88888888888889
sim988,11.11111111111111
sim989,55.55555555555556
sim990,22.22222222222222
sim991,0.0
sim992,0.0
sim993,0.0
sim994,0.0
sim995,33.33333333333333
sim996,88.88888888888889
sim997,0.0
sim998,0.0
sim999,88.88888888888889
sim1000,0.0
sim1001,0.0
sim1002,88.88888888888889
sim1003,0.0
sim1004,44.44444444444444
sim1005,0.0
sim1006,0.0
sim1007,11.11111111111111
sim1008,0.0
sim1009,44.44444444444444
sim1010,0.0
sim1011,0.0
sim1012,0.0
sim1013,0.0
sim1014,0.0
sim1015,88.88888888888889
sim1016,0.0
sim1017,22.22222222222222
sim1018,55.55555555555556
sim1019,0.0
sim1020,0.0
sim1021,0.0
sim1022,0.0
sim1023,0.0
sim1024,66.66666666666666
sim1025,0.0
sim1026,44.44444444444444
sim1027,0.0
sim1028,44.44444444444444
sim1029,0.0
sim1030,0.0
sim1031,0.0
sim1032,0.0
sim1033,0.0
sim1034,0.0
sim1035,0.0
sim1036,22.22222222222222
sim1037,0.0
sim1038,0.0
sim1039,77.77777777777779
sim1040,0.0
sim1041,77.77777777777779
sim1042,55.55555555555556
sim1043,0.0
sim1044,0.0
sim1045,0.0
sim1046,55.55555555555556
sim1047,0.0
sim1048,0.0
sim1049,55.55555555555556
sim1050,0.0
sim1051,0.0
sim1052,0.0
sim1053,0.0
sim1054,0.0
sim1055,100.0
sim1056,88.88888888888889
sim1057,0.0
sim1058,0.0
sim1059,44.44444444444444
sim1060,0.0
sim1061,11.11111111111111
sim1062,0.0
sim1063,0.0
sim1064,77.77777777777779
sim1065,22.22222222222222
sim1066,0.0
sim1067,0.0
sim1068,0.0
sim1069,0.0
sim1070,100.0
sim1071,0.0
sim1072,0.0
sim1073,0.0
sim1074,0.0
sim1075,77.77777777777779
sim1076,0.0
sim1077,66.66666666666666
sim1078,0.0
sim1079,0.0
sim1080,0.0
sim1081,0.0
sim1082,0.0
sim1083,44.44444444444444
sim1084,0.0
sim1085,22.22222222222222
sim1086,33.33333333333333
sim1087,0.0
sim1088,0.0
sim1089,77.77777777777779
sim1090,11.11111111111111
sim1091,0.0
sim1092,0.0
sim1093,0.0
sim1094,11.11111111111111
sim1095,0.0
sim1096,0.0
sim1097,0.0
sim1098,66.66666666666666
sim1099,0.0
sim1100,77.77777777777779
sim1101,0.0
sim1102,0.0
sim1103,0.0
sim1104,0.0
sim1105,77.77777777777779
sim1106,44.44444444444444
sim1107,0.0
sim1108,0.0
sim1109,44.44444444444444
sim1110,0.0
sim1111,77.77777777777779
sim1112,0.0
sim1113,0.0
sim1114,0.0
sim1115,0.0
sim1116,100.0
sim1117,0.0
sim1118,0.0
sim1119,11.11111111111111
sim1120,44.44444444444444
sim1121,0.0
sim1122,0.0
sim1123,33.33333333333333
sim1124,0.0
sim1125,0.0
sim1126,44.44444444444444
sim1127,0.0
sim1128,0.0
sim1129,0.0
sim1130,0.0
sim1131,44.44444444444444
sim1132,0.0
sim1133,88.88888888888889
sim1134,0.0
sim1135,0.0
sim1136,100.0
sim1137,0.0
sim1138,0.0
sim1139,77.77777777777779
sim1140,0.0
sim1141,0.0
sim1142,33.33333333333333
sim1143,0.0
sim1144,0.0
sim1145,0.0
sim1146,0.0
sim1147,0.0
sim1148,0.0
sim1149,11.11111111111111
sim1150,0.0
sim1151,0.0
sim1152,0.0
sim1153,0.0
sim1154,11.11111111111111
sim1155,11.11111111111111
sim1156,0.0
sim1157,100.0
sim1158,44.44444444444444
sim1159,0.0
sim1160,77.77777777777779
sim1161,0.0
sim1162,0.0
sim1163,0.0
sim1164,0.0
sim1165,0.0
sim1166,44.44444444444444
sim1167,0.0
sim1168,0.0
sim1169,22.22222222222222
sim1170,0.0
sim1171,44.44444444444444
sim1172,0.0
sim1173,22.22222222222222
sim1174,0.0
sim1175,0.0
sim1176,88.88888888888889
sim1177,0.0
sim1178,0.0
sim1179,33.33333333333333
sim1180,0.0
sim1181,0.0
sim1182,33.33333333333333
sim1183,0.0
sim1184,0.0
sim1185,0.0
sim1186,77.77777777777779
sim1187,0.0
sim1188,33.33333333333333
sim1189,0.0
sim1190,0.0
sim1191,66.66666666666666
sim1192,0.0
sim1193,100.0
sim1194,0.0
sim1195,0.0
sim1196,0.0
sim1197,0.0
sim1198,0.0
sim1199,33.33333333333333
sim1200,0.0
sim1201,0.0
sim1202,0.0
sim1203,0.0
sim1204,100.0
sim1205,0.0
sim1206,0.0
sim1207,22.22222222222222
sim1208,0.0
sim1209,55.55555555555556
sim1210,11.11111111111111
sim1211,0.0
sim1212,33.33333333333333
sim1213,0.0
sim1214,0.0
sim1215,55.55555555555556
sim1216,55.55555555555556
sim1217,77.77777777777779
sim1218,0.0
sim1219,0.0
sim1220,0.0
sim1221,0.0
sim1222,55.55555555555556
sim1223,0.0
sim1224,11.11111111111111
sim1225,0.0
sim1226,0.0
sim1227,77.77777777777779
sim1228,0.0
sim1229,11.11111111111111
sim1230,0.0
sim1231,0.0
sim1232,0.0
sim1233,0.0
sim1234,55.55555555555556
sim1235,0.0
sim1236,0.0
sim1237,55.55555555555556
sim1238,66.66666666666666
sim1239,0.0
sim1240,0.0
sim1241,0.0
sim1242,0.0
sim1243,88.88888888888889
sim1244,11.11111111111111
sim1245,55.55555555555556
sim1246,22.22222222222222
sim1247,0.0
sim1248,0.0
sim1249,0.0
sim1250,0.0
sim1251,44.44444444444444
sim1252,88.88888888888889
sim1253,0.0
sim1254,0.0
sim1255,88.88888888888889
sim1256,0.0
sim1257,0.0
sim1258,88.88888888888889
sim1259,0.0
sim1260,44.44444444444444
sim1261,0.0
sim1262,0.0
sim1263,11.11111111111111
sim1264,0.0
sim1265,44.44444444444444
sim1266,0.0
sim1267,0.0
sim1268,0.0
sim1269,0.0
sim1270,0.0
sim1271,88.88888888888889
sim1272,0.0
sim1273,22.22222222222222
sim1274,55.55555555555556
sim1275,0.0
sim1276,0.0
sim1277,0.0
sim1278,0.0
sim1279,0.0
sim1280,66.66666666666666
sim1281,0.0
sim1282,44.44444444444444
sim1283,0.0
sim1284,44.44444444444444
sim1285,0.0
sim1286,0.0
sim1287,0.0
sim1288,0.0
sim1289,0.0
sim1290,0.0
sim1291,0.0
sim1292,22.22222222222222
sim1293,0.0
sim1294,0.0
sim1295,77.77777777777779
sim1296,0.0
sim1297,77.77777777777779
sim1298,55.55555555555556
sim1299,0.0
sim1300,0.0
sim1301,0.0
sim1302,44.44444444444444
sim1303,0.0
sim1304,0.0
sim1305,55.55555555555556
sim1306,0.0
sim1307,0.0
sim1308,0.0
sim1309,0.0
sim1310,0.0
sim1311,100.0
sim1312,88.88888888888889
sim1313,0.0
sim1314,0.0
sim1315,44.44444444444444
sim1316,0.0
sim1317,11.11111111111111
sim1318,0.0
sim1319,0.0
sim1320,77.77777777777779
sim1321,22.22222222222222
sim1322,0.0
sim1323,0.0
sim1324,0.0
sim1325,0.0
sim1326,100.0
sim1327,0.0
sim1328,0.0
sim1329,0.0
sim1330,0.0
sim1331,77.77777777777779
sim1332,0.0
sim1333,66.66666666666666
sim1334,0.0
sim1335,0.0
sim1336,0.0
sim1337,0.0
sim1338,0.0
sim1339,44.44444444444444
sim1340,0.0
sim1341,22.22222222222222
sim1342,33.33333333333333
sim1343,0.0
sim1344,0.0
sim1345,77.77777777777779
sim1346,11.11111111111111
sim1347,0.0
sim1348,0.0
sim1349,0.0
sim1350,11.11111111111111
sim1351,0.0
sim1352,0.0
sim1353,0.0
sim1354,66.66666666666666
sim1355,0.0
sim1356,77.77777777777779
sim1357,0.0
sim1358,0.0
sim1359,0.0
sim1360,0.0
sim1361,77.77777777777779
sim1362,44.44444444444444
sim1363,0.0
sim1364,0.0
sim1365,44.44444444444444
sim1366,0.0
sim1367,77.77777777777779
sim1368,0.0
sim1369,0.0
sim1370,0.0
sim1371,0.0
sim1372,100.0
sim1373,0.0
sim1374,0.0
sim1375,11.11111111111111
sim1376,44.44444444444444
sim1377,0.0
sim1378,0.0
sim1379,33.33333333333333
sim1380,0.0
sim1381,0.0
sim1382,44.44444444444444
sim1383,0.0
sim1384,0.0
sim1385,0.0
sim1386,0.0
sim1387,44.44444444444444
sim1388,0.0
sim1389,88.88888888888889
sim1390,0.0
sim1391,0.0
sim1392,100.0
sim1393,0.0
sim1394,0.0
sim1395,77.77777777777779
sim1396,0.0
sim1397,0.0
sim1398,44.44444444444444
sim1399,0.0
sim1400,0.0
sim1401,0.0
sim1402,0.0
sim1403,0.0
sim1404,0.0
sim1405,11.11111111111111
sim1406,0.0
sim1407,0.0
sim1408,0.0
sim1409,0.0
sim1410,0.0
sim1411,11.11111111111111
sim1412,0.0
sim1413,100.0
sim1414,44.44444444444444
sim1415,0.0
sim1416,77.77777777777779
sim1417,0.0
sim1418,0.0
sim1419,0.0
sim1420,0.0
sim1421,0.0
sim1422,44.44444444444444
sim1423,0.0
sim1424,0.0
sim1425,22.22222222222222
sim1426,0.0
sim1427,44.44444444444444
sim1428,0.0
sim1429,22.22222222222222
sim1430,0.0
sim1431,0.0
sim1432,88.88888888888889
sim1433,0.0
sim1434,0.0
sim1435,33.33333333333333
sim1436,0.0
sim1437,0.0
sim1438,33.33333333333333
sim1439,0.0
sim1440,0.0
sim1441,0.0
sim1442,77.77777777777779
sim1443,0.0
sim1444,33.33333333333333
sim1445,0.0
sim1446,0.0
sim1447,66.66666666666666
sim1448,0.0
sim1449,100.0
sim1450,0.0
sim1451,0.0
sim1452,0.0
sim1453,0.0
sim1454,0.0
sim1455,33.33333333333333
sim1456,0.0
sim1457,0.0
sim1458,0.0
sim1459,0.0
sim1460,100.0
sim1461,0.0
sim1462,0.0
sim1463,22.22222222222222
sim1464,0.0
sim1465,55.55555555555556
sim1466,11.11111111111111
sim1467,0.0
sim1468,33.33333333333333
sim1469,0.0
sim1470,0.0
sim1471,55.55555555555556
sim1472,55.55555555555556
sim1473,77.77777777777779
sim1474,0.0
sim1475,0.0
sim1476,0.0
sim1477,0.0
sim1478,55.55555555555556
sim1479,0.0
sim1480,11.11111111111111
sim1481,0.0
sim1482,0.0
sim1483,77.77777777777779
sim1484,0.0
sim1485,22.22222222222222
sim1486,0.0
sim1487,0.0
sim1488,0.0
sim1489,0.0
sim1490,55.55555555555556
sim1491,0.0
sim1492,0.0
sim1493,55.55555555555556
sim1494,66.66666666666666
sim1495,0.0
sim1496,0.0
sim1497,0.0
sim1498,0.0
sim1499,88.88888888888889
sim1500,11.11111111111111
sim1501,55.55555555555556
sim1502,22.22222222222222
sim1503,0.0
sim1504,0.0
sim1505,0.0
sim1506,0.0
sim1507,33.33333333333333
sim1508,88.88888888888889
sim1509,0.0
sim1510,0.0
sim1511,88.88888888888889
sim1512,0.0
sim1513,0.0
sim1514,88.88888888888889
sim1515,0.0
sim1516,44.44444444444444
sim1517,0.0
sim1518,0.0
sim1519,11.11111111111111
sim1520,0.0
sim1521,44.44444444444444
sim1522,0.0
sim1523,0.0
sim1524,0.0
sim1525,0.0
sim1526,0.0
sim1527,88.88888888888889
sim1528,0.0
sim1529,22.22222222222222
sim1530,55.55555555555556
sim1531,0.0
sim1532,11.11111111111111
sim1533,0.0
sim1534,0.0
sim1535,0.0
sim1536,66.66666666666666
sim1537,0.0
sim1538,44.44444444444444
sim1539,0.0
sim1540,44.44444444444444
sim1541,0.0
sim1542,0.0
sim1543,0.0
sim1544,0.0
sim1545,0.0
sim1546,0.0
sim1547,0.0
sim1548,22.22222222222222
sim1549,0.0
sim1550,0.0
sim1551,77.77777777777779
sim1552,0.0
sim1553,77.77777777777779
sim1554,55.55555555555556
sim1555,0.0
sim1556,0.0
sim1557,0.0
sim1558,55.55555555555556
sim1559,0.0
sim1560,0.0
sim1561,55.55555555555556
sim1562,0.0
sim1563,0.0
sim1564,0.0
sim1565,0.0
sim1566,0.0
sim1567,100.0
sim1568,88.88888888888889
sim1569,0.0
sim1570,0.0
sim1571,44.44444444444444
sim1572,0.0
sim1573,11.11111111111111
sim1574,0.0
sim1575,0.0
sim1576,77.77777777777779
sim1577,22.22222222222222
sim1578,0.0
sim1579,0.0
sim1580,0.0
sim1581,0.0
sim1582,100.0
sim1583,0.0
sim1584,0.0
sim1585,0.0
sim1586,0.0
sim1587,77.77777777777779
sim1588,0.0
sim1589,66.66666666666666
sim1590,0.0
sim1591,0.0
sim1592,0.0
sim1593,0.0
sim1594,0.0
sim1595,44.44444444444444
sim1596,0.0
sim1597,22.22222222222222
sim1598,33.33333333333333
sim1599,0.0
sim1600,0.0
sim1601,77.77777777777779
sim1602,11.11111111111111
sim1603,0.0
sim1604,0.0
sim1605,0.0
sim1606,11.11111111111111
sim1607,0.0
sim1608,0.0
sim1609,0.0
sim1610,66.66666666666666
sim1611,0.0
sim1612,77.77777777777779
sim1613,0.0
sim1614,0.0
sim1615,0.0
sim1616,0.0
sim1617,77.77777777777779
sim1618,44.44444444444444
sim1619,0.0
sim1620,0.0
sim1621,44.44444444444444
sim1622,0.0
sim1623,77.77777777777779
sim1624,0.0
sim1625,0.0
sim1626,0.0
sim1627,0.0
sim1628,100.0
sim1629,0.0
sim1630,0.0
sim1631,11.11111111111111
sim1632,44.44444444444444
sim1633,0.0
sim1634,0.0
sim1635,33.33333333333333
sim1636,0.0
sim1637,0.0
sim1638,44.44444444444444
sim1639,0.0
sim1640,0.0
sim1641,0.0
sim1642,0.0
sim1643,44.44444444444444
sim1644,0.0
sim1645,88.88888888888889
sim1646,0.0
sim1647,0.0
sim1648,100.0
sim1649,0.0
sim1650,0.0
sim1651,77.77777777777779
sim1652,0.0
sim1653,0.0
sim1654,44.44444444444444
sim1655,0.0
sim1656,0.0
sim1657,0.0
sim1658,0.0
sim1659,0.0
sim1660,0.0
sim1661,11.11111111111111
sim1662,0.0
sim1663,0.0
sim1664,0.0
sim1665,0.0
sim1666,11.11111111111111
sim1667,11.11111111111111
sim1668,0.0
sim1669,100.0
sim1670,44.44444444444444
sim1671,0.0
sim1672,77.77777777777779
sim1673,0.0
sim1674,0.0
sim1675,0.0
sim1676,0.0
sim1677,0.0
sim1678,44.44444444444444
sim1679,0.0
sim1680,0.0
sim1681,22.22222222222222
sim1682,0.0
sim1683,44.44444444444444
sim1684,0.0
sim1685,22.22222222222222
sim1686,0.0
sim1687,0.0
sim1688,88.88888888888889
sim1689,0.0
sim1690,0.0
sim1691,33.33333333333333
sim1692,0.0
sim1693,0.0
sim1694,33.33333333333333
sim1695,0.0
sim1696,0.0
sim1697,0.0
sim1698,77.77777777777779
sim1699,0.0
sim1700,33.33333333333333
sim1701,0.0
sim1702,0.0
sim1703,66.66666666666666
sim1704,0.0
sim1705,100.0
sim1706,0.0
sim1707,0.0
sim1708,0.0
sim1709,0.0
sim1710,0.0
sim1711,33.33333333333333
sim1712,0.0
sim1713,0.0
sim1714,0.0
sim1715,0.0
sim1716,100.0
sim1717,0.0
sim1718,0.0
sim1719,22.22222222222222
sim1720,0.0
sim1721,55.55555555555556
sim1722,11.11111111111111
sim1723,0.0
sim1724,33.33333333333333
sim1725,0.0
sim1726,0.0
sim1727,55.55555555555556
sim1728,55.55555555555556
sim1729,77.77777777777779
sim1730,0.0
sim1731,0.0
sim1732,0.0
sim1733,0.0
sim1734,55.55555555555556
sim1735,0.0
sim1736,11.11111111111111
sim1737,0.0
sim1738,0.0
sim1739,77.77777777777779
sim1740,0.0
sim1741,11.11111111111111
sim1742,0.0
sim1743,0.0
sim1744,0.0
sim1745,0.0
sim1746,55.55555555555556
sim1747,0.0
sim1748,0.0
sim1749,55.55555555555556
sim1750,66.66666666666666
sim1751,0.0
sim1752,0.0
sim1753,0.0
sim1754,0.0
sim1755,88.88888888888889
sim1756,11.11111111111111
sim1757,55.55555555555556
sim1758,22.22222222222222
sim1759,0.0
sim1760,0.0
sim1761,0.0
sim1762,0.0
sim1763,33.33333333333333
sim1764,88.88888888888889
sim1765,0.0
sim1766,0.0
sim1767,88.88888888888889
sim1768,0.0
sim1769,0.0
sim1770,88.88888888888889
sim1771,0.0
sim1772,44.44444444444444
sim1773,0.0
sim1774,0.0
sim1775,11.11111111111111
sim1776,0.0
sim1777,44.44444444444444
sim1778,0.0
sim1779,0.0
sim1780,0.0
sim1781,0.0
sim1782,0.0
sim1783,88.88888888888889
sim1784,0.0
sim1785,22.22222222222222
sim1786,55.55555555555556
sim1787,0.0
sim1788,0.0
sim1789,0.0
sim1790,0.0
sim1791,0.0
sim1792,66.66666666666666
sim1793,0.0
sim1794,44.44444444444444
sim1795,0.0
sim1796,44.44444444444444
sim1797,0.0
sim1798,0.0
sim1799,0.0
sim1800,0.0
sim1801,0.0
sim1802,0.0
sim1803,0.0
sim1804,22.22222222222222
sim1805,0.0
sim1806,0.0
sim1807,77.77777777777779
sim1808,0.0
sim1809,77.77777777777779
sim1810,55.55555555555556
sim1811,0.0
sim1812,0.0
sim1813,0.0
sim1814,44.44444444444444
sim1815,0.0
sim1816,0.0
sim1817,55.55555555555556
sim1818,0.0
sim1819,0.0
sim1820,0.0
sim1821,0.0
sim1822,0.0
sim1823,100.0
sim1824,88.88888888888889
sim1825,0.0
sim1826,0.0
sim1827,33.33333333333333
sim1828,0.0
sim1829,11.11111111111111
sim1830,0.0
sim1831,0.0
sim1832,77.77777777777779
sim1833,22.22222222222222
sim1834,0.0
sim1835,0.0
sim1836,0.0
sim1837,0.0
sim1838,100.0
sim1839,0.0
sim1840,0.0
sim1841,0.0
sim1842,0.0
sim1843,77.77777777777779
sim1844,0.0
sim1845,66.66666666666666
sim1846,0.0
sim1847,0.0
sim1848,0.0
sim1849,0.0
sim1850,0.0
sim1851,44.44444444444444
sim1852,0.0
sim1853,22.22222222222222
sim1854,33.33333333333333
sim1855,0.0
sim1856,0.0
sim1857,77.77777777777779
sim1858,11.11111111111111
sim1859,0.0
sim1860,0.0
sim1861,0.0
sim1862,11.11111111111111
sim1863,0.0
sim1864,0.0
sim1865,0.0
sim1866,66.66666666666666
sim1867,0.0
sim1868,77.77777777777779
sim1869,0.0
sim1870,0.0
sim1871,0.0
sim1872,0.0
sim1873,77.77777777777779
sim1874,44.44444444444444
sim1875,0.0
sim1876,0.0
sim1877,44.44444444444444
sim1878,0.0
sim1879,77.77777777777779
sim1880,0.0
sim1881,0.0
sim1882,0.0
sim1883,0.0
sim1884,100.0
sim1885,0.0
sim1886,0.0
sim1887,11.11111111111111
sim1888,44.44444444444444
sim1889,0.0
sim1890,0.0
sim1891,33.33333333333333
sim1892,0.0
sim1893,0.0
sim1894,44.44444444444444
sim1895,0.0
sim1896,0.0
sim1897,0.0
sim1898,0.0
sim1899,44.44444444444444
sim1900,0.0
sim1901,88.88888888888889
sim1902,0.0
sim1903,0.0
sim1904,100.0
sim1905,0.0
sim1906,0.0
sim1907,77.77777777777779
sim1908,0.0
sim1909,0.0
sim1910,33.33333333333333
sim1911,0.0
sim1912,0.0
sim1913,0.0
sim1914,0.0
sim1915,0.0
sim1916,0.0
sim1917,11.11111111111111
sim1918,0.0
sim1919,0.0
sim1920,0.0
sim1921,0.0
sim1922,11.11111111111111
sim1923,11.11111111111111
sim1924,0.0
sim1925,100.0
sim1926,44.44444444444444
sim1927,0.0
sim1928,77.77777777777779
sim1929,0.0
sim1930,0.0
sim1931,0.0
sim1932,0.0
sim1933,0.0
sim1934,44.44444444444444
sim1935,0.0
sim1936,0.0
sim1937,22.22222222222222
sim1938,0.0
sim1939,44.44444444444444
sim1940,0.0
sim1941,22.22222222222222
sim1942,0.0
sim1943,0.0
sim1944,88.88888888888889
sim1945,0.0
sim1946,0.0
sim1947,33.33333333333333
sim1948,0.0
sim1949,0.0
sim1950,33.33333333333333
sim1951,0.0
sim1952,0.0
sim1953,0.0
sim1954,77.77777777777779
sim1955,0.0
sim1956,33.33333333333333
sim1957,0.0
sim1958,0.0
sim1959,66.66666666666666
sim1960,0.0
sim1961,100.0
sim1962,0.0
sim1963,0.0
sim1964,0.0
sim1965,0.0
sim1966,0.0
sim1967,33.33333333333333
sim1968,0.0
sim1969,0.0
sim1970,0.0
sim1971,0.0
sim1972,100.0
sim1973,0.0
sim1974,0.0
sim1975,22.22222222222222
sim1976,0.0
sim1977,55.55555555555556
sim1978,11.11111111111111
sim1979,0.0
sim1980,33.33333333333333
sim1981,0.0
sim1982,0.0
sim1983,55.55555555555556
sim1984,55.55555555555556
sim1985,77.77777777777779
sim1986,0.0
sim1987,0.0
sim1988,0.0
sim1989,0.0
sim1990,55.55555555555556
sim1991,0.0
sim1992,11.11111111111111
sim1993,0.0
sim1994,0.0
sim1995,77.77777777777779
sim1996,0.0
sim1997,11.11111111111111
sim1998,0.0
sim1999,0.0
sim2000,0.0
sim2001,0.0
sim2002,55.55555555555556
sim2003,0.0
sim2004,0.0
sim2005,55.55555555555556
sim2006,66.66666666666666
sim2007,0.0
sim2008,0.0
sim2009,0.0
sim2010,0.0
sim2011,88.88888888888889
sim2012,11.11111111111111
sim2013,55.55555555555556
sim2014,22.22222222222222
sim2015,0.0
sim2016,0.0
sim2017,0.0
sim2018,0.0
sim2019,33.33333333333333
sim2020,88.88888888888889
sim2021,0.0
sim2022,0.0
sim2023,88.88888888888889
sim2024,0.0
sim2025,0.0
sim2026,88.88888888888889
sim2027,0.0
sim2028,44.44444444444444
sim2029,0.0
sim2030,0.0
sim2031,11.11111111111111
sim2032,0.0
sim2033,44.44444444444444
sim2034,0.0
sim2035,0.0
sim2036,0.0
sim2037,0.0
sim2038,0.0
sim2039,88.88888888888889
sim2040,0.0
sim2041,22.22222222222222
sim2042,55.55555555555556
sim2043,0.0
sim2044,0.0
sim2045,0.0
sim2046,0.0
sim2047,0.0
sim2048,66.66666666666666
sim2049,0.0
sim2050,44.44444444444444
sim2051,0.0
sim2052,44.44444444444444
sim2053,0.0
sim2054,0.0
sim2055,0.0
sim2056,0.0
sim2057,0.0
sim2058,0.0
sim2059,0.0
sim2060,22.22222222222222
sim2061,0.0
sim2062,0.0
sim2063,77.77777777777779
sim2064,0.0
sim2065,77.77777777777779
sim2066,55.55555555555556
sim2067,0.0
sim2068,0.0
sim2069,0.0
sim2070,55.55555555555556
sim2071,0.0
sim2072,0.0
sim2073,55.55555555555556
sim2074,0.0
sim2075,0.0
sim2076,0.0
sim2077,0.0
sim2078,0.0
sim2079,100.0
sim2080,88.88888888888889
sim2081,0.0
sim2082,0.0
sim2083,44.44444444444444
sim2084,0.0
sim2085,11.11111111111111
sim2086,0.0
sim2087,0.0
sim2088,77.77777777777779
sim2089,22.22222222222222
sim2090,0.0
sim2091,0.0
sim2092,0.0
sim2093,0.0
sim2094,100.0
sim2095,0.0
sim2096,0.0
sim2097,0.0
sim2098,0.0
sim2099,77.77777777777779
sim2100,0.0
sim2101,66.66666666666666
sim2102,0.0
sim2103,0.0
sim2104,0.0
sim2105,0.0
sim2106,0.0
sim2107,44.44444444444444
sim2108,0.0
sim2109,22.22222222222222
sim2110,44.44444444444444
sim2111,0.0
sim2112,0.0
sim2113,77.77777777777779
sim2114,11.11111111111111
sim2115,0.0
sim2116,0.0
sim2117,0.0
sim2118,11.11111111111111
sim2119,0.0
sim2120,0.0
sim2121,0.0
sim2122,66.66666666666666
sim2123,0.0
sim2124,77.77777777777779
sim2125,0.0
sim2126,0.0
sim2127,0.0
sim2128,0.0
sim2129,77.77777777777779
sim2130,44.44444444444444
sim2131,0.0
sim2132,0.0
sim2133,44.44444444444444
sim2134,0.0
sim2135,77.77777777777779
sim2136,0.0
sim2137,0.0
sim2138,0.0
sim2139,0.0
sim2140,100.0
sim2141,0.0
sim2142,0.0
sim2143,11.11111111111111
sim2144,44.44444444444444
sim2145,0.0
sim2146,0.0
sim2147,33.33333333333333
sim2148,0.0
sim2149,0.0
sim2150,44.44444444444444
sim2151,0.0
sim2152,0.0
sim2153,0.0
sim2154,0.0
sim2155,44.44444444444444
sim2156,0.0
sim2157,88.88888888888889
sim2158,0.0
sim2159,0.0
sim2160,100.0
sim2161,0.0
sim2162,0.0
sim2163,77.77777777777779
sim2164,0.0
sim2165,0.0
sim2166,33.33333333333333
sim2167,0.0
sim2168,0.0
sim2169,0.0
sim2170,0.0
sim2171,0.0
sim2172,0.0
sim2173,11.11111111111111
sim2174,0.0
sim2175,0.0
sim2176,0.0
sim2177,0.0
sim2178,11.11111111111111
sim2179,11.11111111111111
sim2180,0.0
sim2181,100.0
sim2182,44.44444444444444
sim2183,0.0
sim2184,77.77777777777779
sim2185,0.0
sim2186,0.0
sim2187,0.0
sim2188,0.0
sim2189,0.0
sim2190,44.44444444444444
sim2191,0.0
sim2192,0.0
sim2193,22.22222222222222
sim2194,0.0
sim2195,44.44444444444444
sim2196,0.0
sim2197,22.22222222222222
sim2198,0.0
sim2199,0.0
sim2200,88.88888888888889
sim2201,0.0
sim2202,0.0
sim2203,33.33333333333333
sim2204,0.0
sim2205,0.0
sim2206,33.33333333333333
sim2207,0.0
sim2208,0.0
sim2209,0.0
sim2210,77.77777777777779
sim2211,0.0
sim2212,33.33333333333333
sim2213,0.0
sim2214,0.0
sim2215,66.66666666666666
sim2216,0.0
sim2217,100.0
sim2218,0.0
sim2219,0.0
sim2220,0.0
sim2221,0.0
sim2222,0.0
sim2223,33.33333333333333
sim2224,0.0
sim2225,0.0
sim2226,0.0
sim2227,0.0
sim2228,100.0
sim2229,0.0
sim2230,0.0
sim2231,22.22222222222222
sim2232,0.0
sim2233,55.55555555555556
sim2234,11.11111111111111
sim2235,0.0
sim2236,33.33333333333333
sim2237,0.0
sim2238,0.0
sim2239,55.55555555555556
sim2240,55.55555555555556
sim2241,77.77777777777779
sim2242,0.0
sim2243,0.0
sim2244,0.0
sim2245,0.0
sim2246,55.55555555555556
sim2247,0.0
sim2248,11.11111111111111
sim2249,0.0
sim2250,0.0
sim2251,77.77777777777779
sim2252,0.0
sim2253,11.11111111111111
sim2254,0.0
sim2255,0.0
sim2256,0.0
sim2257,0.0
sim2258,55.55555555555556
sim2259,0.0
sim2260,0.0
sim2261,55.55555555555556
sim2262,66.66666666666666
sim2263,0.0
sim2264,0.0
sim2265,0.0
sim2266,0.0
sim2267,88.88888888888889
sim2268,11.11111111111111
sim2269,55.55555555555556
sim2270,22.22222222222222
sim2271,0.0
sim2272,0.0
sim2273,0.0
sim2274,0.0
sim2275,33.33333333333333
sim2276,88.88888888888889
sim2277,0.0
sim2278,0.0
sim2279,88.88888888888889
sim2280,0.0
sim2281,0.0
sim2282,88.88888888888889
sim2283,0.0
sim2284,44.44444444444444
sim2285,0.0
sim2286,0.0
sim2287,11.11111111111111
sim2288,0.0
sim2289,44.44444444444444
sim2290,0.0
sim2291,0.0
sim2292,0.0
sim2293,0.0
sim2294,0.0
sim2295,88.88888888888889
sim2296,0.0
sim2297,22.22222222222222
sim2298,55.55555555555556
sim2299,0.0
sim2300,0.0
sim2301,0.0
sim2302,0.0
sim2303,0.0
sim2304,66.66666666666666
sim2305,0.0
sim2306,44.44444444444444
sim2307,0.0
sim2308,44.44444444444444
sim2309,0.0
sim2310,0.0
sim2311,0.0
sim2312,0.0
sim2313,0.0
sim2314,0.0
sim2315,0.0
sim2316,22.22222222222222
sim2317,0.0
sim2318,0.0
sim2319,77.77777777777779
sim2320,0.0
sim2321,77.77777777777779
sim2322,55.55555555555556
sim2323,0.0
sim2324,0.0
sim2325,0.0
sim2326,55.55555555555556
sim2327,0.0
sim2328,0.0
sim2329,55.55555555555556
sim2330,0.0
sim2331,0.0
sim2332,0.0
sim2333,0.0
sim2334,0.0
sim2335,100.0
sim2336,88.88888888888889
sim2337,0.0
sim2338,0.0
sim2339,33.33333333333333
sim2340,0.0
sim2341,11.11111111111111
sim2342,0.0
sim2343,0.0
sim2344,77.77777777777779
sim2345,22.22222222222222
sim2346,0.0
sim2347,0.0
sim2348,0.0
sim2349,0.0
sim2350,100.0
sim2351,0.0
sim2352,0.0
sim2353,0.0
sim2354,0.0
sim2355,77.77777777777779
sim2356,0.0
sim2357,66.66666666666666
sim2358,0.0
sim2359,0.0
sim2360,0.0
sim2361,0.0
sim2362,0.0
sim2363,44.44444444444444
sim2364,0.0
sim2365,22.22222222222222
sim2366,44.44444444444444
sim2367,0.0
sim2368,0.0
sim2369,77.77777777777779
sim2370,11.11111111111111
sim2371,0.0
sim2372,0.0
sim2373,0.0
sim2374,11.11111111111111
sim2375,0.0
sim2376,0.0
sim2377,0.0
sim2378,66.66666666666666
sim2379,0.0
sim2380,77.77777777777779
sim2381,0.0
sim2382,0.0
sim2383,0.0
sim2384,0.0
sim2385,77.77777777777779
sim2386,44.44444444444444
sim2387,0.0
sim2388,0.0
sim2389,44.44444444444444
sim2390,0.0
sim2391,77.77777777777779
sim2392,0.0
sim2393,0.0
sim2394,0.0
sim2395,0.0
sim2396,100.0
sim2397,0.0
sim2398,0.0
sim2399,11.11111111111111
sim2400,44.44444444444444
sim2401,0.0
sim2402,0.0
sim2403,33.33333333333333
sim2404,0.0
sim2405,0.0
sim2406,44.44444444444444
sim2407,0.0
sim2408,0.0
sim2409,0.0
sim2410,0.0
sim2411,44.44444444444444
sim2412,0.0
sim2413,88.88888888888889
sim2414,0.0
sim2415,0.0
sim2416,100.0
sim2417,0.0
sim2418,0.0
sim2419,77.77777777777779
sim2420,0.0
sim2421,0.0
sim2422,33.33333333333333
sim2423,0.0
sim2424,0.0
sim2425,0.0
sim2426,0.0
sim2427,0.0
sim2428,0.0
sim2429,11.11111111111111
sim2430,0.0
sim2431,0.0
sim2432,0.0
sim2433,0.0
sim2434,11.11111111111111
sim2435,11.11111111111111
sim2436,0.0
sim2437,100.0
sim2438,44.44444444444444
sim2439,0.0
sim2440,77.77777777777779
sim2441,0.0
sim2442,0.0
sim2443,0.0
sim2444,0.0
sim2445,0.0
sim2446,44.44444444444444
sim2447,0.0
sim2448,0.0
sim2449,22.22222222222222
sim2450,0.0
sim2451,44.44444444444444
sim2452,0.0
sim2453,22.22222222222222
sim2454,0.0
sim2455,0.0
sim2456,88.88888888888889
sim2457,0.0
sim2458,0.0
sim2459,33.33333333333333
sim2460,0.0
sim2461,0.0
sim2462,33.33333333333333
sim2463,0.0
sim2464,0.0
sim2465,0.0
sim2466,77.77777777777779
sim2467,0.0
sim2468,33.33333333333333
sim2469,0.0
sim2470,0.0
sim2471,77.77777777777779
sim2472,0.0
sim2473,100.0
sim2474,0.0
sim2475,0.0
sim2476,0.0
sim2477,0.0
sim2478,0.0
sim2479,33.33333333333333
sim2480,0.0
sim2481,0.0
sim2482,0.0
sim2483,0.0
sim2484,100.0
sim2485,0.0
sim2486,0.0
sim2487,22.22222222222222
sim2488,0.0
sim2489,55.55555555555556
sim2490,11.11111111111111
sim2491,0.0
sim2492,33.33333333333333
sim2493,0.0
sim2494,0.0
sim2495,55.55555555555556
sim2496,55.55555555555556
sim2497,77.77777777777779
sim2498,0.0
sim2499,0.0
sim2500,0.0
sim2501,0.0
sim2502,55.55555555555556
sim2503,0.0
sim2504,11.11111111111111
sim2505,0.0
sim2506,0.0
sim2507,77.77777777777779
sim2508,0.0
sim2509,11.11111111111111
sim2510,0.0
sim2511,0.0
sim2512,0.0
sim2513,0.0
sim2514,55.55555555555556
sim2515,0.0
sim2516,0.0
sim2517,55.55555555555556
sim2518,66.66666666666666
sim2519,0.0
sim2520,0.0
sim2521,0.0
sim2522,0.0
sim2523,88.88888888888889
sim2524,11.11111111111111
sim2525,55.55555555555556
sim2526,22.22222222222222
sim2527,0.0
sim2528,0.0
sim2529,0.0
sim2530,0.0
sim2531,33.33333333333333
sim2532,88.88888888888889
sim2533,0.0
sim2534,0.0
sim2535,88.88888888888889
sim2536,0.0
sim2537,0.0
sim2538,88.88888888888889
sim2539,0.0
sim2540,44.44444444444444
sim2541,0.0
sim2542,0.0
sim2543,11.11111111111111
sim2544,0.0
sim2545,44.44444444444444
sim2546,0.0
sim2547,0.0
sim2548,0.0
sim2549,0.0
sim2550,0.0
sim2551,88.88888888888889
sim2552,0.0
sim2553,22.22222222222222
sim2554,55.55555555555556
sim2555,0.0
sim2556,0.0
sim2557,0.0
sim2558,0.0
sim2559,0.0
sim2560,66.66666666666666
sim2561,0.0
sim2562,44.44444444444444
sim2563,0.0
sim2564,44.44444444444444
sim2565,0.0
sim2566,0.0
sim2567,0.0
sim2568,0.0
sim2569,0.0
sim2570,0.0
sim2571,0.0
sim2572,22.22222222222222
sim2573,0.0
sim2574,0.0
sim2575,77.77777777777779
sim2576,0.0
sim2577,77.77777777777779
sim2578,55.55555555555556
sim2579,0.0
sim2580,0.0
sim2581,0.0
sim2582,55.55555555555556
sim2583,0.0
sim2584,0.0
sim2585,55.55555555555556
sim2586,0.0
sim2587,0.0
sim2588,0.0
sim2589,0.0
sim2590,0.0
sim2591,100.0
sim2592,88.88888888888889
sim2593,0.0
sim2594,0.0
sim2595,44.44444444444444
sim2596,0.0
sim2597,11.11111111111111
sim2598,0.0
sim2599,0.0
sim2600,77.77777777777779
sim2601,22.22222222222222
sim2602,0.0
sim2603,0.0
sim2604,0.0
sim2605,0.0
sim2606,100.0
sim2607,0.0
sim2608,0.0
sim2609,0.0
sim2610,0.0
sim2611,77.77777777777779
sim2612,0.0
sim2613,66.66666666666666
sim2614,0.0
sim2615,0.0
sim2616,0.0
sim2617,0.0
sim2618,0.0
sim2619,44.44444444444444
sim2620,0.0
sim2621,22.22222222222222
sim2622,33.33333333333333
sim2623,0.0
sim2624,0.0
sim2625,77.77777777777779
sim2626,11.11111111111111
sim2627,0.0
sim2628,0.0
sim2629,0.0
sim2630,11.11111111111111
sim2631,0.0
sim2632,0.0
sim2633,0.0
sim2634,66.66666666666666
sim2635,0.0
sim2636,77.77777777777779
sim2637,0.0
sim2638,0.0
sim2639,0.0
sim2640,0.0
sim2641,77.77777777777779
sim2642,44.44444444444444
sim2643,0.0
sim2644,0.0
sim2645,44.44444444444444
sim2646,0.0
sim2647,77.77777777777779
sim2648,0.0
sim2649,0.0
sim2650,0.0
sim2651,0.0
sim2652,100.0
sim2653,0.0
sim2654,0.0
sim2655,11.11111111111111
sim2656,44.44444444444444
sim2657,0.0
sim2658,0.0
sim2659,33.33333333333333
sim2660,0.0
sim2661,0.0
sim2662,44.44444444444444
sim2663,0.0
sim2664,0.0
sim2665,0.0
sim2666,0.0
sim2667,44.44444444444444
sim2668,0.0
sim2669,88.88888888888889
sim2670,0.0
sim2671,0.0
sim2672,100.0
sim2673,0.0
sim2674,0.0
sim2675,77.77777777777779
sim2676,0.0
sim2677,0.0
sim2678,33.33333333333333
sim2679,0.0
sim2680,0.0
sim2681,0.0
sim2682,0.0
sim2683,0.0
sim2684,0.0
sim2685,11.11111111111111
sim2686,0.0
sim2687,0.0
sim2688,0.0
sim2689,0.0
sim2690,11.11111111111111
sim2691,11.11111111111111
sim2692,0.0
sim2693,100.0
sim2694,44.44444444444444
sim2695,0.0
sim2696,77.77777777777779
sim2697,0.0
sim2698,0.0
sim2699,0.0
sim2700,0.0
sim2701,0.0
sim2702,44.44444444444444
sim2703,0.0
sim2704,0.0
sim2705,22.22222222222222
sim2706,0.0
sim2707,44.44444444444444
sim2708,0.0
sim2709,22.22222222222222
sim2710,0.0
sim2711,0.0
sim2712,88.88888888888889
sim2713,0.0
sim2714,0.0
sim2715,33.33333333333333
sim2716,0.0
sim2717,0.0
sim2718,33.33333333333333
sim2719,0.0
sim2720,0.0
sim2721,0.0
sim2722,77.77777777777779
sim2723,0.0
sim2724,33.33333333333333
sim2725,0.0
sim2726,0.0
sim2727,66.66666666666666
sim2728,0.0
sim2729,100.0
sim2730,0.0
sim2731,0.0
sim2732,0.0
sim2733,0.0
sim2734,0.0
sim2735,33.33333333333333
sim2736,0.0
sim2737,0.0
sim2738,0.0
sim2739,0.0
sim2740,100.0
sim2741,0.0
sim2742,0.0
sim2743,22.22222222222222
sim2744,0.0
sim2745,55.55555555555556
sim2746,11.11111111111111
sim2747,0.0
sim2748,33.33333333333333
sim2749,0.0
sim2750,0.0
sim2751,55.55555555555556
sim2752,55.55555555555556
sim2753,77.77777777777779
sim2754,0.0
sim2755,0.0
sim2756,0.0
sim2757,0.0
sim2758,55.55555555555556
sim2759,0.0
sim2760,11.11111111111111
sim2761,0.0
sim2762,0.0
sim2763,77.77777777777779
sim2764,0.0
sim2765,11.11111111111111
sim2766,0.0
sim2767,0.0
sim2768,0.0
sim2769,0.0
sim2770,55.55555555555556
sim2771,0.0
sim2772,0.0
sim2773,55.55555555555556
sim2774,66.66666666666666
sim2775,0.0
sim2776,0.0
sim2777,0.0
sim2778,0.0
sim2779,88.88888888888889
sim2780,11.11111111111111
sim2781,55.55555555555556
sim2782,22.22222222222222
sim2783,0.0
sim2784,0.0
sim2785,0.0
sim2786,0.0
sim2787,33.33333333333333
sim2788,88.88888888888889
sim2789,0.0
sim2790,0.0
sim2791,88.88888888888889
sim2792,0.0
sim2793,0.0
sim2794,88.88888888888889
sim2795,0.0
sim2796,44.44444444444444
sim2797,0.0
sim2798,0.0
sim2799,11.11111111111111
sim2800,0.0
sim2801,44.44444444444444
sim2802,0.0
sim2803,0.0
sim2804,0.0
sim2805,0.0
sim2806,0.0
sim2807,88.88888888888889
sim2808,0.0
sim2809,22.22222222222222
sim2810,55.55555555555556
sim2811,0.0
sim2812,0.0
sim2813,0.0
sim2814,0.0
sim2815,0.0
sim2816,66.66666666666666
sim2817,0.0
sim2818,44.44444444444444
sim2819,0.0
sim2820,44.44444444444444
sim2821,0.0
sim2822,0.0
sim2823,0.0
sim2824,0.0
sim2825,0.0
sim2826,0.0
sim2827,0.0
sim2828,22.22222222222222
sim2829,0.0
sim2830,0.0
sim2831,77.77777777777779
sim2832,0.0
sim2833,77.77777777777779
sim2834,55.55555555555556
sim2835,0.0
sim2836,0.0
sim2837,0.0
sim2838,44.44444444444444
sim2839,0.0
sim2840,0.0
sim2841,55.55555555555556
sim2842,0.0
sim2843,0.0
sim2844,0.0
sim2845,0.0
sim2846,0.0
sim2847,100.0
sim2848,88.88888888888889
sim2849,0.0
sim2850,0.0
sim2851,44.44444444444444
sim2852,0.0
sim2853,11.11111111111111
sim2854,0.0
sim2855,0.0
sim2856,77.77777777777779
sim2857,22.22222222222222
sim2858,0.0
sim2859,0.0
sim2860,0.0
sim2861,0.0
sim2862,100.0
sim2863,0.0
sim2864,0.0
sim2865,0.0
sim2866,0.0
sim2867,77.77777777777779
sim2868,0.0
sim2869,66.66666666666666
sim2870,0.0
sim2871,0.0
sim2872,0.0
sim2873,0.0
sim2874,0.0
sim2875,44.44444444444444
sim2876,0.0
sim2877,22.22222222222222
sim2878,33.33333333333333
sim2879,0.0
sim2880,0.0
sim2881,77.77777777777779
sim2882,11.11111111111111
sim2883,0.0
sim2884,0.0
sim2885,0.0
sim2886,11.11111111111111
sim2887,0.0
sim2888,0.0
sim2889,0.0
sim2890,66.66666666666666
sim2891,0.0
sim2892,77.77777777777779
sim2893,0.0
sim2894,0.0
sim2895,0.0
sim2896,0.0
sim2897,77.77777777777779
sim2898,44.44444444444444
sim2899,0.0
sim2900,0.0
sim2901,44.44444444444444
sim2902,0.0
sim2903,77.77777777777779
sim2904,0.0
sim2905,0.0
sim2906,0.0
sim2907,0.0
sim2908,100.0
sim2909,0.0
sim2910,0.0
sim2911,11.11111111111111
sim2912,44.44444444444444
sim2913,0.0
sim2914,0.0
sim2915,33.33333333333333
sim2916,0.0
sim2917,0.0
sim2918,44.44444444444444
sim2919,0.0
sim2920,0.0
sim2921,0.0
sim2922,0.0
sim2923,44.44444444444444
sim2924,0.0
sim2925,88.88888888888889
sim2926,0.0
sim2927,0.0
sim2928,100.0
sim2929,0.0
sim2930,0.0
sim2931,77.77777777777779
sim2932,0.0
sim2933,0.0
sim2934,33.33333333333333
sim2935,0.0
sim2936,0.0
sim2937,0.0
sim2938,0.0
sim2939,0.0
sim2940,0.0
sim2941,11.11111111111111
sim2942,0.0
sim2943,0.0
sim2944,0.0
sim2945,0.0
sim2946,0.0
sim2947,11.11111111111111
sim2948,0.0
sim2949,100.0
sim2950,44.44444444444444
sim2951,0.0
sim2952,77.77777777777779
sim2953,0.0
sim2954,0.0
sim2955,0.0
sim2956,0.0
sim2957,0.0
sim2958,44.44444444444444
sim2959,0.0
sim2960,0.0
sim2961,22.22222222222222
sim2962,0.0
sim2963,44.44444444444444
sim2964,0.0
sim2965,22.22222222222222
sim2966,0.0
sim2967,0.0
sim2968,88.88888888888889
sim2969,0.0
sim2970,0.0
sim2971,33.33333333333333
sim2972,0.0
sim2973,0.0
sim2974,33.33333333333333
sim2975,0.0
sim2976,0.0
sim2977,0.0
sim2978,77.77777777777779
sim2979,0.0
sim2980,33.33333333333333
sim2981,0.0
sim2982,0.0
sim2983,66.66666666666666
sim2984,0.0
sim2985,100.0
sim2986,0.0
sim2987,0.0
sim2988,0.0
sim2989,0.0
sim2990,0.0
sim2991,33.33333333333333
sim2992,0.0
sim2993,0.0
sim2994,0.0
sim2995,0.0
sim2996,100.0
sim2997,0.0
sim2998,0.0
sim2999,22.22222222222222
sim3000,0.0
sim3001,55.55555555555556
sim3002,11.11111111111111
sim3003,0.0
sim3004,33.33333333333333
sim3005,0.0
sim3006,0.0
sim3007,55.55555555555556
sim3008,55.55555555555556
sim3009,77.77777777777779
sim3010,0.0
sim3011,0.0
sim3012,0.0
sim3013,0.0
sim3014,55.55555555555556
sim3015,0.0
sim3016,11.11111111111111
sim3017,0.0
sim3018,0.0
sim3019,77.77777777777779
sim3020,0.0
sim3021,11.11111111111111
sim3022,0.0
sim3023,0.0
sim3024,0.0
sim3025,0.0
sim3026,55.55555555555556
sim3027,0.0
sim3028,0.0
sim3029,55.55555555555556
sim3030,66.66666666666666
sim3031,0.0
sim3032,0.0
sim3033,0.0
sim3034,0.0
sim3035,88.88888888888889
sim3036,11.11111111111111
sim3037,55.55555555555556
sim3038,22.22222222222222
sim3039,0.0
sim3040,0.0
sim3041,0.0
sim3042,0.0
sim3043,33.33333333333333
sim3044,88.88888888888889
sim3045,0.0
sim3046,0.0
sim3047,88.88888888888889
sim3048,0.0
sim3049,0.0
sim3050,88.88888888888889
sim3051,0.0
sim3052,44.44444444444444
sim3053,0.0
sim3054,0.0
sim3055,11.11111111111111
sim3056,0.0
sim3057,44.44444444444444
sim3058,0.0
sim3059,0.0
sim3060,0.0
sim3061,0.0
sim3062,0.0
sim3063,88.88888888888889
sim3064,0.0
sim3065,22.22222222222222
sim3066,55.55555555555556
sim3067,0.0
sim3068,0.0
sim3069,0.0
sim3070,0.0
sim3071,0.0
sim3072,66.66666666666666
sim3073,0.0
sim3074,44.44444444444444
sim3075,0.0
sim3076,44.44444444444444
sim3077,0.0
sim3078,0.0
sim3079,0.0
sim3080,0.0
sim3081,0.0
sim3082,0.0
sim3083,0.0
sim3084,22.22222222222222
sim3085,0.0
sim3086,0.0
sim3087,77.77777777777779
sim3088,0.0
sim3089,77.77777777777779
sim3090,55.55555555555556
sim3091,0.0
sim3092,0.0
sim3093,0.0
sim3094,55.55555555555556
sim3095,0.0
sim3096,0.0
sim3097,55.55555555555556
sim3098,0.0
sim3099,0.0
sim3100,0.0
sim3101,0.0
sim3102,0.0
sim3103,100.0
sim3104,88.88888888888889
sim3105,0.0
sim3106,0.0
sim3107,44.44444444444444
sim3108,0.0
sim3109,11.11111111111111
sim3110,0.0
sim3111,0.0
sim3112,77.77777777777779
sim3113,22.22222222222222
sim3114,0.0
sim3115,0.0
sim3116,0.0
sim3117,0.0
sim3118,100.0
sim3119,0.0
sim3120,0.0
sim3121,0.0
sim3122,0.0
sim3123,77.77777777777779
sim3124,0.0
sim3125,66.66666666666666
sim3126,0.0
sim3127,0.0
sim3128,0.0
sim3129,0.0
sim3130,0.0
sim3131,33.33333333333333
sim3132,0.0
sim3133,22.22222222222222
sim3134,33.33333333333333
sim3135,0.0
sim3136,0.0
sim3137,77.77777777777779
sim3138,11.11111111111111
sim3139,0.0
sim3140,0.0
sim3141,0.0
sim3142,11.11111111111111
sim3143,0.0
sim3144,0.0
sim3145,0.0
sim3146,66.66666666666666
sim3147,0.0
sim3148,77.77777777777779
sim3149,0.0
sim3150,0.0
sim3151,0.0
sim3152,0.0
sim3153,77.77777777777779
sim3154,44.44444444444444
sim3155,0.0
sim3156,0.0
sim3157,44.44444444444444
sim3158,0.0
sim3159,77.77777777777779
sim3160,0.0
sim3161,0.0
sim3162,0.0
sim3163,0.0
sim3164,100.0
sim3165,0.0
sim3166,0.0
sim3167,11.11111111111111
sim3168,44.44444444444444
sim3169,0.0
sim3170,0.0
sim3171,33.33333333333333
sim3172,11.11111111111111
sim3173,0.0
sim3174,44.44444444444444
sim3175,0.0
sim3176,0.0
sim3177,0.0
sim3178,0.0
sim3179,44.44444444444444
sim3180,0.0
sim3181,88.88888888888889
sim3182,0.0
sim3183,0.0
sim3184,100.0
sim3185,0.0
sim3186,0.0
sim3187,77.77777777777779
sim3188,0.0
sim3189,0.0
sim3190,33.33333333333333
sim3191,0.0
sim3192,0.0
sim3193,0.0
sim3194,0.0
sim3195,0.0
sim3196,0.0
sim3197,11.11111111111111
sim3198,0.0
sim3199,0.0
sim3200,0.0
sim3201,0.0
sim3202,0.0
sim3203,11.11111111111111
sim3204,0.0
sim3205,100.0
sim3206,44.44444444444444
sim3207,0.0
sim3208,77.77777777777779
sim3209,0.0
sim3210,0.0
sim3211,11.11111111111111
sim3212,0.0
sim3213,0.0
sim3214,44.44444444444444
sim3215,0.0
sim3216,0.0
sim3217,22.22222222222222
sim3218,0.0
sim3219,44.44444444444444
sim3220,0.0
sim3221,22.22222222222222
sim3222,0.0
sim3223,0.0
sim3224,88.88888888888889
sim3225,0.0
sim3226,0.0
sim3227,33.33333333333333
sim3228,0.0
sim3229,0.0
sim3230,33.33333333333333
sim3231,0.0
sim3232,0.0
sim3233,0.0
sim3234,77.77777777777779
sim3235,0.0
sim3236,33.33333333333333
sim3237,0.0
sim3238,0.0
sim3239,66.66666666666666
sim3240,0.0
sim3241,100.0
sim3242,0.0
sim3243,0.0
sim3244,0.0
sim3245,0.0
sim3246,0.0
sim3247,33.33333333333333
sim3248,0.0
sim3249,0.0
sim3250,0.0
sim3251,0.0
sim3252,100.0
sim3253,0.0
sim3254,0.0
sim3255,22.22222222222222
sim3256,0.0
sim3257,55.55555555555556
sim3258,11.11111111111111
sim3259,0.0
sim3260,33.33333333333333
sim3261,0.0
sim3262,0.0
sim3263,55.55555555555556
sim3264,55.55555555555556
sim3265,77.77777777777779
sim3266,0.0
sim3267,0.0
sim3268,0.0
sim3269,0.0
sim3270,55.55555555555556
sim3271,0.0
sim3272,11.11111111111111
sim3273,0.0
sim3274,0.0
sim3275,77.77777777777779
sim3276,0.0
sim3277,11.11111111111111
sim3278,0.0
sim3279,0.0
sim3280,0.0
sim3281,0.0
sim3282,55.55555555555556
sim3283,0.0
sim3284,0.0
sim3285,55.55555555555556
sim3286,66.66666666666666
sim3287,0.0
sim3288,0.0
sim3289,0.0
sim3290,0.0
sim3291,88.88888888888889
sim3292,11.11111111111111
sim3293,55.55555555555556
sim3294,22.22222222222222
sim3295,0.0
sim3296,0.0
sim3297,0.0
sim3298,0.0
sim3299,33.33333333333333
sim3300,88.88888888888889
sim3301,0.0
sim3302,0.0
sim3303,88.88888888888889
sim3304,0.0
sim3305,0.0
sim3306,88.88888888888889
sim3307,0.0
sim3308,44.44444444444444
sim3309,0.0
sim3310,0.0
sim3311,11.11111111111111
sim3312,0.0
sim3313,44.44444444444444
sim3314,0.0
sim3315,0.0
sim3316,0.0
sim3317,0.0
sim3318,0.0
sim3319,88.88888888888889
sim3320,0.0
sim3321,22.22222222222222
sim3322,55.55555555555556
sim3323,0.0
sim3324,0.0
sim3325,0.0
sim3326,0.0
sim3327,0.0
sim3328,66.66666666666666
sim3329,0.0
sim3330,44.44444444444444
sim3331,0.0
sim3332,44.44444444444444
sim3333,0.0
sim3334,0.0
sim3335,0.0
sim3336,0.0
sim3337,0.0
sim3338,0.0
sim3339,0.0
sim3340,22.22222222222222
sim3341,0.0
sim3342,0.0
sim3343,77.77777777777779
sim3344,0.0
sim3345,77.77777777777779
sim3346,55.55555555555556
sim3347,0.0
sim3348,0.0
sim3349,0.0
sim3350,55.55555555555556
sim3351,0.0
sim3352,0.0
sim3353,55.55555555555556
sim3354,0.0
sim3355,0.0
sim3356,0.0
sim3357,0.0
sim3358,0.0
sim3359,100.0
sim3360,88.88888888888889
sim3361,0.0
sim3362,0.0
sim3363,44.44444444444444
sim3364,0.0
sim3365,11.11111111111111
sim3366,0.0
sim3367,0.0
sim3368,77.77777777777779
sim3369,22.22222222222222
sim3370,0.0
sim3371,0.0
sim3372,0.0
sim3373,0.0
sim3374,100.0
sim3375,0.0
sim3376,0.0
sim3377,0.0
sim3378,0.0
sim3379,77.77777777777779
sim3380,0.0
sim3381,66.66666666666666
sim3382,0.0
sim3383,0.0
sim3384,0.0
sim3385,0.0
sim3386,0.0
sim3387,33.33333333333333
sim3388,0.0
sim3389,22.22222222222222
sim3390,33.33333333333333
sim3391,0.0
sim3392,0.0
sim3393,77.77777777777779
sim3394,11.11111111111111
sim3395,0.0
sim3396,0.0
sim3397,0.0
sim3398,44.44444444444444
sim3399,0.0
sim3400,0.0
sim3401,0.0
sim3402,66.66666666666666
sim3403,0.0
sim3404,77.77777777777779
sim3405,0.0
sim3406,0.0
sim3407,0.0
sim3408,0.0
sim3409,77.77777777777779
sim3410,44.44444444444444
sim3411,0.0
sim3412,0.0
sim3413,44.44444444444444
sim3414,0.0
sim3415,77.77777777777779
sim3416,0.0
sim3417,0.0
sim3418,0.0
sim3419,0.0
sim3420,100.0
sim3421,0.0
sim3422,0.0
sim3423,11.11111111111111
sim3424,44.44444444444444
sim3425,0.0
sim3426,0.0
sim3427,33.33333333333333
sim3428,0.0
sim3429,0.0
sim3430,44.44444444444444
sim3431,0.0
sim3432,0.0
sim3433,0.0
sim3434,0.0
sim3435,44.44444444444444
sim3436,0.0
sim3437,88.88888888888889
sim3438,0.0
sim3439,0.0
sim3440,100.0
sim3441,0.0
sim3442,0.0
sim3443,77.77777777777779
sim3444,0.0
sim3445,0.0
sim3446,44.44444444444444
sim3447,0.0
sim3448,0.0
sim3449,0.0
sim3450,0.0
sim3451,0.0
sim3452,0.0
sim3453,11.11111111111111
sim3454,0.0
sim3455,0.0
sim3456,0.0
sim3457,0.0
sim3458,11.11111111111111
sim3459,11.11111111111111
sim3460,0.0
sim3461,100.0
sim3462,44.44444444444444
sim3463,0.0
sim3464,77.77777777777779
sim3465,0.0
sim3466,0.0
sim3467,0.0
sim3468,0.0
sim3469,0.0
sim3470,44.44444444444444
sim3471,0.0
sim3472,0.0
sim3473,11.11111111111111
sim3474,0.0
sim3475,44.44444444444444
sim3476,0.0
sim3477,22.22222222222222
sim3478,0.0
sim3479,0.0
sim3480,88.88888888888889
sim3481,0.0
sim3482,0.0
sim3483,33.33333333333333
sim3484,0.0
sim3485,0.0
sim3486,33.33333333333333
sim3487,0.0
sim3488,0.0
sim3489,0.0
sim3490,77.77777777777779
sim3491,0.0
sim3492,33.33333333333333
sim3493,0.0
sim3494,0.0
sim3495,66.66666666666666
sim3496,0.0
sim3497,100.0
sim3498,0.0
sim3499,0.0
sim3500,0.0
sim3501,0.0
sim3502,0.0
sim3503,33.33333333333333
sim3504,0.0
sim3505,0.0
sim3506,0.0
sim3507,0.0
sim3508,100.0
sim3509,0.0
sim3510,0.0
sim3511,22.22222222222222
sim3512,0.0
sim3513,55.55555555555556
sim3514,11.11111111111111
sim3515,0.0
sim3516,33.33333333333333
sim3517,0.0
sim3518,0.0
sim3519,55.55555555555556
sim3520,55.55555555555556
sim3521,77.77777777777779
sim3522,0.0
sim3523,0.0
sim3524,0.0
sim3525,0.0
sim3526,55.55555555555556
sim3527,0.0
sim3528,11.11111111111111
sim3529,0.0
sim3530,0.0
sim3531,77.77777777777779
sim3532,0.0
sim3533,11.11111111111111
sim3534,0.0
sim3535,0.0
sim3536,0.0
sim3537,0.0
sim3538,55.55555555555556
sim3539,0.0
sim3540,0.0
sim3541,55.55555555555556
sim3542,66.66666666666666
sim3543,0.0
sim3544,0.0
sim3545,0.0
sim3546,0.0
sim3547,88.88888888888889
sim3548,11.11111111111111
sim3549,55.55555555555556
sim3550,22.22222222222222
sim3551,0.0
sim3552,0.0
sim3553,0.0
sim3554,0.0
sim3555,33.33333333333333
sim3556,88.88888888888889
sim3557,0.0
sim3558,0.0
sim3559,88.88888888888889
sim3560,0.0
sim3561,0.0
sim3562,88.88888888888889
sim3563,0.0
sim3564,44.44444444444444
sim3565,0.0
sim3566,0.0
sim3567,11.11111111111111
sim3568,0.0
sim3569,44.44444444444444
sim3570,0.0
sim3571,0.0
sim3572,0.0
sim3573,0.0
sim3574,0.0
sim3575,88.88888888888889
sim3576,0.0
sim3577,22.22222222222222
sim3578,55.55555555555556
sim3579,0.0
sim3580,0.0
sim3581,0.0
sim3582,0.0
sim3583,0.0
sim3584,66.66666666666666
sim3585,0.0
sim3586,44.44444444444444
sim3587,0.0
sim3588,44.44444444444444
sim3589,0.0
sim3590,0.0
sim3591,0.0
sim3592,0.0
sim3593,0.0
sim3594,0.0
sim3595,0.0
sim3596,22.22222222222222
sim3597,0.0
sim3598,0.0
sim3599,77.77777777777779
sim3600,0.0
sim3601,77.77777777777779
sim3602,55.55555555555556
sim3603,0.0
sim3604,0.0
sim3605,0.0
sim3606,55.55555555555556
sim3607,0.0
sim3608,0.0
sim3609,55.55555555555556
sim3610,0.0
sim3611,0.0
sim3612,0.0
sim3613,0.0
sim3614,0.0
sim3615,100.0
sim3616,88.88888888888889
sim3617,0.0
sim3618,0.0
sim3619,44.44444444444444
sim3620,0.0
sim3621,11.11111111111111
sim3622,0.0
sim3623,0.0
sim3624,77.77777777777779
sim3625,22.22222222222222
sim3626,0.0
sim3627,0.0
sim3628,0.0
sim3629,0.0
sim3630,100.0
sim3631,0.0
sim3632,0.0
sim3633,0.0
sim3634,0.0
sim3635,77.77777777777779
sim3636,0.0
sim3637,66.66666666666666
sim3638,0.0
sim3639,0.0
sim3640,0.0
sim3641,0.0
sim3642,0.0
sim3643,44.44444444444444
sim3644,0.0
sim3645,22.22222222222222
sim3646,33.33333333333333
sim3647,0.0
sim3648,0.0
sim3649,77.77777777777779
sim3650,11.11111111111111
sim3651,0.0
sim3652,0.0
sim3653,0.0
sim3654,11.11111111111111
sim3655,0.0
sim3656,0.0
sim3657,0.0
sim3658,66.66666666666666
sim3659,0.0
sim3660,77.77777777777779
sim3661,0.0
sim3662,0.0
sim3663,0.0
sim3664,0.0
sim3665,77.77777777777779
sim3666,44.44444444444444
sim3667,0.0
sim3668,0.0
sim3669,44.44444444444444
sim3670,0.0
sim3671,77.77777777777779
sim3672,0.0
sim3673,0.0
sim3674,0.0
sim3675,0.0
sim3676,100.0
sim3677,0.0
sim3678,0.0
sim3679,11.11111111111111
sim3680,44.44444444444444
sim3681,0.0
sim3682,0.0
sim3683,33.33333333333333
sim3684,0.0
sim3685,0.0
sim3686,44.44444444444444
sim3687,0.0
sim3688,0.0
sim3689,0.0
sim3690,0.0
sim3691,44.44444444444444
sim3692,0.0
sim3693,88.88888888888889
sim3694,0.0
sim3695,0.0
sim3696,100.0
sim3697,0.0
sim3698,0.0
sim3699,77.77777777777779
sim3700,0.0
sim3701,0.0
sim3702,33.33333333333333
sim3703,0.0
sim3704,0.0
sim3705,0.0
sim3706,0.0
sim3707,0.0
sim3708,0.0
sim3709,11.11111111111111
sim3710,0.0
sim3711,0.0
sim3712,0.0
sim3713,0.0
sim3714,11.11111111111111
sim3715,11.11111111111111
sim3716,0.0
sim3717,100.0
sim3718,44.44444444444444
sim3719,0.0
sim3720,77.77777777777779
sim3721,0.0
sim3722,0.0
sim3723,0.0
sim3724,0.0
sim3725,0.0
sim3726,44.44444444444444
sim3727,0.0
sim3728,0.0
sim3729,22.22222222222222
sim3730,0.0
sim3731,44.44444444444444
sim3732,0.0
sim3733,22.22222222222222
sim3734,0.0
sim3735,0.0
sim3736,88.88888888888889
sim3737,0.0
sim3738,0.0
sim3739,33.33333333333333
sim3740,0.0
sim3741,0.0
sim3742,33.33333333333333
sim3743,0.0
sim3744,0.0
sim3745,0.0
sim3746,77.77777777777779
sim3747,0.0
sim3748,33.33333333333333
sim3749,0.0
sim3750,0.0
sim3751,66.66666666666666
sim3752,0.0
sim3753,100.0
sim3754,0.0
sim3755,0.0
sim3756,0.0
sim3757,0.0
sim3758,0.0
sim3759,33.33333333333333
sim3760,0.0
sim3761,0.0
sim3762,0.0
sim3763,0.0
sim3764,100.0
sim3765,0.0
sim3766,0.0
sim3767,22.22222222222222
sim3768,0.0
sim3769,55.55555555555556
sim3770,11.11111111111111
sim3771,0.0
sim3772,33.33333333333333
sim3773,0.0
sim3774,0.0
sim3775,55.55555555555556
sim3776,55.55555555555556
sim3777,77.77777777777779
sim3778,0.0
sim3779,0.0
sim3780,0.0
sim3781,0.0
sim3782,55.55555555555556
sim3783,0.0
sim3784,11.11111111111111
sim3785,0.0
sim3786,0.0
sim3787,77.77777777777779
sim3788,0.0
sim3789,11.11111111111111
sim3790,0.0
sim3791,0.0
sim3792,0.0
sim3793,0.0
sim3794,55.55555555555556
sim3795,0.0
sim3796,0.0
sim3797,55.55555555555556
sim3798,66.66666666666666
sim3799,0.0
sim3800,0.0
sim3801,0.0
sim3802,0.0
sim3803,88.88888888888889
sim3804,11.11111111111111
sim3805,55.55555555555556
sim3806,22.22222222222222
sim3807,0.0
sim3808,0.0
sim3809,0.0
sim3810,0.0
sim3811,33.33333333333333
sim3812,88.88888888888889
sim3813,0.0
sim3814,0.0
sim3815,88.88888888888889
sim3816,0.0
sim3817,0.0
sim3818,88.88888888888889
sim3819,0.0
sim3820,44.44444444444444
sim3821,0.0
sim3822,0.0
sim3823,11.11111111111111
sim3824,0.0
sim3825,44.44444444444444
sim3826,0.0
sim3827,0.0
sim3828,0.0
sim3829,0.0
sim3830,0.0
sim3831,88.88888888888889
sim3832,0.0
sim3833,22.22222222222222
sim3834,55.55555555555556
sim3835,0.0
sim3836,0.0
sim3837,0.0
sim3838,0.0
sim3839,0.0
sim3840,66.66666666666666
sim3841,0.0
sim3842,44.44444444444444
sim3843,0.0
sim3844,44.44444444444444
sim3845,0.0
sim3846,0.0
sim3847,0.0
sim3848,0.0
sim3849,0.0
sim3850,0.0
sim3851,0.0
sim3852,22.22222222222222
sim3853,0.0
sim3854,0.0
sim3855,77.77777777777779
sim3856,0.0
sim3857,77.77777777777779
sim3858,55.55555555555556
sim3859,0.0
sim3860,0.0
sim3861,0.0
sim3862,55.55555555555556
sim3863,0.0
sim3864,0.0
sim3865,55.55555555555556
sim3866,0.0
sim3867,0.0
sim3868,0.0
sim3869,0.0
sim3870,0.0
sim3871,100.0
sim3872,88.88888888888889
sim3873,0.0
sim3874,0.0
sim3875,44.44444444444444
sim3876,0.0
sim3877,11.11111111111111
sim3878,0.0
sim3879,0.0
sim3880,77.77777777777779
sim3881,22.22222222222222
sim3882,0.0
sim3883,0.0
sim3884,0.0
sim3885,0.0
sim3886,100.0
sim3887,0.0
sim3888,0.0
sim3889,0.0
sim3890,0.0
sim3891,77.77777777777779
sim3892,0.0
sim3893,66.66666666666666
sim3894,0.0
sim3895,0.0
sim3896,0.0
sim3897,0.0
sim3898,0.0
sim3899,44.44444444444444
sim3900,0.0
sim3901,22.22222222222222
sim3902,33.33333333333333
sim3903,0.0
sim3904,0.0
sim3905,77.77777777777779
sim3906,11.11111111111111
sim3907,0.0
sim3908,0.0
sim3909,0.0
sim3910,11.11111111111111
sim3911,0.0
sim3912,0.0
sim3913,0.0
sim3914,66.66666666666666
sim3915,0.0
sim3916,77.77777777777779
sim3917,0.0
sim3918,0.0
sim3919,0.0
sim3920,0.0
sim3921,77.77777777777779
sim3922,44.44444444444444
sim3923,0.0
sim3924,0.0
sim3925,44.44444444444444
sim3926,0.0
sim3927,77.77777777777779
sim3928,0.0
sim3929,0.0
sim3930,0.0
sim3931,0.0
sim3932,100.0
sim3933,0.0
sim3934,0.0
sim3935,11.11111111111111
sim3936,44.44444444444444
sim3937,0.0
sim3938,0.0
sim3939,33.33333333333333
sim3940,0.0
sim3941,0.0
sim3942,44.44444444444444
sim3943,0.0
sim3944,0.0
sim3945,0.0
sim3946,0.0
sim3947,44.44444444444444
sim3948,0.0
sim3949,88.88888888888889
sim3950,0.0
sim3951,0.0
sim3952,100.0
sim3953,0.0
sim3954,0.0
sim3955,77.77777777777779
sim3956,0.0
sim3957,0.0
sim3958,33.33333333333333
sim3959,0.0
sim3960,0.0
sim3961,0.0
sim3962,0.0
sim3963,0.0
sim3964,0.0
sim3965,11.11111111111111
sim3966,0.0
sim3967,0.0
sim3968,0.0
sim3969,0.0
sim3970,11.11111111111111
sim3971,11.11111111111111
sim3972,0.0
sim3973,100.0
sim3974,44.44444444444444
sim3975,0.0
sim3976,77.77777777777779
sim3977,0.0
sim3978,0.0
sim3979,0.0
sim3980,0.0
sim3981,0.0
sim3982,44.44444444444444
sim3983,0.0
sim3984,0.0
sim3985,22.22222222222222
sim3986,0.0
sim3987,44.44444444444444
sim3988,0.0
sim3989,22.22222222222222
sim3990,0.0
sim3991,0.0
sim3992,88.88888888888889
sim3993,0.0
sim3994,0.0
sim3995,33.33333333333333
sim3996,0.0
sim3997,0.0
sim3998,33.33333333333333
sim3999,0.0
sim4000,0.0
sim4001,0.0
sim4002,77.77777777777779
sim4003,0.0
sim4004,33.33333333333333
sim4005,0.0
sim4006,0.0
sim4007,66.66666666666666
sim4008,0.0
sim4009,100.0
sim4010,0.0
sim4011,0.0
sim4012,0.0
sim4013,0.0
sim4014,0.0
sim4015,33.33333333333333
sim4016,0.0
sim4017,0.0
sim4018,0.0
sim4019,0.0
sim4020,100.0
sim4021,0.0
sim4022,0.0
sim4023,22.22222222222222
sim4024,0.0
sim4025,55.55555555555556
sim4026,11.11111111111111
sim4027,0.0
sim4028,33.33333333333333
sim4029,0.0
sim4030,0.0
sim4031,55.55555555555556
sim4032,55.55555555555556
sim4033,77.77777777777779
sim4034,0.0
sim4035,0.0
sim4036,0.0
sim4037,0.0
sim4038,55.55555555555556
sim4039,0.0
sim4040,11.11111111111111
sim4041,0.0
sim4042,0.0
sim4043,77.77777777777779
sim4044,0.0
sim4045,11.11111111111111
sim4046,0.0
sim4047,0.0
sim4048,0.0
sim4049,0.0
sim4050,55.55555555555556
sim4051,0.0
sim4052,0.0
sim4053,55.55555555555556
sim4054,66.66666666666666
sim4055,0.0
sim4056,0.0
sim4057,0.0
sim4058,0.0
sim4059,88.88888888888889
sim4060,11.11111111111111
sim4061,55.55555555555556
sim4062,22.22222222222222
sim4063,0.0
sim4064,0.0
sim4065,0.0
sim4066,0.0
sim4067,33.33333333333333
sim4068,88.88888888888889
sim4069,0.0
sim4070,0.0
sim4071,88.88888888888889
sim4072,0.0
sim4073,0.0
sim4074,88.88888888888889
sim4075,0.0
sim4076,44.44444444444444
sim4077,0.0
sim4078,0.0
sim4079,11.11111111111111
sim4080,0.0
sim4081,44.44444444444444
sim4082,0.0
sim4083,0.0
sim4084,0.0
sim4085,0.0
sim4086,0.0
sim4087,88.88888888888889
sim4088,0.0
sim4089,22.22222222222222
sim4090,55.55555555555556
sim4091,0.0
sim4092,0.0
sim4093,0.0
sim4094,0.0
sim4095,0.0
sim4096,66.66666666666666
sim4097,0.0
sim4098,44.44444444444444
sim4099,0.0
sim4100,44.44444444444444
sim4101,0.0
sim4102,0.0
sim4103,0.0
sim4104,0.0
sim4105,0.0
sim4106,0.0
sim4107,0.0
sim4108,22.22222222222222
sim4109,0.0
sim4110,0.0
sim4111,77.77777777777779
sim4112,0.0
sim4113,77.77777777777779
sim4114,55.55555555555556
sim4115,0.0
sim4116,0.0
sim4117,0.0
sim4118,55.55555555555556
sim4119,0.0
sim4120,0.0
sim4121,55.55555555555556
sim4122,0.0
sim4123,0.0
sim4124,0.0
sim4125,0.0
sim4126,0.0
sim4127,100.0
sim4128,88.88888888888889
sim4129,0.0
sim4130,0.0
sim4131,44.44444444444444
sim4132,0.0
sim4133,11.11111111111111
sim4134,0.0
sim4135,0.0
sim4136,77.77777777777779
sim4137,22.22222222222222
sim4138,0.0
sim4139,0.0
sim4140,0.0
sim4141,0.0
sim4142,100.0
sim4143,0.0
sim4144,0.0
sim4145,0.0
sim4146,0.0
sim4147,77.77777777777779
sim4148,0.0
sim4149,66.66666666666666
sim4150,0.0
sim4151,0.0
sim4152,0.0
sim4153,0.0
sim4154,0.0
sim4155,44.44444444444444
sim4156,0.0
sim4157,22.22222222222222
sim4158,33.33333333333333
sim4159,0.0
sim4160,0.0
sim4161,77.77777777777779
sim4162,11.11111111111111
sim4163,0.0
sim4164,0.0
sim4165,0.0
sim4166,11.11111111111111
sim4167,0.0
sim4168,0.0
sim4169,0.0
sim4170,66.66666666666666
sim4171,0.0
sim4172,77.77777777777779
sim4173,0.0
sim4174,0.0
sim4175,0.0
sim4176,0.0
sim4177,77.77777777777779
sim4178,44.44444444444444
sim4179,0.0
sim4180,0.0
sim4181,44.44444444444444
sim4182,0.0
sim4183,77.77777777777779
sim4184,0.0
sim4185,0.0
sim4186,0.0
sim4187,0.0
sim4188,100.0
sim4189,0.0
sim4190,0.0
sim4191,11.11111111111111
sim4192,44.44444444444444
sim4193,0.0
sim4194,0.0
sim4195,33.33333333333333
sim4196,0.0
sim4197,0.0
sim4198,44.44444444444444
sim4199,0.0
sim4200,0.0
sim4201,0.0
sim4202,0.0
sim4203,44.44444444444444
sim4204,0.0
sim4205,88.88888888888889
sim4206,0.0
sim4207,0.0
sim4208,100.0
sim4209,0.0
sim4210,0.0
sim4211,77.77777777777779
sim4212,0.0
sim4213,0.0
sim4214,33.33333333333333
sim4215,0.0
sim4216,0.0
sim4217,0.0
sim4218,0.0
sim4219,0.0
sim4220,0.0
sim4221,11.11111111111111
sim4222,0.0
sim4223,0.0
sim4224,0.0
sim4225,0.0
sim4226,11.11111111111111
sim4227,11.11111111111111
sim4228,0.0
sim4229,100.0
sim4230,44.44444444444444
sim4231,0.0
sim4232,77.77777777777779
sim4233,0.0
sim4234,0.0
sim4235,0.0
sim4236,0.0
sim4237,0.0
sim4238,44.44444444444444
sim4239,0.0
sim4240,0.0
sim4241,22.22222222222222
sim4242,0.0
sim4243,44.44444444444444
sim4244,0.0
sim4245,22.22222222222222
sim4246,0.0
sim4247,0.0
sim4248,88.88888888888889
sim4249,0.0
sim4250,0.0
sim4251,33.33333333333333
sim4252,0.0
sim4253,0.0
sim4254,33.33333333333333
sim4255,0.0
sim4256,0.0
sim4257,0.0
sim4258,77.77777777777779
sim4259,0.0
sim4260,33.33333333333333
sim4261,0.0
sim4262,0.0
sim4263,66.66666666666666
sim4264,0.0
sim4265,100.0
sim4266,0.0
sim4267,0.0
sim4268,0.0
sim4269,0.0
sim4270,0.0
sim4271,33.33333333333333
sim4272,0.0
sim4273,0.0
sim4274,0.0
sim4275,0.0
sim4276,100.0
sim4277,0.0
sim4278,0.0
sim4279,22.22222222222222
sim4280,0.0
sim4281,55.55555555555556
sim4282,11.11111111111111
sim4283,0.0
sim4284,33.33333333333333
sim4285,0.0
sim4286,0.0
sim4287,55.55555555555556
sim4288,55.55555555555556
sim4289,77.77777777777779
sim4290,0.0
sim4291,0.0
sim4292,0.0
sim4293,0.0
sim4294,55.55555555555556
sim4295,0.0
sim4296,11.11111111111111
sim4297,0.0
sim4298,0.0
sim4299,77.77777777777779
sim4300,0.0
sim4301,11.11111111111111
sim4302,0.0
sim4303,0.0
sim4304,0.0
sim4305,0.0
sim4306,55.55555555555556
sim4307,0.0
sim4308,0.0
sim4309,55.55555555555556
sim4310,66.66666666666666
sim4311,0.0
sim4312,0.0
sim4313,0.0
sim4314,0.0
sim4315,88.88888888888889
sim4316,11.11111111111111
sim4317,55.55555555555556
sim4318,22.22222222222222
sim4319,0.0
sim4320,0.0
sim4321,0.0
sim4322,0.0
sim4323,33.33333333333333
sim4324,88.88888888888889
sim4325,0.0
sim4326,0.0
sim4327,88.88888888888889
sim4328,0.0
sim4329,0.0
sim4330,88.88888888888889
sim4331,0.0
sim4332,44.44444444444444
sim4333,0.0
sim4334,0.0
sim4335,11.11111111111111
sim4336,0.0
sim4337,44.44444444444444
sim4338,0.0
sim4339,0.0
sim4340,0.0
sim4341,0.0
sim4342,0.0
sim4343,88.88888888888889
sim4344,0.0
sim4345,22.22222222222222
sim4346,55.55555555555556
sim4347,0.0
sim4348,0.0
sim4349,0.0
sim4350,0.0
sim4351,0.0
sim4352,66.66666666666666
sim4353,0.0
sim4354,44.44444444444444
sim4355,0.0
sim4356,44.44444444444444
sim4357,0.0
sim4358,0.0
sim4359,0.0
sim4360,0.0
sim4361,0.0
sim4362,0.0
sim4363,0.0
sim4364,22.22222222222222
sim4365,0.0
sim4366,0.0
sim4367,77.77777777777779
sim4368,0.0
sim4369,77.77777777777779
sim4370,55.55555555555556
sim4371,0.0
sim4372,0.0
sim4373,0.0
sim4374,55.55555555555556
sim4375,0.0
sim4376,0.0
sim4377,55.55555555555556
sim4378,0.0
sim4379,0.0
sim4380,0.0
sim4381,0.0
sim4382,0.0
sim4383,100.0
sim4384,88.88888888888889
sim4385,0.0
sim4386,0.0
sim4387,44.44444444444444
sim4388,0.0
sim4389,11.11111111111111
sim4390,0.0
sim4391,0.0
sim4392,77.77777777777779
sim4393,22.22222222222222
sim4394,0.0
sim4395,0.0
sim4396,0.0
sim4397,0.0
sim4398,100.0
sim4399,0.0
sim4400,0.0
sim4401,0.0
sim4402,0.0
sim4403,77.77777777777779
sim4404,0.0
sim4405,66.66666666666666
sim4406,0.0
sim4407,0.0
sim4408,0.0
sim4409,0.0
sim4410,0.0
sim4411,44.44444444444444
sim4412,0.0
sim4413,22.22222222222222
sim4414,33.33333333333333
sim4415,0.0
sim4416,0.0
sim4417,77.77777777777779
sim4418,11.11111111111111
sim4419,0.0
sim4420,0.0
sim4421,0.0
sim4422,11.11111111111111
sim4423,0.0
sim4424,0.0
sim4425,0.0
sim4426,66.66666666666666
sim4427,0.0
sim4428,77.77777777777779
sim4429,0.0
sim4430,0.0
sim4431,0.0
sim4432,0.0
sim4433,77.77777777777779
sim4434,44.44444444444444
sim4435,0.0
sim4436,0.0
sim4437,44.44444444444444
sim4438,0.0
sim4439,77.77777777777779
sim4440,0.0
sim4441,0.0
sim4442,0.0
sim4443,0.0
sim4444,100.0
sim4445,0.0
sim4446,0.0
sim4447,11.11111111111111
sim4448,44.44444444444444
sim4449,0.0
sim4450,0.0
sim4451,33.33333333333333
sim4452,0.0
sim4453,0.0
sim4454,44.44444444444444
sim4455,0.0
sim4456,0.0
sim4457,0.0
sim4458,0.0
sim4459,44.44444444444444
sim4460,0.0
sim4461,88.88888888888889
sim4462,0.0
sim4463,0.0
sim4464,100.0
sim4465,0.0
sim4466,0.0
sim4467,77.77777777777779
sim4468,0.0
sim4469,0.0
sim4470,33.33333333333333
sim4471,0.0
sim4472,0.0
sim4473,0.0
sim4474,0.0
sim4475,0.0
sim4476,0.0
sim4477,11.11111111111111
sim4478,0.0
sim4479,0.0
sim4480,0.0
sim4481,0.0
sim4482,11.11111111111111
sim4483,11.11111111111111
sim4484,0.0
sim4485,100.0
sim4486,44.44444444444444
sim4487,0.0
sim4488,77.77777777777779
sim4489,0.0
sim4490,0.0
sim4491,0.0
sim4492,0.0
sim4493,0.0
sim4494,44.44444444444444
sim4495,0.0
sim4496,0.0
sim4497,22.22222222222222
sim4498,0.0
sim4499,44.44444444444444
sim4500,0.0
sim4501,22.22222222222222
sim4502,0.0
sim4503,0.0
sim4504,88.88888888888889
sim4505,0.0
sim4506,0.0
sim4507,33.33333333333333
sim4508,0.0
sim4509,0.0
sim4510,33.33333333333333
sim4511,0.0
sim4512,0.0
sim4513,0.0
sim4514,77.77777777777779
sim4515,0.0
sim4516,33.33333333333333
sim4517,0.0
sim4518,0.0
sim4519,66.66666666666666
sim4520,0.0
sim4521,100.0
sim4522,0.0
sim4523,0.0
sim4524,0.0
sim4525,0.0
sim4526,0.0
sim4527,33.33333333333333
sim4528,0.0
sim4529,0.0
sim4530,0.0
sim4531,0.0
sim4532,100.0
sim4533,0.0
sim4534,0.0
sim4535,22.22222222222222
sim4536,0.0
sim4537,55.55555555555556
sim4538,11.11111111111111
sim4539,0.0
sim4540,33.33333333333333
sim4541,0.0
sim4542,0.0
sim4543,55.55555555555556
sim4544,55.55555555555556
sim4545,77.77777777777779
sim4546,0.0
sim4547,0.0
sim4548,0.0
sim4549,0.0
sim4550,55.55555555555556
sim4551,0.0
sim4552,11.11111111111111
sim4553,0.0
sim4554,0.0
sim4555,77.77777777777779
sim4556,0.0
sim4557,11.11111111111111
sim4558,0.0
sim4559,0.0
sim4560,0.0
sim4561,0.0
sim4562,55.55555555555556
sim4563,0.0
sim4564,0.0
sim4565,55.55555555555556
sim4566,66.66666666666666
sim4567,0.0
sim4568,0.0
sim4569,0.0
sim4570,0.0
sim4571,88.88888888888889
sim4572,11.11111111111111
sim4573,55.55555555555556
sim4574,22.22222222222222
sim4575,0.0
sim4576,0.0
sim4577,0.0
sim4578,0.0
sim4579,33.33333333333333
sim4580,88.88888888888889
sim4581,0.0
sim4582,0.0
sim4583,88.88888888888889
sim4584,0.0
sim4585,0.0
sim4586,88.88888888888889
sim4587,0.0
sim4588,44.44444444444444
sim4589,0.0
sim4590,0.0
sim4591,11.11111111111111
sim4592,0.0
sim4593,44.44444444444444
sim4594,0.0
sim4595,0.0
sim4596,0.0
sim4597,0.0
sim4598,0.0
sim4599,88.88888888888889
sim4600,0.0
sim4601,22.22222222222222
sim4602,55.55555555555556
sim4603,0.0
sim4604,0.0
sim4605,0.0
sim4606,0.0
sim4607,0.0
sim4608,66.66666666666666
sim4609,0.0
sim4610,44.44444444444444
sim4611,0.0
sim4612,44.44444444444444
sim4613,0.0
sim4614,0.0
sim4615,0.0
sim4616,0.0
sim4617,0.0
sim4618,0.0
sim4619,0.0
sim4620,22.22222222222222
sim4621,0.0
sim4622,0.0
sim4623,77.77777777777779
sim4624,0.0
sim4625,77.77777777777779
sim4626,55.55555555555556
sim4627,0.0
sim4628,0.0
sim4629,0.0
sim4630,55.55555555555556
sim4631,0.0
sim4632,0.0
sim4633,55.55555555555556
sim4634,0.0
sim4635,0.0
sim4636,0.0
sim4637,0.0
sim4638,0.0
sim4639,100.0
sim4640,88.88888888888889
sim4641,0.0
sim4642,0.0
sim4643,44.44444444444444
sim4644,0.0
sim4645,11.11111111111111
sim4646,0.0
sim4647,0.0
sim4648,77.77777777777779
sim4649,22.22222222222222
sim4650,0.0
sim4651,0.0
sim4652,0.0
sim4653,0.0
sim4654,100.0
sim4655,0.0
sim4656,0.0
sim4657,0.0
sim4658,0.0
sim4659,77.77777777777779
sim4660,0.0
sim4661,66.66666666666666
sim4662,0.0
sim4663,0.0
sim4664,0.0
sim4665,0.0
sim4666,0.0
sim4667,44.44444444444444
sim4668,0.0
sim4669,22.22222222222222
sim4670,33.33333333333333
sim4671,0.0
sim4672,0.0
sim4673,77.77777777777779
sim4674,11.11111111111111
sim4675,0.0
sim4676,0.0
sim4677,0.0
sim4678,11.11111111111111
sim4679,0.0
sim4680,0.0
sim4681,0.0
sim4682,66.66666666666666
sim4683,0.0
sim4684,77.77777777777779
sim4685,0.0
sim4686,0.0
sim4687,0.0
sim4688,0.0
sim4689,77.77777777777779
sim4690,44.44444444444444
sim4691,0.0
sim4692,0.0
sim4693,44.44444444444444
sim4694,0.0
sim4695,77.77777777777779
sim4696,0.0
sim4697,0.0
sim4698,0.0
sim4699,0.0
sim4700,100.0
sim4701,0.0
sim4702,0.0
sim4703,11.11111111111111
sim4704,44.44444444444444
sim4705,0.0
sim4706,0.0
sim4707,33.33333333333333
sim4708,0.0
sim4709,0.0
sim4710,44.44444444444444
sim4711,0.0
sim4712,0.0
sim4713,0.0
sim4714,0.0
sim4715,44.44444444444444
sim4716,0.0
sim4717,88.88888888888889
sim4718,0.0
sim4719,0.0
sim4720,100.0
sim4721,0.0
sim4722,0.0
sim4723,77.77777777777779
sim4724,0.0
sim4725,0.0
sim4726,33.33333333333333
sim4727,0.0
sim4728,0.0
sim4729,0.0
sim4730,0.0
sim4731,0.0
sim4732,0.0
sim4733,11.11111111111111
sim4734,0.0
sim4735,0.0
sim4736,0.0
sim4737,0.0
sim4738,11.11111111111111
sim4739,11.11111111111111
sim4740,0.0
sim4741,100.0
sim4742,44.44444444444444
sim4743,0.0
sim4744,77.77777777777779
sim4745,0.0
sim4746,0.0
sim4747,0.0
sim4748,0.0
sim4749,0.0
sim4750,44.44444444444444
sim4751,0.0
sim4752,0.0
sim4753,22.22222222222222
sim4754,0.0
sim4755,44.44444444444444
sim4756,0.0
sim4757,22.22222222222222
sim4758,0.0
sim4759,0.0
sim4760,88.88888888888889
sim4761,0.0
sim4762,0.0
sim4763,33.33333333333333
sim4764,0.0
sim4765,0.0
sim4766,33.33333333333333
sim4767,0.0
sim4768,0.0
sim4769,0.0
sim4770,77.77777777777779
sim4771,0.0
sim4772,33.33333333333333
sim4773,0.0
sim4774,0.0
sim4775,66.66666666666666
sim4776,0.0
sim4777,100.0
sim4778,0.0
sim4779,0.0
sim4780,0.0
sim4781,0.0
sim4782,0.0
sim4783,33.33333333333333
sim4784,0.0
sim4785,0.0
sim4786,0.0
sim4787,0.0
sim4788,100.0
sim4789,0.0
sim4790,0.0
sim4791,22.22222222222222
sim4792,0.0
sim4793,55.55555555555556
sim4794,11.11111111111111
sim4795,0.0
sim4796,33.33333333333333
sim4797,0.0
sim4798,0.0
sim4799,55.55555555555556
sim4800,55.55555555555556
sim4801,77.77777777777779
sim4802,0.0
sim4803,0.0
sim4804,0.0
sim4805,0.0
sim4806,55.55555555555556
sim4807,0.0
sim4808,11.11111111111111
sim4809,0.0
sim4810,0.0
sim4811,77.77777777777779
sim4812,0.0
sim4813,11.11111111111111
sim4814,0.0
sim4815,0.0
sim4816,0.0
sim4817,0.0
sim4818,55.55555555555556
sim4819,0.0
sim4820,0.0
sim4821,55.55555555555556
sim4822,66.66666666666666
sim4823,0.0
sim4824,0.0
sim4825,0.0
sim4826,0.0
sim4827,88.88888888888889
sim4828,11.11111111111111
sim4829,55.55555555555556
sim4830,22.22222222222222
sim4831,0.0
sim4832,0.0
sim4833,0.0
sim4834,0.0
sim4835,44.44444444444444
sim4836,88.88888888888889
sim4837,0.0
sim4838,0.0
sim4839,88.88888888888889
sim4840,0.0
sim4841,0.0
sim4842,88.88888888888889
sim4843,0.0
sim4844,44.44444444444444
sim4845,0.0
sim4846,0.0
sim4847,11.11111111111111
sim4848,0.0
sim4849,44.44444444444444
sim4850,0.0
sim4851,0.0
sim4852,0.0
sim4853,0.0
sim4854,0.0
sim4855,88.88888888888889
sim4856,0.0
sim4857,22.22222222222222
sim4858,55.55555555555556
sim4859,0.0
sim4860,0.0
sim4861,0.0
sim4862,0.0
sim4863,0.0
sim4864,66.66666666666666
sim4865,0.0
sim4866,44.44444444444444
sim4867,0.0
sim4868,44.44444444444444
sim4869,0.0
sim4870,0.0
sim4871,0.0
sim4872,0.0
sim4873,0.0
sim4874,0.0
sim4875,0.0
sim4876,22.22222222222222
sim4877,0.0
sim4878,0.0
sim4879,77.77777777777779
sim4880,0.0
sim4881,77.77777777777779
sim4882,55.55555555555556
sim4883,0.0
sim4884,0.0
sim4885,0.0
sim4886,55.55555555555556
sim4887,0.0
sim4888,0.0
sim4889,55.55555555555556
sim4890,0.0
sim4891,0.0
sim4892,0.0
sim4893,0.0
sim4894,0.0
sim4895,100.0
sim4896,88.88888888888889
sim4897,0.0
sim4898,0.0
sim4899,44.44444444444444
sim4900,0.0
sim4901,11.11111111111111
sim4902,0.0
sim4903,0.0
sim4904,77.77777777777779
sim4905,22.22222222222222
sim4906,0.0
sim4907,0.0
sim4908,0.0
sim4909,0.0
sim4910,100.0
sim4911,0.0
sim4912,0.0
sim4913,0.0
sim4914,0.0
sim4915,77.77777777777779
sim4916,0.0
sim4917,66.66666666666666
sim4918,0.0
sim4919,0.0
sim4920,0.0
sim4921,0.0
sim4922,0.0
sim4923,44.44444444444444
sim4924,0.0
sim4925,22.22222222222222
sim4926,33.33333333333333
sim4927,0.0
sim4928,0.0
sim4929,77.77777777777779
sim4930,11.11111111111111
sim4931,0.0
sim4932,0.0
sim4933,0.0
sim4934,11.11111111111111
sim4935,0.0
sim4936,0.0
sim4937,0.0
sim4938,66.66666666666666
sim4939,0.0
sim4940,77.77777777777779
sim4941,0.0
sim4942,0.0
sim4943,0.0
sim4944,0.0
sim4945,77.77777777777779
sim4946,44.44444444444444
sim4947,0.0
sim4948,0.0
sim4949,44.44444444444444
sim4950,0.0
sim4951,77.77777777777779
sim4952,0.0
sim4953,0.0
sim4954,0.0
sim4955,0.0
sim4956,100.0
sim4957,0.0
sim4958,0.0
sim4959,11.11111111111111
sim4960,44.44444444444444
sim4961,0.0
sim4962,0.0
sim4963,33.33333333333333
sim4964,0.0
sim4965,0.0
sim4966,44.44444444444444
sim4967,0.0
sim4968,0.0
sim4969,0.0
sim4970,0.0
sim4971,44.44444444444444
sim4972,0.0
sim4973,88.88888888888889
sim4974,0.0
sim4975,0.0
sim4976,100.0
sim4977,0.0
sim4978,0.0
sim4979,77.77777777777779
sim4980,0.0
sim4981,0.0
sim4982,33.33333333333333
sim4983,0.0
sim4984,0.0
sim4985,0.0
sim4986,0.0
sim4987,0.0
sim4988,0.0
sim4989,11.11111111111111
sim4990,0.0
sim4991,0.0
sim4992,0.0
sim4993,0.0
sim4994,11.11111111111111
sim4995,11.11111111111111
sim4996,0.0
sim4997,100.0
sim4998,44.44444444444444
sim4999,0.0
sim5000,77.77777777777779
sim5001,0.0
sim5002,0.0
sim5003,0.0
sim5004,0.0
sim5005,0.0
sim5006,44.44444444444444
sim5007,0.0
sim5008,0.0
sim5009,22.22222222222222
sim5010,0.0
sim5011,44.44444444444444
sim5012,0.0
sim5013,22.22222222222222
sim5014,0.0
sim5015,0.0
sim5016,88.88888888888889
sim5017,0.0
sim5018,0.0
sim5019,33.33333333333333
sim5020,0.0
sim5021,0.0
sim5022,33.33333333333333
sim5023,0.0
sim5024,0.0
sim5025,0.0
sim5026,77.77777777777779
sim5027,0.0
sim5028,33.33333333333333
sim5029,0.0
sim5030,0.0
sim5031,66.66666666666666
sim5032,0.0
sim5033,100.0
sim5034,0.0
sim5035,0.0
sim5036,0.0
sim5037,0.0
sim5038,0.0
sim5039,33.33333333333333
sim5040,0.0
sim5041,0.0
sim5042,0.0
sim5043,0.0
sim5044,100.0
sim5045,0.0
sim5046,0.0
sim5047,22.22222222222222
sim5048,0.0
sim5049,55.55555555555556
sim5050,11.11111111111111
sim5051,0.0
sim5052,33.33333333333333
sim5053,0.0
sim5054,0.0
sim5055,55.55555555555556
sim5056,55.55555555555556
sim5057,77.77777777777779
sim5058,0.0
sim5059,0.0
sim5060,0.0
sim5061,0.0
sim5062,55.55555555555556
sim5063,0.0
sim5064,11.11111111111111
sim5065,0.0
sim5066,0.0
sim5067,77.77777777777779
sim5068,0.0
sim5069,11.11111111111111
sim5070,0.0
sim5071,0.0
sim5072,0.0
sim5073,0.0
sim5074,55.55555555555556
sim5075,0.0
sim5076,0.0
sim5077,55.55555555555556
sim5078,66.66666666666666
sim5079,0.0
sim5080,0.0
sim5081,0.0
sim5082,0.0
sim5083,88.88888888888889
sim5084,11.11111111111111
sim5085,55.55555555555556
sim5086,22.22222222222222
sim5087,0.0
sim5088,0.0
sim5089,0.0
sim5090,0.0
sim5091,33.33333333333333
sim5092,88.88888888888889
sim5093,0.0
sim5094,0.0
sim5095,88.88888888888889
sim5096,0.0
sim5097,0.0
sim5098,88.88888888888889
sim5099,0.0
sim5100,44.44444444444444
sim5101,0.0
sim5102,0.0
sim5103,11.11111111111111
sim5104,0.0
sim5105,44.44444444444444
sim5106,0.0
sim5107,0.0
sim5108,0.0
sim5109,0.0
sim5110,0.0
sim5111,88.88888888888889
sim5112,0.0
sim5113,22.22222222222222
sim5114,55.55555555555556
sim5115,0.0
sim5116,0.0
sim5117,0.0
sim5118,0.0
sim5119,0.0
sim5120,66.66666666666666
sim5121,0.0
sim5122,44.44444444444444
sim5123,0.0
sim5124,44.44444444444444
sim5125,0.0
sim5126,0.0
sim5127,0.0
sim5128,0.0
sim5129,0.0
sim5130,0.0
sim5131,0.0
sim5132,22.22222222222222
sim5133,0.0
sim5134,0.0
sim5135,77.77777777777779
sim5136,0.0
sim5137,77.77777777777779
sim5138,55.55555555555556
sim5139,0.0
sim5140,0.0
sim5141,0.0
sim5142,44.44444444444444
sim5143,0.0
sim5144,0.0
sim5145,55.55555555555556
sim5146,0.0
sim5147,0.0
sim5148,0.0
sim5149,0.0
sim5150,0.0
sim5151,100.0
sim5152,88.88888888888889
sim5153,0.0
sim5154,0.0
sim5155,44.44444444444444
sim5156,0.0
sim5157,11.11111111111111
sim5158,0.0
sim5159,0.0
sim5160,77.77777777777779
sim5161,22.22222222222222
sim5162,0.0
sim5163,0.0
sim5164,0.0
sim5165,0.0
sim5166,100.0
sim5167,0.0
sim5168,0.0
sim5169,0.0
sim5170,0.0
sim5171,77.77777777777779
sim5172,0.0
sim5173,66.66666666666666
sim5174,0.0
sim5175,0.0
sim5176,0.0
sim5177,0.0
sim5178,0.0
sim5179,44.44444444444444
sim5180,0.0
sim5181,22.22222222222222
sim5182,33.33333333333333
sim5183,0.0
sim5184,0.0
sim5185,77.77777777777779
sim5186,11.11111111111111
sim5187,0.0
sim5188,0.0
sim5189,0.0
sim5190,11.11111111111111
sim5191,0.0
sim5192,0.0
sim5193,0.0
sim5194,66.66666666666666
sim5195,0.0
sim5196,77.77777777777779
sim5197,0.0
sim5198,0.0
sim5199,0.0
sim5200,0.0
sim5201,77.77777777777779
sim5202,44.44444444444444
sim5203,0.0
sim5204,0.0
sim5205,44.44444444444444
sim5206,0.0
sim5207,77.77777777777779
sim5208,0.0
sim5209,0.0
sim5210,0.0
sim5211,0.0
sim5212,100.0
sim5213,0.0
sim5214,0.0
sim5215,11.11111111111111
sim5216,44.44444444444444
sim5217,0.0
sim5218,0.0
sim5219,33.33333333333333
sim5220,0.0
sim5221,0.0
sim5222,44.44444444444444
sim5223,0.0
sim5224,0.0
sim5225,0.0
sim5226,0.0
sim5227,44.44444444444444
sim5228,0.0
sim5229,88.88888888888889
sim5230,0.0
sim5231,0.0
sim5232,100.0
sim5233,0.0
sim5234,0.0
sim5235,77.77777777777779
sim5236,0.0
sim5237,0.0
sim5238,33.33333333333333
sim5239,0.0
sim5240,0.0
sim5241,0.0
sim5242,0.0
sim5243,0.0
sim5244,0.0
sim5245,11.11111111111111
sim5246,0.0
sim5247,0.0
sim5248,0.0
sim5249,0.0
sim5250,11.11111111111111
sim5251,11.11111111111111
sim5252,0.0
sim5253,100.0
sim5254,44.44444444444444
sim5255,0.0
sim5256,77.77777777777779
sim5257,0.0
sim5258,0.0
sim5259,0.0
sim5260,0.0
sim5261,0.0
sim5262,44.44444444444444
sim5263,0.0
sim5264,0.0
sim5265,22.22222222222222
sim5266,0.0
sim5267,44.44444444444444
sim5268,0.0
sim5269,22.22222222222222
sim5270,0.0
sim5271,0.0
sim5272,88.88888888888889
sim5273,0.0
sim5274,0.0
sim5275,33.33333333333333
sim5276,0.0
sim5277,0.0
sim5278,33.33333333333333
sim5279,0.0
sim5280,0.0
sim5281,0.0
sim5282,77.77777777777779
sim5283,0.0
sim5284,33.33333333333333
sim5285,0.0
sim5286,0.0
sim5287,66.66666666666666
sim5288,0.0
sim5289,100.0
sim5290,0.0
sim5291,0.0
sim5292,0.0
sim5293,0.0
sim5294,0.0
sim5295,33.33333333333333
sim5296,0.0
sim5297,0.0
sim5298,0.0
sim5299,0.0
sim5300,100.0
sim5301,0.0
sim5302,0.0
sim5303,22.22222222222222
sim5304,0.0
sim5305,55.55555555555556
sim5306,11.11111111111111
sim5307,0.0
sim5308,33.33333333333333
sim5309,0.0
sim5310,0.0
sim5311,55.55555555555556
sim5312,55.55555555555556
sim5313,77.77777777777779
sim5314,0.0
sim5315,0.0
sim5316,0.0
sim5317,0.0
sim5318,55.55555555555556
sim5319,0.0
sim5320,11.11111111111111
sim5321,0.0
sim5322,0.0
sim5323,77.77777777777779
sim5324,0.0
sim5325,11.11111111111111
sim5326,0.0
sim5327,0.0
sim5328,0.0
sim5329,0.0
sim5330,55.55555555555556
sim5331,0.0
sim5332,0.0
sim5333,55.55555555555556
sim5334,66.66666666666666
sim5335,0.0
sim5336,0.0
sim5337,0.0
sim5338,0.0
sim5339,88.88888888888889
sim5340,11.11111111111111
sim5341,55.55555555555556
sim5342,22.22222222222222
sim5343,0.0
sim5344,0.0
sim5345,0.0
sim5346,0.0
sim5347,33.33333333333333
sim5348,88.88888888888889
sim5349,0.0
sim5350,0.0
sim5351,88.88888888888889
sim5352,0.0
sim5353,0.0
sim5354,88.88888888888889
sim5355,0.0
sim5356,44.44444444444444
sim5357,0.0
sim5358,0.0
sim5359,11.11111111111111
sim5360,0.0
sim5361,44.44444444444444
sim5362,0.0
sim5363,0.0
sim5364,0.0
sim5365,0.0
sim5366,0.0
sim5367,88.88888888888889
sim5368,0.0
sim5369,22.22222222222222
sim5370,55.55555555555556
sim5371,0.0
sim5372,0.0
sim5373,0.0
sim5374,0.0
sim5375,0.0
sim5376,66.66666666666666
sim5377,0.0
sim5378,44.44444444444444
sim5379,0.0
sim5380,44.44444444444444
sim5381,0.0
sim5382,0.0
sim5383,0.0
sim5384,0.0
sim5385,0.0
sim5386,0.0
sim5387,0.0
sim5388,22.22222222222222
sim5389,0.0
sim5390,0.0
sim5391,77.77777777777779
sim5392,0.0
sim5393,77.77777777777779
sim5394,55.55555555555556
sim5395,0.0
sim5396,0.0
sim5397,0.0
sim5398,55.55555555555556
sim5399,0.0
sim5400,0.0
sim5401,55.55555555555556
sim5402,0.0
sim5403,0.0
sim5404,0.0
sim5405,0.0
sim5406,0.0
sim5407,100.0
sim5408,88.88888888888889
sim5409,0.0
sim5410,0.0
sim5411,44.44444444444444
sim5412,0.0
sim5413,11.11111111111111
sim5414,0.0
sim5415,0.0
sim5416,77.77777777777779
sim5417,22.22222222222222
sim5418,0.0
sim5419,0.0
sim5420,0.0
sim5421,0.0
sim5422,100.0
sim5423,0.0
sim5424,0.0
sim5425,0.0
sim5426,0.0
sim5427,77.77777777777779
sim5428,0.0
sim5429,66.66666666666666
sim5430,0.0
sim5431,0.0
sim5432,0.0
sim5433,0.0
sim5434,0.0
sim5435,44.44444444444444
sim5436,0.0
sim5437,22.22222222222222
sim5438,33.33333333333333
sim5439,0.0
sim5440,0.0
sim5441,77.77777777777779
sim5442,11.11111111111111
sim5443,0.0
sim5444,0.0
sim5445,0.0
sim5446,11.11111111111111
sim5447,0.0
sim5448,0.0
sim5449,0.0
sim5450,66.66666666666666
sim5451,0.0
sim5452,77.77777777777779
sim5453,0.0
sim5454,0.0
sim5455,0.0
sim5456,0.0
sim5457,77.77777777777779
sim5458,44.44444444444444
sim5459,0.0
sim5460,0.0
sim5461,44.44444444444444
sim5462,0.0
sim5463,77.77777777777779
sim5464,0.0
sim5465,0.0
sim5466,0.0
sim5467,0.0
sim5468,100.0
sim5469,0.0
sim5470,0.0
sim5471,11.11111111111111
sim5472,44.44444444444444
sim5473,0.0
sim5474,0.0
sim5475,33.33333333333333
sim5476,0.0
sim5477,0.0
sim5478,44.44444444444444
sim5479,0.0
sim5480,0.0
sim5481,0.0
sim5482,0.0
sim5483,44.44444444444444
sim5484,0.0
sim5485,88.88888888888889
sim5486,0.0
sim5487,0.0
sim5488,100.0
sim5489,0.0
sim5490,0.0
sim5491,77.77777777777779
sim5492,0.0
sim5493,0.0
sim5494,33.33333333333333
sim5495,0.0
sim5496,0.0
sim5497,0.0
sim5498,0.0
sim5499,0.0
sim5500,0.0
sim5501,11.11111111111111
sim5502,0.0
sim5503,0.0
sim5504,0.0
sim5505,0.0
sim5506,11.11111111111111
sim5507,11.11111111111111
sim5508,0.0
sim5509,100.0
sim5510,44.44444444444444
sim5511,0.0
sim5512,77.77777777777779
sim5513,0.0
sim5514,0.0
sim5515,0.0
sim5516,0.0
sim5517,0.0
sim5518,44.44444444444444
sim5519,0.0
sim5520,0.0
sim5521,22.22222222222222
sim5522,0.0
sim5523,44.44444444444444
sim5524,0.0
sim5525,22.22222222222222
sim5526,0.0
sim5527,0.0
sim5528,88.88888888888889
sim5529,0.0
sim5530,0.0
sim5531,33.33333333333333
sim5532,0.0
sim5533,0.0
sim5534,33.33333333333333
sim5535,0.0
sim5536,0.0
sim5537,0.0
sim5538,77.77777777777779
sim5539,0.0
sim5540,33.33333333333333
sim5541,0.0
sim5542,0.0
sim5543,66.66666666666666
sim5544,0.0
sim5545,100.0
sim5546,0.0
sim5547,0.0
sim5548,0.0
sim5549,0.0
sim5550,0.0
sim5551,33.33333333333333
sim5552,0.0
sim5553,0.0
sim5554,0.0
sim5555,0.0
sim5556,100.0
sim5557,0.0
sim5558,0.0
sim5559,22.22222222222222
sim5560,0.0
sim5561,55.55555555555556
sim5562,11.11111111111111
sim5563,0.0
sim5564,33.33333333333333
sim5565,0.0
sim5566,0.0
sim5567,55.55555555555556
sim5568,55.55555555555556
sim5569,77.77777777777779
sim5570,0.0
sim5571,0.0
sim5572,0.0
sim5573,0.0
sim5574,55.55555555555556
sim5575,0.0
sim5576,11.11111111111111
sim5577,0.0
sim5578,0.0
sim5579,77.77777777777779
sim5580,0.0
sim5581,11.11111111111111
sim5582,0.0
sim5583,0.0
sim5584,0.0
sim5585,0.0
sim5586,55.55555555555556
sim5587,0.0
sim5588,0.0
sim5589,55.55555555555556
sim5590,66.66666666666666
sim5591,0.0
sim5592,0.0
sim5593,0.0
sim5594,0.0
sim5595,88.88888888888889
sim5596,11.11111111111111
sim5597,55.55555555555556
sim5598,22.22222222222222
sim5599,0.0
sim5600,0.0
sim5601,0.0
sim5602,0.0
sim5603,44.44444444444444
sim5604,88.88888888888889
sim5605,0.0
sim5606,0.0
sim5607,88.88888888888889
sim5608,0.0
sim5609,0.0
sim5610,88.88888888888889
sim5611,0.0
sim5612,44.44444444444444
sim5613,0.0
sim5614,0.0
sim5615,11.11111111111111
sim5616,0.0
sim5617,44.44444444444444
sim5618,0.0
sim5619,0.0
sim5620,0.0
sim5621,0.0
sim5622,0.0
sim5623,88.88888888888889
sim5624,0.0
sim5625,22.22222222222222
sim5626,55.55555555555556
sim5627,0.0
sim5628,0.0
sim5629,0.0
sim5630,0.0
sim5631,0.0
sim5632,66.66666666666666
sim5633,0.0
sim5634,44.44444444444444
sim5635,0.0
sim5636,44.44444444444444
sim5637,0.0
sim5638,0.0
sim5639,0.0
sim5640,0.0
sim5641,0.0
sim5642,0.0
sim5643,0.0
sim5644,22.22222222222222
sim5645,0.0
sim5646,0.0
sim5647,77.77777777777779
sim5648,0.0
sim5649,77.77777777777779
sim5650,55.55555555555556
sim5651,0.0
sim5652,0.0
sim5653,0.0
sim5654,55.55555555555556
sim5655,0.0
sim5656,0.0
sim5657,55.55555555555556
sim5658,0.0
sim5659,0.0
sim5660,0.0
sim5661,0.0
sim5662,0.0
sim5663,100.0
sim5664,88.88888888888889
sim5665,0.0
sim5666,0.0
sim5667,44.44444444444444
sim5668,0.0
sim5669,11.11111111111111
sim5670,0.0
sim5671,0.0
sim5672,77.77777777777779
sim5673,22.22222222222222
sim5674,0.0
sim5675,0.0
sim5676,0.0
sim5677,0.0
sim5678,100.0
sim5679,0.0
sim5680,0.0
sim5681,0.0
sim5682,0.0
sim5683,77.77777777777779
sim5684,0.0
sim5685,66.66666666666666
sim5686,0.0
sim5687,0.0
sim5688,0.0
sim5689,0.0
sim5690,0.0
sim5691,44.44444444444444
sim5692,0.0
sim5693,22.22222222222222
sim5694,33.33333333333333
sim5695,0.0
sim5696,0.0
sim5697,77.77777777777779
sim5698,11.11111111111111
sim5699,0.0
sim5700,0.0
sim5701,0.0
sim5702,11.11111111111111
sim5703,0.0
sim5704,0.0
sim5705,0.0
sim5706,66.66666666666666
sim5707,0.0
sim5708,77.77777777777779
sim5709,0.0
sim5710,0.0
sim5711,0.0
sim5712,0.0
sim5713,77.77777777777779
sim5714,44.44444444444444
sim5715,0.0
sim5716,0.0
sim5717,44.44444444444444
sim5718,0.0
sim5719,77.77777777777779
sim5720,0.0
sim5721,0.0
sim5722,0.0
sim5723,0.0
sim5724,100.0
sim5725,0.0
sim5726,0.0
sim5727,11.11111111111111
sim5728,44.44444444444444
sim5729,0.0
sim5730,0.0
sim5731,33.33333333333333
sim5732,0.0
sim5733,0.0
sim5734,44.44444444444444
sim5735,0.0
sim5736,0.0
sim5737,0.0
sim5738,0.0
sim5739,44.44444444444444
sim5740,0.0
sim5741,88.88888888888889
sim5742,0.0
sim5743,0.0
sim5744,100.0
sim5745,0.0
sim5746,0.0
sim5747,77.77777777777779
sim5748,0.0
sim5749,0.0
sim5750,33.33333333333333
sim5751,0.0
sim5752,0.0
sim5753,0.0
sim5754,0.0
sim5755,0.0
sim5756,0.0
sim5757,11.11111111111111
sim5758,0.0
sim5759,0.0
sim5760,0.0
sim5761,0.0
sim5762,11.11111111111111
sim5763,11.11111111111111
sim5764,0.0
sim5765,100.0
sim5766,44.44444444444444
sim5767,0.0
sim5768,77.77777777777779
sim5769,0.0
sim5770,0.0
sim5771,0.0
sim5772,0.0
sim5773,0.0
sim5774,44.44444444444444
sim5775,0.0
sim5776,0.0
sim5777,22.22222222222222
sim5778,0.0
sim5779,44.44444444444444
sim5780,0.0
sim5781,22.22222222222222
sim5782,0.0
sim5783,0.0
sim5784,88.88888888888889
sim5785,0.0
sim5786,0.0
sim5787,33.33333333333333
sim5788,0.0
sim5789,0.0
sim5790,33.33333333333333
sim5791,0.0
sim5792,0.0
sim5793,0.0
sim5794,77.77777777777779
sim5795,0.0
sim5796,33.33333333333333
sim5797,0.0
sim5798,0.0
sim5799,66.66666666666666
sim5800,0.0
sim5801,100.0
sim5802,0.0
sim5803,0.0
sim5804,0.0
sim5805,0.0
sim5806,0.0
sim5807,33.33333333333333
sim5808,0.0
sim5809,0.0
sim5810,0.0
sim5811,0.0
sim5812,100.0
sim5813,0.0
sim5814,0.0
sim5815,22.22222222222222
sim5816,0.0
sim5817,55.55555555555556
sim5818,11.11111111111111
sim5819,0.0
sim5820,33.33333333333333
sim5821,0.0
sim5822,0.0
sim5823,55.55555555555556
sim5824,55.55555555555556
sim5825,77.77777777777779
sim5826,0.0
sim5827,0.0
sim5828,0.0
sim5829,0.0
sim5830,55.55555555555556
sim5831,0.0
sim5832,11.11111111111111
sim5833,0.0
sim5834,0.0
sim5835,77.77777777777779
sim5836,0.0
sim5837,11.11111111111111
sim5838,0.0
sim5839,0.0
sim5840,0.0
sim5841,0.0
sim5842,55.55555555555556
sim5843,0.0
sim5844,0.0
sim5845,55.55555555555556
sim5846,66.66666666666666
sim5847,0.0
sim5848,0.0
sim5849,0.0
sim5850,0.0
sim5851,88.88888888888889
sim5852,11.11111111111111
sim5853,55.55555555555556
sim5854,22.22222222222222
sim5855,0.0
sim5856,0.0
sim5857,0.0
sim5858,0.0
sim5859,33.33333333333333
sim5860,88.88888888888889
sim5861,0.0
sim5862,0.0
sim5863,88.88888888888889
sim5864,0.0
sim5865,0.0
sim5866,88.88888888888889
sim5867,0.0
sim5868,44.44444444444444
sim5869,0.0
sim5870,0.0
sim5871,11.11111111111111
sim5872,0.0
sim5873,44.44444444444444
sim5874,0.0
sim5875,0.0
sim5876,0.0
sim5877,0.0
sim5878,0.0
sim5879,88.88888888888889
sim5880,0.0
sim5881,22.22222222222222
sim5882,55.55555555555556
sim5883,0.0
sim5884,0.0
sim5885,0.0
sim5886,0.0
sim5887,0.0
sim5888,66.66666666666666
sim5889,0.0
sim5890,44.44444444444444
sim5891,0.0
sim5892,44.44444444444444
sim5893,0.0
sim5894,0.0
sim5895,0.0
sim5896,0.0
sim5897,0.0
sim5898,0.0
sim5899,0.0
sim5900,22.22222222222222
sim5901,0.0
sim5902,0.0
sim5903,77.77777777777779
sim5904,0.0
sim5905,77.77777777777779
sim5906,55.55555555555556
sim5907,0.0
sim5908,0.0
sim5909,0.0
sim5910,55.55555555555556
sim5911,0.0
sim5912,0.0
sim5913,55.55555555555556
sim5914,0.0
sim5915,0.0
sim5916,0.0
sim5917,0.0
sim5918,0.0
sim5919,100.0
sim5920,88.88888888888889
sim5921,0.0
sim5922,0.0
sim5923,33.33333333333333
sim5924,0.0
sim5925,11.11111111111111
sim5926,0.0
sim5927,0.0
sim5928,77.77777777777779
sim5929,22.22222222222222
sim5930,0.0
sim5931,0.0
sim5932,0.0
sim5933,0.0
sim5934,100.0
sim5935,0.0
sim5936,0.0
sim5937,0.0
sim5938,0.0
sim5939,77.77777777777779
sim5940,0.0
sim5941,66.66666666666666
sim5942,0.0
sim5943,0.0
sim5944,0.0
sim5945,0.0
sim5946,0.0
sim5947,44.44444444444444
sim5948,0.0
sim5949,22.22222222222222
sim5950,33.33333333333333
sim5951,0.0
sim5952,0.0
sim5953,77.77777777777779
sim5954,11.11111111111111
sim5955,0.0
sim5956,0.0
sim5957,0.0
sim5958,11.11111111111111
sim5959,0.0
sim5960,0.0
sim5961,0.0
sim5962,66.66666666666666
sim5963,0.0
sim5964,77.77777777777779
sim5965,0.0
sim5966,0.0
sim5967,0.0
sim5968,0.0
sim5969,77.77777777777779
sim5970,44.44444444444444
sim5971,0.0
sim5972,0.0
sim5973,44.44444444444444
sim5974,0.0
sim5975,77.77777777777779
sim5976,0.0
sim5977,0.0
sim5978,0.0
sim5979,0.0
sim5980,100.0
sim5981,0.0
sim5982,0.0
sim5983,11.11111111111111
sim5984,44.44444444444444
sim5985,0.0
sim5986,0.0
sim5987,33.33333333333333
sim5988,0.0
sim5989,0.0
sim5990,44.44444444444444
sim5991,0.0
sim5992,0.0
sim5993,0.0
sim5994,0.0
sim5995,44.44444444444444
sim5996,0.0
sim5997,88.88888888888889
sim5998,0.0
sim5999,0.0
sim6000,100.0
sim6001,0.0
sim6002,0.0
sim6003,77.77777777777779
sim6004,0.0
sim6005,0.0
sim6006,33.33333333333333
sim6007,0.0
sim6008,0.0
sim6009,0.0
sim6010,0.0
sim6011,0.0
sim6012,0.0
sim6013,11.11111111111111
sim6014,0.0
sim6015,0.0
sim6016,0.0
sim6017,0.0
sim6018,11.11111111111111
sim6019,11.11111111111111
sim6020,0.0
sim6021,100.0
sim6022,44.44444444444444
sim6023,0.0
sim6024,77.77777777777779
sim6025,0.0
sim6026,0.0
sim6027,0.0
sim6028,0.0
sim6029,0.0
sim6030,44.44444444444444
sim6031,0.0
sim6032,0.0
sim6033,22.22222222222222
sim6034,0.0
sim6035,44.44444444444444
sim6036,0.0
sim6037,22.22222222222222
sim6038,0.0
sim6039,0.0
sim6040,88.88888888888889
sim6041,0.0
sim6042,0.0
sim6043,33.33333333333333
sim6044,0.0
sim6045,0.0
sim6046,33.33333333333333
sim6047,0.0
sim6048,0.0
sim6049,0.0
sim6050,77.77777777777779
sim6051,0.0
sim6052,33.33333333333333
sim6053,0.0
sim6054,0.0
sim6055,66.66666666666666
sim6056,0.0
sim6057,100.0
sim6058,0.0
sim6059,0.0
sim6060,0.0
sim6061,0.0
sim6062,0.0
sim6063,33.33333333333333
sim6064,0.0
sim6065,0.0
sim6066,0.0
sim6067,0.0
sim6068,100.0
sim6069,0.0
sim6070,0.0
sim6071,22.22222222222222
sim6072,0.0
sim6073,55.55555555555556
sim6074,11.11111111111111
sim6075,0.0
sim6076,33.33333333333333
sim6077,0.0
sim6078,0.0
sim6079,55.55555555555556
sim6080,55.55555555555556
sim6081,77.77777777777779
sim6082,0.0
sim6083,0.0
sim6084,0.0
sim6085,0.0
sim6086,55.55555555555556
sim6087,0.0
sim6088,11.11111111111111
sim6089,0.0
sim6090,0.0
sim6091,77.77777777777779
sim6092,0.0
sim6093,11.11111111111111
sim6094,0.0
sim6095,0.0
sim6096,0.0
sim6097,0.0
sim6098,55.55555555555556
sim6099,0.0
sim6100,0.0
sim6101,55.55555555555556
sim6102,66.66666666666666
sim6103,0.0
sim6104,0.0
sim6105,0.0
sim6106,0.0
sim6107,88.88888888888889
sim6108,11.11111111111111
sim6109,55.55555555555556
sim6110,22.22222222222222
sim6111,0.0
sim6112,0.0
sim6113,0.0
sim6114,0.0
sim6115,33.33333333333333
sim6116,88.88888888888889
sim6117,0.0
sim6118,0.0
sim6119,88.88888888888889
sim6120,0.0
sim6121,0.0
sim6122,88.88888888888889
sim6123,0.0
sim6124,44.44444444444444
sim6125,0.0
sim6126,0.0
sim6127,11.11111111111111
sim6128,0.0
sim6129,44.44444444444444
sim6130,0.0
sim6131,0.0
sim6132,0.0
sim6133,0.0
sim6134,0.0
sim6135,88.88888888888889
sim6136,0.0
sim6137,22.22222222222222
sim6138,55.55555555555556
sim6139,0.0
sim6140,0.0
sim6141,0.0
sim6142,0.0
sim6143,0.0
sim6144,66.66666666666666
sim6145,0.0
sim6146,44.44444444444444
sim6147,0.0
sim6148,44.44444444444444
sim6149,0.0
sim6150,0.0
sim6151,0.0
sim6152,0.0
sim6153,0.0
sim6154,0.0
sim6155,0.0
sim6156,22.22222222222222
sim6157,0.0
sim6158,0.0
sim6159,77.77777777777779
sim6160,0.0
sim6161,77.77777777777779
sim6162,55.55555555555556
sim6163,0.0
sim6164,0.0
sim6165,0.0
sim6166,55.55555555555556
sim6167,0.0
sim6168,0.0
sim6169,55.55555555555556
sim6170,0.0
sim6171,0.0
sim6172,0.0
sim6173,0.0
sim6174,0.0
sim6175,100.0
sim6176,88.88888888888889
sim6177,0.0
sim6178,0.0
sim6179,33.33333333333333
sim6180,0.0
sim6181,11.11111111111111
sim6182,0.0
sim6183,0.0
sim6184,77.77777777777779
sim6185,22.22222222222222
sim6186,0.0
sim6187,0.0
sim6188,0.0
sim6189,0.0
sim6190,100.0
sim6191,0.0
sim6192,0.0
sim6193,0.0
sim6194,0.0
sim6195,77.77777777777779
sim6196,0.0
sim6197,66.66666666666666
sim6198,0.0
sim6199,0.0
sim6200,0.0
sim6201,0.0
sim6202,0.0
sim6203,33.33333333333333
sim6204,0.0
sim6205,22.22222222222222
sim6206,33.33333333333333
sim6207,0.0
sim6208,0.0
sim6209,77.77777777777779
sim6210,11.11111111111111
sim6211,0.0
sim6212,0.0
sim6213,0.0
sim6214,11.11111111111111
sim6215,0.0
sim6216,0.0
sim6217,0.0
sim6218,66.66666666666666
sim6219,0.0
sim6220,77.77777777777779
sim6221,0.0
sim6222,0.0
sim6223,0.0
sim6224,0.0
sim6225,77.77777777777779
sim6226,44.44444444444444
sim6227,0.0
sim6228,0.0
sim6229,44.44444444444444
sim6230,0.0
sim6231,77.77777777777779
sim6232,0.0
sim6233,0.0
sim6234,0.0
sim6235,0.0
sim6236,100.0
sim6237,0.0
sim6238,0.0
sim6239,11.11111111111111
sim6240,44.44444444444444
sim6241,0.0
sim6242,0.0
sim6243,33.33333333333333
sim6244,0.0
sim6245,0.0
sim6246,44.44444444444444
sim6247,0.0
sim6248,0.0
sim6249,0.0
sim6250,0.0
sim6251,44.44444444444444
sim6252,0.0
sim6253,88.88888888888889
sim6254,0.0
sim6255,0.0
sim6256,100.0
sim6257,0.0
sim6258,0.0
sim6259,77.77777777777779
sim6260,0.0
sim6261,0.0
sim6262,33.33333333333333
sim6263,0.0
sim6264,0.0
sim6265,0.0
sim6266,0.0
sim6267,0.0
sim6268,0.0
sim6269,11.11111111111111
sim6270,0.0
sim6271,0.0
sim6272,0.0
sim6273,0.0
sim6274,11.11111111111111
sim6275,11.11111111111111
sim6276,0.0
sim6277,100.0
sim6278,44.44444444444444
sim6279,0.0
sim6280,77.77777777777779
sim6281,0.0
sim6282,0.0
sim6283,0.0
sim6284,0.0
sim6285,0.0
sim6286,44.44444444444444
sim6287,0.0
sim6288,0.0
sim6289,22.22222222222222
sim6290,0.0
sim6291,44.44444444444444
sim6292,0.0
sim6293,22.22222222222222
sim6294,0.0
sim6295,0.0
sim6296,88.88888888888889
sim6297,0.0
sim6298,0.0
sim6299,33.33333333333333
sim6300,0.0
sim6301,0.0
sim6302,33.33333333333333
sim6303,0.0
sim6304,0.0
sim6305,0.0
sim6306,77.77777777777779
sim6307,0.0
sim6308,33.33333333333333
sim6309,0.0
sim6310,0.0
sim6311,66.66666666666666
sim6312,0.0
sim6313,100.0
sim6314,0.0
sim6315,0.0
sim6316,0.0
sim6317,0.0
sim6318,0.0
sim6319,33.33333333333333
sim6320,0.0
sim6321,0.0
sim6322,0.0
sim6323,0.0
sim6324,100.0
sim6325,0.0
sim6326,0.0
sim6327,33.33333333333333
sim6328,0.0
sim6329,55.55555555555556
sim6330,11.11111111111111
sim6331,0.0
sim6332,33.33333333333333
sim6333,0.0
sim6334,0.0
sim6335,55.55555555555556
sim6336,66.66666666666666
sim6337,77.77777777777779
sim6338,0.0
sim6339,0.0
sim6340,0.0
sim6341,0.0
sim6342,55.55555555555556
sim6343,0.0
sim6344,11.11111111111111
sim6345,0.0
sim6346,0.0
sim6347,77.77777777777779
sim6348,0.0
sim6349,11.11111111111111
sim6350,0.0
sim6351,0.0
sim6352,0.0
sim6353,0.0
sim6354,55.55555555555556
sim6355,0.0
sim6356,0.0
sim6357,55.55555555555556
sim6358,66.66666666666666
sim6359,0.0
sim6360,0.0
sim6361,0.0
sim6362,0.0
sim6363,88.88888888888889
sim6364,11.11111111111111
sim6365,55.55555555555556
sim6366,22.22222222222222
sim6367,0.0
sim6368,0.0
sim6369,0.0
sim6370,0.0
sim6371,33.33333333333333
sim6372,88.88888888888889
sim6373,0.0
sim6374,0.0
sim6375,88.88888888888889
sim6376,0.0
sim6377,0.0
sim6378,88.88888888888889
sim6379,0.0
sim6380,44.44444444444444
sim6381,0.0
sim6382,0.0
sim6383,11.11111111111111
sim6384,0.0
sim6385,44.44444444444444
sim6386,0.0
sim6387,0.0
sim6388,0.0
sim6389,0.0
sim6390,0.0
sim6391,88.88888888888889
sim6392,0.0
sim6393,22.22222222222222
sim6394,55.55555555555556
sim6395,0.0
sim6396,0.0
sim6397,0.0
sim6398,0.0
sim6399,0.0
sim6400,66.66666666666666
sim6401,0.0
sim6402,44.44444444444444
sim6403,0.0
sim6404,44.44444444444444
sim6405,0.0
sim6406,0.0
sim6407,0.0
sim6408,0.0
sim6409,0.0
sim6410,0.0
sim6411,0.0
sim6412,22.22222222222222
sim6413,0.0
sim6414,0.0
sim6415,77.77777777777779
sim6416,0.0
sim6417,77.77777777777779
sim6418,55.55555555555556
sim6419,0.0
sim6420,0.0
sim6421,0.0
sim6422,55.55555555555556
sim6423,0.0
sim6424,0.0
sim6425,55.55555555555556
sim6426,0.0
sim6427,0.0
sim6428,0.0
sim6429,0.0
sim6430,0.0
sim6431,100.0
sim6432,88.88888888888889
sim6433,0.0
sim6434,0.0
sim6435,44.44444444444444
sim6436,0.0
sim6437,11.11111111111111
sim6438,0.0
sim6439,0.0
sim6440,77.77777777777779
sim6441,22.22222222222222
sim6442,0.0
sim6443,0.0
sim6444,0.0
sim6445,0.0
sim6446,100.0
sim6447,0.0
sim6448,0.0
sim6449,0.0
sim6450,0.0
sim6451,77.77777777777779
sim6452,0.0
sim6453,66.66666666666666
sim6454,0.0
sim6455,0.0
sim6456,0.0
sim6457,0.0
sim6458,0.0
sim6459,44.44444444444444
sim6460,0.0
sim6461,22.22222222222222
sim6462,33.33333333333333
sim6463,0.0
sim6464,0.0
sim6465,77.77777777777779
sim6466,11.11111111111111
sim6467,0.0
sim6468,0.0
sim6469,0.0
sim6470,11.11111111111111
sim6471,0.0
sim6472,0.0
sim6473,0.0
sim6474,66.66666666666666
sim6475,0.0
sim6476,77.77777777777779
sim6477,0.0
sim6478,0.0
sim6479,0.0
sim6480,0.0
sim6481,77.77777777777779
sim6482,44.44444444444444
sim6483,0.0
sim6484,0.0
sim6485,44.44444444444444
sim6486,0.0
sim6487,77.77777777777779
sim6488,0.0
sim6489,0.0
sim6490,0.0
sim6491,0.0
sim6492,100.0
sim6493,0.0
sim6494,0.0
sim6495,11.11111111111111
sim6496,44.44444444444444
sim6497,0.0
sim6498,0.0
sim6499,33.33333333333333
sim6500,0.0
sim6501,0.0
sim6502,44.44444444444444
sim6503,0.0
sim6504,0.0
sim6505,0.0
sim6506,0.0
sim6507,44.44444444444444
sim6508,0.0
sim6509,88.88888888888889
sim6510,0.0
sim6511,0.0
sim6512,100.0
sim6513,0.0
sim6514,0.0
sim6515,77.77777777777779
sim6516,0.0
sim6517,0.0
sim6518,33.33333333333333
sim6519,0.0
sim6520,0.0
sim6521,0.0
sim6522,0.0
sim6523,0.0
sim6524,0.0
sim6525,11.11111111111111
sim6526,0.0
sim6527,0.0
sim6528,0.0
sim6529,0.0
sim6530,11.11111111111111
sim6531,11.11111111111111
sim6532,0.0
sim6533,100.0
sim6534,44.44444444444444
sim6535,0.0
sim6536,77.77777777777779
sim6537,0.0
sim6538,0.0
sim6539,0.0
sim6540,0.0
sim6541,0.0
sim6542,44.44444444444444
sim6543,0.0
sim6544,0.0
sim6545,22.22222222222222
sim6546,0.0
sim6547,44.44444444444444
sim6548,0.0
sim6549,22.22222222222222
sim6550,0.0
sim6551,0.0
sim6552,88.88888888888889
sim6553,0.0
sim6554,0.0
sim6555,33.33333333333333
sim6556,0.0
sim6557,0.0
sim6558,33.33333333333333
sim6559,0.0
sim6560,0.0
sim6561,0.0
sim6562,77.77777777777779
sim6563,0.0
sim6564,33.33333333333333
sim6565,0.0
sim6566,0.0
sim6567,66.66666666666666
sim6568,0.0
sim6569,100.0
sim6570,0.0
sim6571,0.0
sim6572,0.0
sim6573,0.0
sim6574,0.0
sim6575,33.33333333333333
sim6576,0.0
sim6577,0.0
sim6578,0.0
sim6579,0.0
sim6580,100.0
sim6581,0.0
sim6582,0.0
sim6583,22.22222222222222
sim6584,0.0
sim6585,55.55555555555556
sim6586,11.11111111111111
sim6587,0.0
sim6588,33.33333333333333
sim6589,0.0
sim6590,0.0
sim6591,55.55555555555556
sim6592,55.55555555555556
sim6593,77.77777777777779
sim6594,0.0
sim6595,0.0
sim6596,0.0
sim6597,0.0
sim6598,55.55555555555556
sim6599,0.0
sim6600,11.11111111111111
sim6601,0.0
sim6602,0.0
sim6603,77.77777777777779
sim6604,0.0
sim6605,11.11111111111111
sim6606,0.0
sim6607,0.0
sim6608,0.0
sim6609,0.0
sim6610,55.55555555555556
sim6611,0.0
sim6612,0.0
sim6613,55.55555555555556
sim6614,66.66666666666666
sim6615,0.0
sim6616,0.0
sim6617,0.0
sim6618,0.0
sim6619,88.88888888888889
sim6620,11.11111111111111
sim6621,55.55555555555556
sim6622,22.22222222222222
sim6623,0.0
sim6624,0.0
sim6625,0.0
sim6626,0.0
sim6627,33.33333333333333
sim6628,88.88888888888889
sim6629,0.0
sim6630,0.0
sim6631,88.88888888888889
sim6632,0.0
sim6633,0.0
sim6634,88.88888888888889
sim6635,0.0
sim6636,44.44444444444444
sim6637,0.0
sim6638,0.0
sim6639,11.11111111111111
sim6640,0.0
sim6641,44.44444444444444
sim6642,0.0
sim6643,0.0
sim6644,0.0
sim6645,0.0
sim6646,0.0
sim6647,88.88888888888889
sim6648,0.0
sim6649,22.22222222222222
sim6650,55.55555555555556
sim6651,0.0
sim6652,0.0
sim6653,0.0
sim6654,0.0
sim6655,0.0
sim6656,66.66666666666666
sim6657,0.0
sim6658,44.44444444444444
sim6659,0.0
sim6660,44.44444444444444
sim6661,0.0
sim6662,0.0
sim6663,0.0
sim6664,0.0
sim6665,0.0
sim6666,0.0
sim6667,0.0
sim6668,22.22222222222222
sim6669,0.0
sim6670,0.0
sim6671,77.77777777777779
sim6672,0.0
sim6673,77.77777777777779
sim6674,55.55555555555556
sim6675,0.0
sim6676,0.0
sim6677,0.0
sim6678,55.55555555555556
sim6679,0.0
sim6680,0.0
sim6681,55.55555555555556
sim6682,0.0
sim6683,0.0
sim6684,0.0
sim6685,0.0
sim6686,0.0
sim6687,100.0
sim6688,88.88888888888889
sim6689,0.0
sim6690,0.0
sim6691,44.44444444444444
sim6692,0.0
sim6693,11.11111111111111
sim6694,0.0
sim6695,0.0
sim6696,77.77777777777779
sim6697,22.22222222222222
sim6698,0.0
sim6699,0.0
sim6700,0.0
sim6701,0.0
sim6702,100.0
sim6703,0.0
sim6704,0.0
sim6705,0.0
sim6706,0.0
sim6707,77.77777777777779
sim6708,0.0
sim6709,66.66666666666666
sim6710,0.0
sim6711,0.0
sim6712,0.0
sim6713,0.0
sim6714,0.0
sim6715,44.44444444444444
sim6716,0.0
sim6717,22.22222222222222
sim6718,55.55555555555556
sim6719,0.0
sim6720,0.0
sim6721,77.77777777777779
sim6722,11.11111111111111
sim6723,0.0
sim6724,0.0
sim6725,0.0
sim6726,11.11111111111111
sim6727,0.0
sim6728,0.0
sim6729,0.0
sim6730,66.66666666666666
sim6731,0.0
sim6732,77.77777777777779
sim6733,0.0
sim6734,0.0
sim6735,0.0
sim6736,0.0
sim6737,77.77777777777779
sim6738,44.44444444444444
sim6739,0.0
sim6740,0.0
sim6741,44.44444444444444
sim6742,0.0
sim6743,77.77777777777779
sim6744,0.0
sim6745,0.0
sim6746,0.0
sim6747,0.0
sim6748,100.0
sim6749,0.0
sim6750,0.0
sim6751,11.11111111111111
sim6752,44.44444444444444
sim6753,0.0
sim6754,0.0
sim6755,33.33333333333333
sim6756,0.0
sim6757,0.0
sim6758,44.44444444444444
sim6759,0.0
sim6760,0.0
sim6761,0.0
sim6762,0.0
sim6763,44.44444444444444
sim6764,0.0
sim6765,88.88888888888889
sim6766,0.0
sim6767,0.0
sim6768,100.0
sim6769,0.0
sim6770,0.0
sim6771,77.77777777777779
sim6772,0.0
sim6773,0.0
sim6774,33.33333333333333
sim6775,0.0
sim6776,0.0
sim6777,0.0
sim6778,0.0
sim6779,0.0
sim6780,0.0
sim6781,11.11111111111111
sim6782,0.0
sim6783,0.0
sim6784,0.0
sim6785,0.0
sim6786,11.11111111111111
sim6787,11.11111111111111
sim6788,0.0
sim6789,100.0
sim6790,44.44444444444444
sim6791,0.0
sim6792,77.77777777777779
sim6793,0.0
sim6794,0.0
sim6795,0.0
sim6796,0.0
sim6797,0.0
sim6798,44.44444444444444
sim6799,0.0
sim6800,0.0
sim6801,22.22222222222222
sim6802,0.0
sim6803,44.44444444444444
sim6804,0.0
sim6805,22.22222222222222
sim6806,0.0
sim6807,0.0
sim6808,88.88888888888889
sim6809,0.0
sim6810,0.0
sim6811,33.33333333333333
sim6812,0.0
sim6813,0.0
sim6814,33.33333333333333
sim6815,0.0
sim6816,0.0
sim6817,0.0
sim6818,77.77777777777779
sim6819,0.0
sim6820,33.33333333333333
sim6821,0.0
sim6822,0.0
sim6823,66.66666666666666
sim6824,0.0
sim6825,100.0
sim6826,0.0
sim6827,0.0
sim6828,0.0
sim6829,0.0
sim6830,0.0
sim6831,33.33333333333333
sim6832,0.0
sim6833,0.0
sim6834,0.0
sim6835,0.0
sim6836,100.0
sim6837,0.0
sim6838,0.0
sim6839,33.33333333333333
sim6840,0.0
sim6841,55.55555555555556
sim6842,11.11111111111111
sim6843,0.0
sim6844,33.33333333333333
sim6845,0.0
sim6846,0.0
sim6847,55.55555555555556
sim6848,66.66666666666666
sim6849,77.77777777777779
sim6850,0.0
sim6851,0.0
sim6852,0.0
sim6853,0.0
sim6854,55.55555555555556
sim6855,0.0
sim6856,11.11111111111111
sim6857,0.0
sim6858,0.0
sim6859,77.77777777777779
sim6860,0.0
sim6861,11.11111111111111
sim6862,0.0
sim6863,0.0
sim6864,0.0
sim6865,0.0
sim6866,55.55555555555556
sim6867,0.0
sim6868,0.0
sim6869,55.55555555555556
sim6870,66.66666666666666
sim6871,0.0
sim6872,0.0
sim6873,0.0
sim6874,0.0
sim6875,88.88888888888889
sim6876,11.11111111111111
sim6877,55.55555555555556
sim6878,22.22222222222222
sim6879,0.0
sim6880,0.0
sim6881,0.0
sim6882,0.0
sim6883,33.33333333333333
sim6884,88.88888888888889
sim6885,0.0
sim6886,0.0
sim6887,88.88888888888889
sim6888,0.0
sim6889,0.0
sim6890,88.88888888888889
sim6891,0.0
sim6892,44.44444444444444
sim6893,0.0
sim6894,0.0
sim6895,11.11111111111111
sim6896,0.0
sim6897,55.55555555555556
sim6898,0.0
sim6899,0.0
sim6900,0.0
sim6901,0.0
sim6902,0.0
sim6903,88.88888888888889
sim6904,0.0
sim6905,22.22222222222222
sim6906,55.55555555555556
sim6907,0.0
sim6908,0.0
sim6909,0.0
sim6910,0.0
sim6911,0.0
sim6912,66.66666666666666
sim6913,0.0
sim6914,44.44444444444444
sim6915,0.0
sim6916,44.44444444444444
sim6917,0.0
sim6918,0.0
sim6919,0.0
sim6920,0.0
sim6921,0.0
sim6922,0.0
sim6923,0.0
sim6924,22.22222222222222
sim6925,0.0
sim6926,0.0
sim6927,77.77777777777779
sim6928,0.0
sim6929,77.77777777777779
sim6930,55.55555555555556
sim6931,0.0
sim6932,0.0
sim6933,0.0
sim6934,55.55555555555556
sim6935,0.0
sim6936,0.0
sim6937,55.55555555555556
sim6938,0.0
sim6939,0.0
sim6940,0.0
sim6941,0.0
sim6942,0.0
sim6943,100.0
sim6944,88.88888888888889
sim6945,0.0
sim6946,0.0
sim6947,44.44444444444444
sim6948,0.0
sim6949,11.11111111111111
sim6950,0.0
sim6951,0.0
sim6952,77.77777777777779
sim6953,22.22222222222222
sim6954,0.0
sim6955,0.0
sim6956,0.0
sim6957,0.0
sim6958,100.0
sim6959,0.0
sim6960,0.0
sim6961,0.0
sim6962,0.0
sim6963,77.77777777777779
sim6964,0.0
sim6965,66.66666666666666
sim6966,0.0
sim6967,0.0
sim6968,0.0
sim6969,0.0
sim6970,0.0
sim6971,44.44444444444444
sim6972,0.0
sim6973,22.22222222222222
sim6974,33.33333333333333
sim6975,0.0
sim6976,0.0
sim6977,77.77777777777779
sim6978,11.11111111111111
sim6979,0.0
sim6980,0.0
sim6981,0.0
sim6982,11.11111111111111
sim6983,0.0
sim6984,0.0
sim6985,0.0
sim6986,66.66666666666666
sim6987,0.0
sim6988,77.77777777777779
sim6989,0.0
sim6990,0.0
sim6991,0.0
sim6992,0.0
sim6993,77.77777777777779
sim6994,44.44444444444444
sim6995,0.0
sim6996,0.0
sim6997,44.44444444444444
sim6998,0.0
sim6999,77.77777777777779
sim7000,0.0
sim7001,0.0
sim7002,0.0
sim7003,0.0
sim7004,100.0
sim7005,0.0
sim7006,0.0
sim7007,11.11111111111111
sim7008,44.44444444444444
sim7009,0.0
sim7010,0.0
sim7011,33.33333333333333
sim7012,0.0
sim7013,0.0
sim7014,44.44444444444444
sim7015,0.0
sim7016,0.0
sim7017,0.0
sim7018,0.0
sim7019,44.44444444444444
sim7020,0.0
sim7021,88.88888888888889
sim7022,0.0
sim7023,0.0
sim7024,100.0
sim7025,0.0
sim7026,0.0
sim7027,77.77777777777779
sim7028,0.0
sim7029,0.0
sim7030,33.33333333333333
sim7031,0.0
sim7032,0.0
sim7033,0.0
sim7034,0.0
sim7035,0.0
sim7036,0.0
sim7037,11.11111111111111
sim7038,0.0
sim7039,0.0
sim7040,0.0
sim7041,0.0
sim7042,11.11111111111111
sim7043,11.11111111111111
sim7044,0.0
sim7045,100.0
sim7046,44.44444444444444
sim7047,0.0
sim7048,77.77777777777779
sim7049,0.0
sim7050,0.0
sim7051,0.0
sim7052,0.0
sim7053,0.0
sim7054,44.44444444444444
sim7055,0.0
sim7056,0.0
sim7057,22.22222222222222
sim7058,0.0
sim7059,44.44444444444444
sim7060,0.0
sim7061,22.22222222222222
sim7062,0.0
sim7063,0.0
sim7064,88.88888888888889
sim7065,0.0
sim7066,0.0
sim7067,33.33333333333333
sim7068,0.0
sim7069,0.0
sim7070,33.33333333333333
sim7071,0.0
sim7072,0.0
sim7073,0.0
sim7074,77.77777777777779
sim7075,0.0
sim7076,33.33333333333333
sim7077,0.0
sim7078,0.0
sim7079,66.66666666666666
sim7080,0.0
sim7081,100.0
sim7082,0.0
sim7083,0.0
sim7084,0.0
sim7085,0.0
sim7086,0.0
sim7087,33.33333333333333
sim7088,0.0
sim7089,0.0
sim7090,0.0
sim7091,0.0
sim7092,100.0
sim7093,0.0
sim7094,0.0
sim7095,22.22222222222222
sim7096,0.0
sim7097,55.55555555555556
sim7098,11.11111111111111
sim7099,0.0
sim7100,33.33333333333333
sim7101,0.0
sim7102,0.0
sim7103,55.55555555555556
sim7104,55.55555555555556
sim7105,77.77777777777779
sim7106,0.0
sim7107,0.0
sim7108,0.0
sim7109,0.0
sim7110,55.55555555555556
sim7111,0.0
sim7112,11.11111111111111
sim7113,0.0
sim7114,0.0
sim7115,77.77777777777779
sim7116,0.0
sim7117,22.22222222222222
sim7118,0.0
sim7119,0.0
sim7120,0.0
sim7121,0.0
sim7122,55.55555555555556
sim7123,0.0
sim7124,0.0
sim7125,55.55555555555556
sim7126,66.66666666666666
sim7127,0.0
sim7128,0.0
sim7129,0.0
sim7130,0.0
sim7131,88.88888888888889
sim7132,11.11111111111111
sim7133,55.55555555555556
sim7134,22.22222222222222
sim7135,0.0
sim7136,0.0
sim7137,0.0
sim7138,0.0
sim7139,33.33333333333333
sim7140,88.88888888888889
sim7141,0.0
sim7142,0.0
sim7143,88.88888888888889
sim7144,0.0
sim7145,0.0
sim7146,88.88888888888889
sim7147,0.0
sim7148,44.44444444444444
sim7149,0.0
sim7150,0.0
sim7151,11.11111111111111
sim7152,0.0
sim7153,44.44444444444444
sim7154,0.0
sim7155,0.0
sim7156,0.0
sim7157,0.0
sim7158,0.0
sim7159,88.88888888888889
sim7160,0.0
sim7161,22.22222222222222
sim7162,55.55555555555556
sim7163,0.0
sim7164,11.11111111111111
sim7165,0.0
sim7166,0.0
sim7167,0.0
sim7168,66.66666666666666
sim7169,0.0
sim7170,44.44444444444444
sim7171,0.0
sim7172,44.44444444444444
sim7173,0.0
sim7174,0.0
sim7175,0.0
sim7176,0.0
sim7177,0.0
sim7178,0.0
sim7179,0.0
sim7180,22.22222222222222
sim7181,0.0
sim7182,0.0
sim7183,77.77777777777779
sim7184,0.0
sim7185,77.77777777777779
sim7186,55.55555555555556
sim7187,0.0
sim7188,0.0
sim7189,0.0
sim7190,55.55555555555556
sim7191,0.0
sim7192,0.0
sim7193,55.55555555555556
sim7194,0.0
sim7195,0.0
sim7196,0.0
sim7197,0.0
sim7198,0.0
sim7199,100.0
sim7200,88.88888888888889
sim7201,0.0
sim7202,0.0
sim7203,44.44444444444444
sim7204,0.0
sim7205,11.11111111111111
sim7206,0.0
sim7207,0.0
sim7208,77.77777777777779
sim7209,22.22222222222222
sim7210,0.0
sim7211,0.0
sim7212,0.0
sim7213,0.0
sim7214,100.0
sim7215,0.0
sim7216,0.0
sim7217,0.0
sim7218,0.0
sim7219,77.77777777777779
sim7220,0.0
sim7221,66.66666666666666
sim7222,0.0
sim7223,0.0
sim7224,0.0
sim7225,0.0
sim7226,0.0
sim7227,44.44444444444444
sim7228,0.0
sim7229,22.22222222222222
sim7230,33.33333333333333
sim7231,0.0
sim7232,0.0
sim7233,77.77777777777779
sim7234,11.11111111111111
sim7235,0.0
sim7236,0.0
sim7237,0.0
sim7238,11.11111111111111
sim7239,0.0
sim7240,0.0
sim7241,0.0
sim7242,66.66666666666666
sim7243,0.0
sim7244,77.77777777777779
sim7245,0.0
sim7246,0.0
sim7247,0.0
sim7248,0.0
sim7249,77.77777777777779
sim7250,44.44444444444444
sim7251,0.0
sim7252,0.0
sim7253,44.44444444444444
sim7254,0.0
sim7255,77.77777777777779
sim7256,0.0
sim7257,0.0
sim7258,0.0
sim7259,0.0
sim7260,100.0
sim7261,0.0
sim7262,0.0
sim7263,11.11111111111111
sim7264,44.44444444444444
sim7265,0.0
sim7266,0.0
sim7267,33.33333333333333
sim7268,0.0
sim7269,0.0
sim7270,44.44444444444444
sim7271,0.0
sim7272,0.0
sim7273,0.0
sim7274,0.0
sim7275,44.44444444444444
sim7276,0.0
sim7277,88.88888888888889
sim7278,0.0
sim7279,0.0
sim7280,100.0
sim7281,0.0
sim7282,0.0
sim7283,77.77777777777779
sim7284,0.0
sim7285,0.0
sim7286,33.33333333333333
sim7287,0.0
sim7288,0.0
sim7289,0.0
sim7290,0.0
sim7291,0.0
sim7292,0.0
sim7293,11.11111111111111
sim7294,0.0
sim7295,0.0
sim7296,0.0
sim7297,0.0
sim7298,11.11111111111111
sim7299,11.11111111111111
sim7300,0.0
sim7301,100.0
sim7302,44.44444444444444
sim7303,0.0
sim7304,77.77777777777779
sim7305,0.0
sim7306,0.0
sim7307,0.0
sim7308,0.0
sim7309,0.0
sim7310,44.44444444444444
sim7311,0.0
sim7312,0.0
sim7313,22.22222222222222
sim7314,0.0
sim7315,44.44444444444444
sim7316,0.0
sim7317,22.22222222222222
sim7318,0.0
sim7319,0.0
sim7320,88.88888888888889
sim7321,0.0
sim7322,0.0
sim7323,33.33333333333333
sim7324,0.0
sim7325,0.0
sim7326,33.33333333333333
sim7327,0.0
sim7328,0.0
sim7329,0.0
sim7330,77.77777777777779
sim7331,0.0
sim7332,33.33333333333333
sim7333,0.0
sim7334,0.0
sim7335,66.66666666666666
sim7336,0.0
sim7337,100.0
sim7338,0.0
sim7339,0.0
sim7340,0.0
sim7341,0.0
sim7342,0.0
sim7343,33.33333333333333
sim7344,0.0
sim7345,0.0
sim7346,0.0
sim7347,0.0
sim7348,100.0
sim7349,0.0
sim7350,0.0
sim7351,22.22222222222222
sim7352,0.0
sim7353,55.55555555555556
sim7354,11.11111111111111
sim7355,0.0
sim7356,33.33333333333333
sim7357,0.0
sim7358,0.0
sim7359,55.55555555555556
sim7360,55.55555555555556
sim7361,77.77777777777779
sim7362,0.0
sim7363,0.0
sim7364,0.0
sim7365,0.0
sim7366,55.55555555555556
sim7367,0.0
sim7368,0.0
sim7369,0.0
sim7370,0.0
sim7371,77.77777777777779
sim7372,0.0
sim7373,11.11111111111111
sim7374,0.0
sim7375,0.0
sim7376,0.0
sim7377,0.0
sim7378,55.55555555555556
sim7379,0.0
sim7380,0.0
sim7381,55.55555555555556
sim7382,66.66666666666666
sim7383,0.0
sim7384,0.0
sim7385,0.0
sim7386,0.0
sim7387,88.88888888888889
sim7388,11.11111111111111
sim7389,55.55555555555556
sim7390,22.22222222222222
sim7391,0.0
sim7392,0.0
sim7393,0.0
sim7394,0.0
sim7395,33.33333333333333
sim7396,88.88888888888889
sim7397,0.0
sim7398,0.0
sim7399,88.88888888888889
sim7400,0.0
sim7401,0.0
sim7402,88.88888888888889
sim7403,0.0
sim7404,44.44444444444444
sim7405,0.0
sim7406,0.0
sim7407,11.11111111111111
sim7408,0.0
sim7409,44.44444444444444
sim7410,0.0
sim7411,0.0
sim7412,0.0
sim7413,0.0
sim7414,0.0
sim7415,88.88888888888889
sim7416,0.0
sim7417,22.22222222222222
sim7418,55.55555555555556
sim7419,0.0
sim7420,0.0
sim7421,0.0
sim7422,0.0
sim7423,0.0
sim7424,66.66666666666666
sim7425,0.0
sim7426,44.44444444444444
sim7427,0.0
sim7428,44.44444444444444
sim7429,0.0
sim7430,0.0
sim7431,0.0
sim7432,0.0
sim7433,0.0
sim7434,0.0
sim7435,0.0
sim7436,22.22222222222222
sim7437,0.0
sim7438,0.0
sim7439,77.77777777777779
sim7440,0.0
sim7441,77.77777777777779
sim7442,55.55555555555556
sim7443,0.0
sim7444,0.0
sim7445,0.0
sim7446,55.55555555555556
sim7447,0.0
sim7448,0.0
sim7449,55.55555555555556
sim7450,0.0
sim7451,0.0
sim7452,0.0
sim7453,0.0
sim7454,0.0
sim7455,100.0
sim7456,88.88888888888889
sim7457,0.0
sim7458,0.0
sim7459,55.55555555555556
sim7460,0.0
sim7461,11.11111111111111
sim7462,0.0
sim7463,0.0
sim7464,77.77777777777779
sim7465,22.22222222222222
sim7466,0.0
sim7467,0.0
sim7468,0.0
sim7469,0.0
sim7470,100.0
sim7471,0.0
sim7472,0.0
sim7473,0.0
sim7474,0.0
sim7475,77.77777777777779
sim7476,0.0
sim7477,66.66666666666666
sim7478,0.0
sim7479,0.0
sim7480,0.0
sim7481,0.0
sim7482,0.0
sim7483,33.33333333333333
sim7484,0.0
sim7485,22.22222222222222
sim7486,33.33333333333333
sim7487,0.0
sim7488,0.0
sim7489,77.77777777777779
sim7490,11.11111111111111
sim7491,0.0
sim7492,0.0
sim7493,0.0
sim7494,11.11111111111111
sim7495,0.0
sim7496,0.0
sim7497,0.0
sim7498,66.66666666666666
sim7499,0.0
sim7500,77.77777777777779
sim7501,0.0
sim7502,0.0
sim7503,0.0
sim7504,0.0
sim7505,77.77777777777779
sim7506,44.44444444444444
sim7507,0.0
sim7508,0.0
sim7509,44.44444444444444
sim7510,0.0
sim7511,77.77777777777779
sim7512,0.0
sim7513,0.0
sim7514,0.0
sim7515,0.0
sim7516,100.0
sim7517,0.0
sim7518,0.0
sim7519,11.11111111111111
sim7520,44.44444444444444
sim7521,0.0
sim7522,0.0
sim7523,33.33333333333333
sim7524,0.0
sim7525,0.0
sim7526,44.44444444444444
sim7527,0.0
sim7528,0.0
sim7529,0.0
sim7530,0.0
sim7531,44.44444444444444
sim7532,0.0
sim7533,88.88888888888889
sim7534,0.0
sim7535,0.0
sim7536,100.0
sim7537,0.0
sim7538,0.0
sim7539,77.77777777777779
sim7540,0.0
sim7541,0.0
sim7542,33.33333333333333
sim7543,0.0
sim7544,0.0
sim7545,0.0
sim7546,0.0
sim7547,0.0
sim7548,0.0
sim7549,11.11111111111111
sim7550,0.0
sim7551,0.0
sim7552,0.0
sim7553,0.0
sim7554,11.11111111111111
sim7555,11.11111111111111
sim7556,0.0
sim7557,100.0
sim7558,44.44444444444444
sim7559,0.0
sim7560,77.77777777777779
sim7561,0.0
sim7562,0.0
sim7563,0.0
sim7564,0.0
sim7565,0.0
sim7566,44.44444444444444
sim7567,0.0
sim7568,0.0
sim7569,22.22222222222222
sim7570,0.0
sim7571,44.44444444444444
sim7572,0.0
sim7573,22.22222222222222
sim7574,0.0
sim7575,0.0
sim7576,88.88888888888889
sim7577,0.0
sim7578,0.0
sim7579,33.33333333333333
sim7580,0.0
sim7581,0.0
sim7582,33.33333333333333
sim7583,0.0
sim7584,0.0
sim7585,0.0
sim7586,77.77777777777779
sim7587,0.0
sim7588,33.33333333333333
sim7589,0.0
sim7590,0.0
sim7591,66.66666666666666
sim7592,0.0
sim7593,100.0
sim7594,0.0
sim7595,0.0
sim7596,0.0
sim7597,0.0
sim7598,0.0
sim7599,33.33333333333333
sim7600,0.0
sim7601,0.0
sim7602,0.0
sim7603,0.0
sim7604,100.0
sim7605,0.0
sim7606,0.0
sim7607,22.22222222222222
sim7608,0.0
sim7609,55.55555555555556
sim7610,11.11111111111111
sim7611,0.0
sim7612,33.33333333333333
sim7613,0.0
sim7614,0.0
sim7615,55.55555555555556
sim7616,55.55555555555556
sim7617,77.77777777777779
sim7618,0.0
sim7619,0.0
sim7620,0.0
sim7621,0.0
sim7622,55.55555555555556
sim7623,0.0
sim7624,0.0
sim7625,0.0
sim7626,0.0
sim7627,77.77777777777779
sim7628,0.0
sim7629,11.11111111111111
sim7630,0.0
sim7631,0.0
sim7632,0.0
sim7633,0.0
sim7634,55.55555555555556
sim7635,0.0
sim7636,0.0
sim7637,55.55555555555556
sim7638,66.66666666666666
sim7639,0.0
sim7640,0.0
sim7641,0.0
sim7642,0.0
sim7643,88.88888888888889
sim7644,11.11111111111111
sim7645,55.55555555555556
sim7646,22.22222222222222
sim7647,0.0
sim7648,0.0
sim7649,0.0
sim7650,0.0
sim7651,44.44444444444444
sim7652,88.88888888888889
sim7653,0.0
sim7654,0.0
sim7655,88.88888888888889
sim7656,0.0
sim7657,0.0
sim7658,88.88888888888889
sim7659,0.0
sim7660,44.44444444444444
sim7661,0.0
sim7662,0.0
sim7663,11.11111111111111
sim7664,0.0
sim7665,44.44444444444444
sim7666,0.0
sim7667,0.0
sim7668,0.0
sim7669,0.0
sim7670,0.0
sim7671,88.88888888888889
sim7672,0.0
sim7673,22.22222222222222
sim7674,55.55555555555556
sim7675,0.0
sim7676,0.0
sim7677,0.0
sim7678,0.0
sim7679,0.0
sim7680,66.66666666666666
sim7681,0.0
sim7682,44.44444444444444
sim7683,0.0
sim7684,44.44444444444444
sim7685,0.0
sim7686,0.0
sim7687,0.0
sim7688,0.0
sim7689,0.0
sim7690,0.0
sim7691,0.0
sim7692,22.22222222222222
sim7693,0.0
sim7694,0.0
sim7695,77.77777777777779
sim7696,0.0
sim7697,77.77777777777779
sim7698,55.55555555555556
sim7699,0.0
sim7700,0.0
sim7701,0.0
sim7702,55.55555555555556
sim7703,0.0
sim7704,0.0
sim7705,55.55555555555556
sim7706,0.0
sim7707,0.0
sim7708,0.0
sim7709,0.0
sim7710,0.0
sim7711,100.0
sim7712,88.88888888888889
sim7713,0.0
sim7714,0.0
sim7715,44.44444444444444
sim7716,0.0
sim7717,11.11111111111111
sim7718,0.0
sim7719,0.0
sim7720,77.77777777777779
sim7721,22.22222222222222
sim7722,0.0
sim7723,0.0
sim7724,0.0
sim7725,0.0
sim7726,100.0
sim7727,0.0
sim7728,0.0
sim7729,0.0
sim7730,0.0
sim7731,77.77777777777779
sim7732,0.0
sim7733,66.66666666666666
sim7734,0.0
sim7735,0.0
sim7736,0.0
sim7737,0.0
sim7738,0.0
sim7739,44.44444444444444
sim7740,0.0
sim7741,22.22222222222222
sim7742,33.33333333333333
sim7743,0.0
sim7744,0.0
sim7745,77.77777777777779
sim7746,11.11111111111111
sim7747,0.0
sim7748,0.0
sim7749,0.0
sim7750,11.11111111111111
sim7751,0.0
sim7752,0.0
sim7753,0.0
sim7754,66.66666666666666
sim7755,0.0
sim7756,77.77777777777779
sim7757,0.0
sim7758,0.0
sim7759,0.0
sim7760,0.0
sim7761,77.77777777777779
sim7762,44.44444444444444
sim7763,0.0
sim7764,0.0
sim7765,44.44444444444444
sim7766,0.0
sim7767,77.77777777777779
sim7768,0.0
sim7769,0.0
sim7770,0.0
sim7771,0.0
sim7772,100.0
sim7773,0.0
sim7774,0.0
sim7775,11.11111111111111
sim7776,44.44444444444444
sim7777,0.0
sim7778,0.0
sim7779,33.33333333333333
sim7780,0.0
sim7781,0.0
sim7782,44.44444444444444
sim7783,0.0
sim7784,0.0
sim7785,0.0
sim7786,0.0
sim7787,44.44444444444444
sim7788,0.0
sim7789,88.88888888888889
sim7790,0.0
sim7791,0.0
sim7792,100.0
sim7793,0.0
sim7794,0.0
sim7795,77.77777777777779
sim7796,0.0
sim7797,0.0
sim7798,33.33333333333333
sim7799,0.0
sim7800,0.0
sim7801,0.0
sim7802,0.0
sim7803,0.0
sim7804,0.0
sim7805,11.11111111111111
sim7806,0.0
sim7807,0.0
sim7808,0.0
sim7809,0.0
sim7810,11.11111111111111
sim7811,11.11111111111111
sim7812,0.0
sim7813,100.0
sim7814,44.44444444444444
sim7815,0.0
sim7816,77.77777777777779
sim7817,0.0
sim7818,0.0
sim7819,0.0
sim7820,0.0
sim7821,0.0
sim7822,44.44444444444444
sim7823,0.0
sim7824,0.0
sim7825,22.22222222222222
sim7826,0.0
sim7827,44.44444444444444
sim7828,0.0
sim7829,22.22222222222222
sim7830,0.0
sim7831,0.0
sim7832,88.88888888888889
sim7833,0.0
sim7834,0.0
sim7835,33.33333333333333
sim7836,0.0
sim7837,0.0
sim7838,33.33333333333333
sim7839,0.0
sim7840,0.0
sim7841,0.0
sim7842,77.77777777777779
sim7843,0.0
sim7844,33.33333333333333
sim7845,0.0
sim7846,0.0
sim7847,66.66666666666666
sim7848,0.0
sim7849,100.0
sim7850,0.0
sim7851,0.0
sim7852,0.0
sim7853,0.0
sim7854,0.0
sim7855,33.33333333333333
sim7856,0.0
sim7857,0.0
sim7858,0.0
sim7859,0.0
sim7860,100.0
sim7861,0.0
sim7862,0.0
sim7863,22.22222222222222
sim7864,0.0
sim7865,55.55555555555556
sim7866,11.11111111111111
sim7867,0.0
sim7868,33.33333333333333
sim7869,0.0
sim7870,0.0
sim7871,55.55555555555556
sim7872,55.55555555555556
sim7873,77.77777777777779
sim7874,0.0
sim7875,0.0
sim7876,0.0
sim7877,0.0
sim7878,55.55555555555556
sim7879,0.0
sim7880,11.11111111111111
sim7881,0.0
sim7882,0.0
sim7883,77.77777777777779
sim7884,0.0
sim7885,22.22222222222222
sim7886,0.0
sim7887,0.0
sim7888,0.0
sim7889,0.0
sim7890,55.55555555555556
sim7891,0.0
sim7892,0.0
sim7893,55.55555555555556
sim7894,66.66666666666666
sim7895,0.0
sim7896,0.0
sim7897,0.0
sim7898,0.0
sim7899,88.88888888888889
sim7900,11.11111111111111
sim7901,55.55555555555556
sim7902,22.22222222222222
sim7903,0.0
sim7904,0.0
sim7905,0.0
sim7906,0.0
sim7907,44.44444444444444
sim7908,88.88888888888889
sim7909,0.0
sim7910,0.0
sim7911,88.88888888888889
sim7912,0.0
sim7913,0.0
sim7914,88.88888888888889
sim7915,0.0
sim7916,44.44444444444444
sim7917,0.0
sim7918,0.0
sim7919,11.11111111111111
sim7920,0.0
sim7921,44.44444444444444
sim7922,0.0
sim7923,0.0
sim7924,0.0
sim7925,0.0
sim7926,0.0
sim7927,88.88888888888889
sim7928,0.0
sim7929,22.22222222222222
sim7930,55.55555555555556
sim7931,0.0
sim7932,0.0
sim7933,0.0
sim7934,0.0
sim7935,0.0
sim7936,66.66666666666666
sim7937,0.0
sim7938,44.44444444444444
sim7939,0.0
sim7940,44.44444444444444
sim7941,0.0
sim7942,0.0
sim7943,0.0
sim7944,0.0
sim7945,0.0
sim7946,0.0
sim7947,0.0
sim7948,22.22222222222222
sim7949,0.0
sim7950,0.0
sim7951,77.77777777777779
sim7952,0.0
sim7953,77.77777777777779
sim7954,55.55555555555556
sim7955,0.0
sim7956,0.0
sim7957,0.0
sim7958,44.44444444444444
sim7959,0.0
sim7960,0.0
sim7961,55.55555555555556
sim7962,0.0
sim7963,0.0
sim7964,0.0
sim7965,0.0
sim7966,0.0
sim7967,100.0
sim7968,88.88888888888889
sim7969,0.0
sim7970,0.0
sim7971,55.55555555555556
sim7972,0.0
sim7973,11.11111111111111
sim7974,0.0
sim7975,0.0
sim7976,77.77777777777779
sim7977,22.22222222222222
sim7978,0.0
sim7979,0.0
sim7980,0.0
sim7981,0.0
sim7982,100.0
sim7983,0.0
sim7984,0.0
sim7985,0.0
sim7986,0.0
sim7987,77.77777777777779
sim7988,0.0
sim7989,66.66666666666666
sim7990,0.0
sim7991,0.0
sim7992,0.0
sim7993,0.0
sim7994,0.0
sim7995,44.44444444444444
sim7996,0.0
sim7997,22.22222222222222
sim7998,33.33333333333333
sim7999,0.0
sim8000,0.0
sim8001,77.77777777777779
sim8002,11.11111111111111
sim8003,0.0
sim8004,0.0
sim8005,0.0
sim8006,11.11111111111111
sim8007,0.0
sim8008,0.0
sim8009,0.0
sim8010,66.66666666666666
sim8011,0.0
sim8012,77.77777777777779
sim8013,0.0
sim8014,0.0
sim8015,0.0
sim8016,0.0
sim8017,77.77777777777779
sim8018,44.44444444444444
sim8019,0.0
sim8020,0.0
sim8021,44.44444444444444
sim8022,0.0
sim8023,77.77777777777779
sim8024,0.0
sim8025,0.0
sim8026,0.0
sim8027,0.0
sim8028,100.0
sim8029,0.0
sim8030,0.0
sim8031,11.11111111111111
sim8032,44.44444444444444
sim8033,0.0
sim8034,0.0
sim8035,33.33333333333333
sim8036,0.0
sim8037,0.0
sim8038,44.44444444444444
sim8039,0.0
sim8040,0.0
sim8041,0.0
sim8042,0.0
sim8043,44.44444444444444
sim8044,0.0
sim8045,88.88888888888889
sim8046,0.0
sim8047,0.0
sim8048,100.0
sim8049,0.0
sim8050,0.0
sim8051,77.77777777777779
sim8052,0.0
sim8053,0.0
sim8054,33.33333333333333
sim8055,0.0
sim8056,0.0
sim8057,0.0
sim8058,0.0
sim8059,0.0
sim8060,0.0
sim8061,11.11111111111111
sim8062,0.0
sim8063,0.0
sim8064,0.0
sim8065,0.0
sim8066,11.11111111111111
sim8067,11.11111111111111
sim8068,0.0
sim8069,100.0
sim8070,44.44444444444444
sim8071,0.0
sim8072,77.77777777777779
sim8073,0.0
sim8074,0.0
sim8075,0.0
sim8076,0.0
sim8077,0.0
sim8078,44.44444444444444
sim8079,0.0
sim8080,0.0
sim8081,22.22222222222222
sim8082,0.0
sim8083,44.44444444444444
sim8084,0.0
sim8085,22.22222222222222
sim8086,0.0
sim8087,0.0
sim8088,88.88888888888889
sim8089,0.0
sim8090,0.0
sim8091,33.33333333333333
sim8092,0.0
sim8093,0.0
sim8094,33.33333333333333
sim8095,0.0
sim8096,0.0
sim8097,0.0
sim8098,77.77777777777779
sim8099,0.0
sim8100,33.33333333333333
sim8101,0.0
sim8102,0.0
sim8103,66.66666666666666
sim8104,0.0
sim8105,100.0
sim8106,0.0
sim8107,0.0
sim8108,0.0
sim8109,0.0
sim8110,0.0
sim8111,33.33333333333333
sim8112,0.0
sim8113,0.0
sim8114,0.0
sim8115,0.0
sim8116,100.0
sim8117,0.0
sim8118,0.0
sim8119,22.22222222222222
sim8120,0.0
sim8121,55.55555555555556
sim8122,11.11111111111111
sim8123,0.0
sim8124,33.33333333333333
sim8125,0.0
sim8126,0.0
sim8127,55.55555555555556
sim8128,55.55555555555556
sim8129,77.77777777777779
sim8130,0.0
sim8131,0.0
sim8132,0.0
sim8133,0.0
sim8134,55.55555555555556
sim8135,0.0
sim8136,11.11111111111111
sim8137,0.0
sim8138,0.0
sim8139,77.77777777777779
sim8140,0.0
sim8141,11.11111111111111
sim8142,0.0
sim8143,0.0
sim8144,0.0
sim8145,0.0
sim8146,55.55555555555556
sim8147,0.0
sim8148,0.0
sim8149,55.55555555555556
sim8150,66.66666666666666
sim8151,0.0
sim8152,0.0
sim8153,0.0
sim8154,0.0
sim8155,88.88888888888889
sim8156,11.11111111111111
sim8157,55.55555555555556
sim8158,22.22222222222222
sim8159,0.0
sim8160,0.0
sim8161,0.0
sim8162,0.0
sim8163,33.33333333333333
sim8164,88.88888888888889
sim8165,0.0
sim8166,0.0
sim8167,88.88888888888889
sim8168,0.0
sim8169,0.0
sim8170,88.88888888888889
sim8171,0.0
sim8172,44.44444444444444
sim8173,0.0
sim8174,0.0
sim8175,11.11111111111111
sim8176,0.0
sim8177,44.44444444444444
sim8178,0.0
sim8179,0.0
sim8180,0.0
sim8181,0.0
sim8182,0.0
sim8183,88.88888888888889
sim8184,0.0
sim8185,22.22222222222222
sim8186,55.55555555555556
sim8187,0.0
sim8188,0.0
sim8189,0.0
sim8190,0.0
sim8191,0.0
sim8192,66.66666666666666
sim8193,0.0
sim8194,44.44444444444444
sim8195,0.0
sim8196,33.33333333333333
sim8197,0.0
sim8198,0.0
sim8199,0.0
sim8200,0.0
sim8201,0.0
sim8202,0.0
sim8203,0.0
sim8204,22.22222222222222
sim8205,0.0
sim8206,0.0
sim8207,77.77777777777779
sim8208,0.0
sim8209,77.77777777777779
sim8210,55.55555555555556
sim8211,0.0
sim8212,0.0
sim8213,0.0
sim8214,55.55555555555556
sim8215,0.0
sim8216,0.0
sim8217,55.55555555555556
sim8218,0.0
sim8219,0.0
sim8220,0.0
sim8221,0.0
sim8222,0.0
sim8223,100.0
sim8224,88.88888888888889
sim8225,0.0
sim8226,0.0
sim8227,33.33333333333333
sim8228,0.0
sim8229,11.11111111111111
sim8230,0.0
sim8231,0.0
sim8232,77.77777777777779
sim8233,22.22222222222222
sim8234,0.0
sim8235,0.0
sim8236,0.0
sim8237,0.0
sim8238,100.0
sim8239,0.0
sim8240,0.0
sim8241,0.0
sim8242,0.0
sim8243,77.77777777777779
sim8244,0.0
sim8245,66.66666666666666
sim8246,0.0
sim8247,0.0
sim8248,0.0
sim8249,0.0
sim8250,0.0
sim8251,44.44444444444444
sim8252,0.0
sim8253,22.22222222222222
sim8254,44.44444444444444
sim8255,0.0
sim8256,0.0
sim8257,77.77777777777779
sim8258,11.11111111111111
sim8259,0.0
sim8260,0.0
sim8261,0.0
sim8262,11.11111111111111
sim8263,0.0
sim8264,0.0
sim8265,0.0
sim8266,66.66666666666666
sim8267,0.0
sim8268,77.77777777777779
sim8269,0.0
sim8270,0.0
sim8271,0.0
sim8272,0.0
sim8273,77.77777777777779
sim8274,44.44444444444444
sim8275,0.0
sim8276,0.0
sim8277,44.44444444444444
sim8278,0.0
sim8279,77.77777777777779
sim8280,0.0
sim8281,0.0
sim8282,0.0
sim8283,0.0
sim8284,100.0
sim8285,0.0
sim8286,0.0
sim8287,11.11111111111111
sim8288,44.44444444444444
sim8289,0.0
sim8290,0.0
sim8291,33.33333333333333
sim8292,0.0
sim8293,0.0
sim8294,44.44444444444444
sim8295,0.0
sim8296,0.0
sim8297,0.0
sim8298,0.0
sim8299,44.44444444444444
sim8300,0.0
sim8301,88.88888888888889
sim8302,0.0
sim8303,0.0
sim8304,100.0
sim8305,0.0
sim8306,0.0
sim8307,77.77777777777779
sim8308,0.0
sim8309,0.0
sim8310,33.33333333333333
sim8311,0.0
sim8312,0.0
sim8313,0.0
sim8314,0.0
sim8315,0.0
sim8316,0.0
sim8317,11.11111111111111
sim8318,0.0
sim8319,0.0
sim8320,0.0
sim8321,0.0
sim8322,0.0
sim8323,11.11111111111111
sim8324,0.0
sim8325,100.0
sim8326,44.44444444444444
sim8327,0.0
sim8328,77.77777777777779
sim8329,0.0
sim8330,0.0
sim8331,0.0
sim8332,0.0
sim8333,0.0
sim8334,44.44444444444444
sim8335,0.0
sim8336,0.0
sim8337,22.22222222222222
sim8338,0.0
sim8339,44.44444444444444
sim8340,0.0
sim8341,22.22222222222222
sim8342,0.0
sim8343,0.0
sim8344,88.88888888888889
sim8345,0.0
sim8346,0.0
sim8347,33.33333333333333
sim8348,0.0
sim8349,0.0
sim8350,22.22222222222222
sim8351,0.0
sim8352,0.0
sim8353,0.0
sim8354,77.77777777777779
sim8355,0.0
sim8356,33.33333333333333
sim8357,0.0
sim8358,0.0
sim8359,66.66666666666666
sim8360,0.0
sim8361,100.0
sim8362,0.0
sim8363,0.0
sim8364,0.0
sim8365,0.0
sim8366,0.0
sim8367,33.33333333333333
sim8368,0.0
sim8369,0.0
sim8370,0.0
sim8371,0.0
sim8372,100.0
sim8373,0.0
sim8374,0.0
sim8375,22.22222222222222
sim8376,0.0
sim8377,55.55555555555556
sim8378,11.11111111111111
sim8379,0.0
sim8380,33.33333333333333
sim8381,0.0
sim8382,0.0
sim8383,55.55555555555556
sim8384,55.55555555555556
sim8385,77.77777777777779
sim8386,0.0
sim8387,0.0
sim8388,0.0
sim8389,0.0
sim8390,66.66666666666666
sim8391,0.0
sim8392,11.11111111111111
sim8393,0.0
sim8394,0.0
sim8395,77.77777777777779
sim8396,0.0
sim8397,22.22222222222222
sim8398,0.0
sim8399,0.0
sim8400,0.0
sim8401,0.0
sim8402,55.55555555555556
sim8403,0.0
sim8404,0.0
sim8405,55.55555555555556
sim8406,66.66666666666666
sim8407,0.0
sim8408,0.0
sim8409,0.0
sim8410,0.0
sim8411,88.88888888888889
sim8412,11.11111111111111
sim8413,55.55555555555556
sim8414,22.22222222222222
sim8415,0.0
sim8416,0.0
sim8417,0.0
sim8418,0.0
sim8419,44.44444444444444
sim8420,88.88888888888889
sim8421,0.0
sim8422,0.0
sim8423,88.88888888888889
sim8424,0.0
sim8425,0.0
sim8426,88.88888888888889
sim8427,0.0
sim8428,44.44444444444444
sim8429,0.0
sim8430,0.0
sim8431,11.11111111111111
sim8432,0.0
sim8433,44.44444444444444
sim8434,0.0
sim8435,0.0
sim8436,0.0
sim8437,0.0
sim8438,0.0
sim8439,88.88888888888889
sim8440,0.0
sim8441,22.22222222222222
sim8442,55.55555555555556
sim8443,0.0
sim8444,0.0
sim8445,0.0
sim8446,0.0
sim8447,0.0
sim8448,66.66666666666666
sim8449,0.0
sim8450,44.44444444444444
sim8451,0.0
sim8452,44.44444444444444
sim8453,0.0
sim8454,0.0
sim8455,0.0
sim8456,0.0
sim8457,0.0
sim8458,0.0
sim8459,0.0
sim8460,22.22222222222222
sim8461,0.0
sim8462,0.0
sim8463,77.77777777777779
sim8464,0.0
sim8465,77.77777777777779
sim8466,55.55555555555556
sim8467,0.0
sim8468,0.0
sim8469,0.0
sim8470,55.55555555555556
sim8471,0.0
sim8472,0.0
sim8473,55.55555555555556
sim8474,0.0
sim8475,0.0
sim8476,0.0
sim8477,0.0
sim8478,0.0
sim8479,100.0
sim8480,88.88888888888889
sim8481,0.0
sim8482,0.0
sim8483,44.44444444444444
sim8484,0.0
sim8485,11.11111111111111
sim8486,0.0
sim8487,0.0
sim8488,77.77777777777779
sim8489,22.22222222222222
sim8490,0.0
sim8491,0.0
sim8492,0.0
sim8493,0.0
sim8494,100.0
sim8495,0.0
sim8496,0.0
sim8497,0.0
sim8498,0.0
sim8499,77.77777777777779
sim8500,0.0
sim8501,66.66666666666666
sim8502,0.0
sim8503,0.0
sim8504,0.0
sim8505,0.0
sim8506,0.0
sim8507,44.44444444444444
sim8508,0.0
sim8509,22.22222222222222
sim8510,33.33333333333333
sim8511,0.0
sim8512,0.0
sim8513,77.77777777777779
sim8514,11.11111111111111
sim8515,0.0
sim8516,0.0
sim8517,0.0
sim8518,11.11111111111111
sim8519,0.0
sim8520,0.0
sim8521,0.0
sim8522,66.66666666666666
sim8523,0.0
sim8524,77.77777777777779
sim8525,0.0
sim8526,0.0
sim8527,0.0
sim8528,0.0
sim8529,77.77777777777779
sim8530,44.44444444444444
sim8531,0.0
sim8532,0.0
sim8533,44.44444444444444
sim8534,0.0
sim8535,77.77777777777779
sim8536,0.0
sim8537,0.0
sim8538,0.0
sim8539,0.0
sim8540,100.0
sim8541,0.0
sim8542,0.0
sim8543,11.11111111111111
sim8544,44.44444444444444
sim8545,0.0
sim8546,0.0
sim8547,33.33333333333333
sim8548,0.0
sim8549,0.0
sim8550,44.44444444444444
sim8551,0.0
sim8552,0.0
sim8553,0.0
sim8554,0.0
sim8555,44.44444444444444
sim8556,0.0
sim8557,88.88888888888889
sim8558,0.0
sim8559,0.0
sim8560,100.0
sim8561,0.0
sim8562,0.0
sim8563,77.77777777777779
sim8564,0.0
sim8565,0.0
sim8566,33.33333333333333
sim8567,0.0
sim8568,0.0
sim8569,0.0
sim8570,0.0
sim8571,0.0
sim8572,0.0
sim8573,11.11111111111111
sim8574,0.0
sim8575,0.0
sim8576,0.0
sim8577,0.0
sim8578,11.11111111111111
sim8579,11.11111111111111
sim8580,0.0
sim8581,100.0
sim8582,44.44444444444444
sim8583,0.0
sim8584,77.77777777777779
sim8585,0.0
sim8586,0.0
sim8587,0.0
sim8588,0.0
sim8589,0.0
sim8590,44.44444444444444
sim8591,0.0
sim8592,0.0
sim8593,22.22222222222222
sim8594,0.0
sim8595,44.44444444444444
sim8596,0.0
sim8597,22.22222222222222
sim8598,0.0
sim8599,0.0
sim8600,88.88888888888889
sim8601,0.0
sim8602,0.0
sim8603,33.33333333333333
sim8604,0.0
sim8605,0.0
sim8606,33.33333333333333
sim8607,0.0
sim8608,0.0
sim8609,0.0
sim8610,77.77777777777779
sim8611,0.0
sim8612,33.33333333333333
sim8613,0.0
sim8614,0.0
sim8615,66.66666666666666
sim8616,0.0
sim8617,100.0
sim8618,0.0
sim8619,0.0
sim8620,0.0
sim8621,0.0
sim8622,0.0
sim8623,33.33333333333333
sim8624,0.0
sim8625,0.0
sim8626,0.0
sim8627,0.0
sim8628,100.0
sim8629,0.0
sim8630,0.0
sim8631,22.22222222222222
sim8632,0.0
sim8633,55.55555555555556
sim8634,11.11111111111111
sim8635,0.0
sim8636,33.33333333333333
sim8637,0.0
sim8638,0.0
sim8639,55.55555555555556
sim8640,55.55555555555556
sim8641,77.77777777777779
sim8642,0.0
sim8643,0.0
sim8644,0.0
sim8645,0.0
sim8646,55.55555555555556
sim8647,0.0
sim8648,11.11111111111111
sim8649,0.0
sim8650,0.0
sim8651,77.77777777777779
sim8652,0.0
sim8653,11.11111111111111
sim8654,0.0
sim8655,0.0
sim8656,0.0
sim8657,0.0
sim8658,55.55555555555556
sim8659,0.0
sim8660,0.0
sim8661,55.55555555555556
sim8662,66.66666666666666
sim8663,0.0
sim8664,0.0
sim8665,0.0
sim8666,0.0
sim8667,88.88888888888889
sim8668,11.11111111111111
sim8669,55.55555555555556
sim8670,22.22222222222222
sim8671,0.0
sim8672,0.0
sim8673,0.0
sim8674,0.0
sim8675,44.44444444444444
sim8676,88.88888888888889
sim8677,0.0
sim8678,0.0
sim8679,88.88888888888889
sim8680,0.0
sim8681,0.0
sim8682,88.88888888888889
sim8683,0.0
sim8684,44.44444444444444
sim8685,0.0
sim8686,0.0
sim8687,11.11111111111111
sim8688,0.0
sim8689,44.44444444444444
sim8690,0.0
sim8691,0.0
sim8692,0.0
sim8693,0.0
sim8694,0.0
sim8695,88.88888888888889
sim8696,0.0
sim8697,22.22222222222222
sim8698,55.55555555555556
sim8699,0.0
sim8700,0.0
sim8701,0.0
sim8702,0.0
sim8703,0.0
sim8704,66.66666666666666
sim8705,0.0
sim8706,44.44444444444444
sim8707,0.0
sim8708,33.33333333333333
sim8709,0.0
sim8710,0.0
sim8711,0.0
sim8712,0.0
sim8713,0.0
sim8714,0.0
sim8715,0.0
sim8716,22.22222222222222
sim8717,0.0
sim8718,0.0
sim8719,77.77777777777779
sim8720,0.0
sim8721,77.77777777777779
sim8722,55.55555555555556
sim8723,0.0
sim8724,0.0
sim8725,0.0
sim8726,44.44444444444444
sim8727,0.0
sim8728,0.0
sim8729,55.55555555555556
sim8730,0.0
sim8731,0.0
sim8732,0.0
sim8733,0.0
sim8734,0.0
sim8735,100.0
sim8736,88.88888888888889
sim8737,0.0
sim8738,0.0
sim8739,44.44444444444444
sim8740,0.0
sim8741,11.11111111111111
sim8742,0.0
sim8743,0.0
sim8744,77.77777777777779
sim8745,22.22222222222222
sim8746,0.0
sim8747,0.0
sim8748,0.0
sim8749,0.0
sim8750,100.0
sim8751,0.0
sim8752,0.0
sim8753,0.0
sim8754,0.0
sim8755,77.77777777777779
sim8756,0.0
sim8757,66.66666666666666
sim8758,0.0
sim8759,0.0
sim8760,0.0
sim8761,0.0
sim8762,0.0
sim8763,44.44444444444444
sim8764,0.0
sim8765,22.22222222222222
sim8766,33.33333333333333
sim8767,0.0
sim8768,0.0
sim8769,77.77777777777779
sim8770,11.11111111111111
sim8771,0.0
sim8772,0.0
sim8773,0.0
sim8774,11.11111111111111
sim8775,0.0
sim8776,0.0
sim8777,0.0
sim8778,66.66666666666666
sim8779,0.0
sim8780,77.77777777777779
sim8781,0.0
sim8782,0.0
sim8783,0.0
sim8784,0.0
sim8785,77.77777777777779
sim8786,44.44444444444444
sim8787,0.0
sim8788,0.0
sim8789,44.44444444444444
sim8790,0.0
sim8791,77.77777777777779
sim8792,0.0
sim8793,0.0
sim8794,0.0
sim8795,0.0
sim8796,100.0
sim8797,0.0
sim8798,0.0
sim8799,11.11111111111111
sim8800,44.44444444444444
sim8801,0.0
sim8802,0.0
sim8803,33.33333333333333
sim8804,0.0
sim8805,0.0
sim8806,44.44444444444444
sim8807,0.0
sim8808,0.0
sim8809,0.0
sim8810,0.0
sim8811,44.44444444444444
sim8812,0.0
sim8813,88.88888888888889
sim8814,0.0
sim8815,0.0
sim8816,100.0
sim8817,0.0
sim8818,0.0
sim8819,77.77777777777779
sim8820,0.0
sim8821,0.0
sim8822,33.33333333333333
sim8823,0.0
sim8824,0.0
sim8825,0.0
sim8826,0.0
sim8827,0.0
sim8828,0.0
sim8829,11.11111111111111
sim8830,0.0
sim8831,0.0
sim8832,0.0
sim8833,0.0
sim8834,11.11111111111111
sim8835,11.11111111111111
sim8836,0.0
sim8837,100.0
sim8838,44.44444444444444
sim8839,0.0
sim8840,77.77777777777779
sim8841,0.0
sim8842,0.0
sim8843,0.0
sim8844,0.0
sim8845,0.0
sim8846,44.44444444444444
sim8847,0.0
sim8848,0.0
sim8849,22.22222222222222
sim8850,0.0
sim8851,44.44444444444444
sim8852,0.0
sim8853,22.22222222222222
sim8854,0.0
sim8855,0.0
sim8856,88.88888888888889
sim8857,0.0
sim8858,0.0
sim8859,33.33333333333333
sim8860,0.0
sim8861,0.0
sim8862,33.33333333333333
sim8863,0.0
sim8864,0.0
sim8865,0.0
sim8866,77.77777777777779
sim8867,0.0
sim8868,33.33333333333333
sim8869,0.0
sim8870,0.0
sim8871,77.77777777777779
sim8872,0.0
sim8873,100.0
sim8874,0.0
sim8875,0.0
sim8876,0.0
sim8877,0.0
sim8878,0.0
sim8879,33.33333333333333
sim8880,0.0
sim8881,0.0
sim8882,0.0
sim8883,0.0
sim8884,100.0
sim8885,0.0
sim8886,0.0
sim8887,22.22222222222222
sim8888,0.0
sim8889,55.55555555555556
sim8890,11.11111111111111
sim8891,0.0
sim8892,33.33333333333333
sim8893,0.0
sim8894,0.0
sim8895,55.55555555555556
sim8896,55.55555555555556
sim8897,77.77777777777779
sim8898,0.0
sim8899,0.0
sim8900,0.0
sim8901,0.0
sim8902,55.55555555555556
sim8903,0.0
sim8904,0.0
sim8905,0.0
sim8906,0.0
sim8907,77.77777777777779
sim8908,0.0
sim8909,11.11111111111111
sim8910,0.0
sim8911,0.0
sim8912,0.0
sim8913,0.0
sim8914,55.55555555555556
sim8915,0.0
sim8916,0.0
sim8917,55.55555555555556
sim8918,66.66666666666666
sim8919,0.0
sim8920,0.0
sim8921,0.0
sim8922,0.0
sim8923,88.88888888888889
sim8924,11.11111111111111
sim8925,55.55555555555556
sim8926,22.22222222222222
sim8927,0.0
sim8928,0.0
sim8929,0.0
sim8930,0.0
sim8931,33.33333333333333
sim8932,88.88888888888889
sim8933,0.0
sim8934,0.0
sim8935,88.88888888888889
sim8936,0.0
sim8937,0.0
sim8938,100.0
sim8939,0.0
sim8940,44.44444444444444
sim8941,0.0
sim8942,0.0
sim8943,11.11111111111111
sim8944,0.0
sim8945,44.44444444444444
sim8946,0.0
sim8947,0.0
sim8948,0.0
sim8949,0.0
sim8950,0.0
sim8951,88.88888888888889
sim8952,0.0
sim8953,22.22222222222222
sim8954,55.55555555555556
sim8955,0.0
sim8956,0.0
sim8957,0.0
sim8958,0.0
sim8959,0.0
sim8960,66.66666666666666
sim8961,0.0
sim8962,44.44444444444444
sim8963,0.0
sim8964,44.44444444444444
sim8965,0.0
sim8966,0.0
sim8967,0.0
sim8968,0.0
sim8969,0.0
sim8970,0.0
sim8971,0.0
sim8972,22.22222222222222
sim8973,0.0
sim8974,0.0
sim8975,77.77777777777779
sim8976,0.0
sim8977,77.77777777777779
sim8978,55.55555555555556
sim8979,0.0
sim8980,0.0
sim8981,0.0
sim8982,55.55555555555556
sim8983,0.0
sim8984,0.0
sim8985,55.55555555555556
sim8986,0.0
sim8987,0.0
sim8988,0.0
sim8989,0.0
sim8990,0.0
sim8991,100.0
sim8992,88.88888888888889
sim8993,0.0
sim8994,0.0
sim8995,44.44444444444444
sim8996,0.0
sim8997,11.11111111111111
sim8998,0.0
sim8999,0.0
sim9000,77.77777777777779
sim9001,22.22222222222222
sim9002,0.0
sim9003,0.0
sim9004,0.0
sim9005,0.0
sim9006,100.0
sim9007,0.0
sim9008,0.0
sim9009,0.0
sim9010,0.0
sim9011,77.77777777777779
sim9012,0.0
sim9013,66.66666666666666
sim9014,0.0
sim9015,0.0
sim9016,0.0
sim9017,0.0
sim9018,0.0
sim9019,44.44444444444444
sim9020,0.0
sim9021,22.22222222222222
sim9022,33.33333333333333
sim9023,0.0
sim9024,0.0
sim9025,77.77777777777779
sim9026,11.11111111111111
sim9027,0.0
sim9028,0.0
sim9029,0.0
sim9030,11.11111111111111
sim9031,0.0
sim9032,0.0
sim9033,0.0
sim9034,66.66666666666666
sim9035,0.0
sim9036,77.77777777777779
sim9037,0.0
sim9038,0.0
sim9039,0.0
sim9040,0.0
sim9041,77.77777777777779
sim9042,44.44444444444444
sim9043,0.0
sim9044,0.0
sim9045,44.44444444444444
sim9046,0.0
sim9047,77.77777777777779
sim9048,0.0
sim9049,0.0
sim9050,0.0
sim9051,0.0
sim9052,100.0
sim9053,0.0
sim9054,0.0
sim9055,11.11111111111111
sim9056,44.44444444444444
sim9057,0.0
sim9058,0.0
sim9059,33.33333333333333
sim9060,0.0
sim9061,0.0
sim9062,44.44444444444444
sim9063,0.0
sim9064,0.0
sim9065,0.0
sim9066,0.0
sim9067,44.44444444444444
sim9068,0.0
sim9069,88.88888888888889
sim9070,0.0
sim9071,0.0
sim9072,100.0
sim9073,0.0
sim9074,0.0
sim9075,77.77777777777779
sim9076,0.0
sim9077,0.0
sim9078,33.33333333333333
sim9079,0.0
sim9080,0.0
sim9081,0.0
sim9082,0.0
sim9083,0.0
sim9084,0.0
sim9085,11.11111111111111
sim9086,0.0
sim9087,0.0
sim9088,0.0
sim9089,0.0
sim9090,11.11111111111111
sim9091,11.11111111111111
sim9092,0.0
sim9093,100.0
sim9094,44.44444444444444
sim9095,0.0
sim9096,77.77777777777779
sim9097,0.0
sim9098,0.0
sim9099,0.0
sim9100,0.0
sim9101,0.0
sim9102,44.44444444444444
sim9103,0.0
sim9104,0.0
sim9105,22.22222222222222
sim9106,0.0
sim9107,44.44444444444444
sim9108,0.0
sim9109,22.22222222222222
sim9110,0.0
sim9111,0.0
sim9112,88.88888888888889
sim9113,0.0
sim9114,0.0
sim9115,33.33333333333333
sim9116,0.0
sim9117,0.0
sim9118,33.33333333333333
sim9119,0.0
sim9120,0.0
sim9121,0.0
sim9122,77.77777777777779
sim9123,0.0
sim9124,33.33333333333333
sim9125,0.0
sim9126,0.0
sim9127,66.66666666666666
sim9128,0.0
sim9129,100.0
sim9130,0.0
sim9131,0.0
sim9132,0.0
sim9133,0.0
sim9134,0.0
sim9135,33.33333333333333
sim9136,0.0
sim9137,0.0
sim9138,0.0
sim9139,0.0
sim9140,100.0
sim9141,0.0
sim9142,0.0
sim9143,33.33333333333333
sim9144,0.0
sim9145,55.55555555555556
sim9146,11.11111111111111
sim9147,0.0
sim9148,33.33333333333333
sim9149,0.0
sim9150,0.0
sim9151,55.55555555555556
sim9152,55.55555555555556
sim9153,77.77777777777779
sim9154,0.0
sim9155,0.0
sim9156,0.0
sim9157,0.0
sim9158,55.55555555555556
sim9159,0.0
sim9160,0.0
sim9161,0.0
sim9162,0.0
sim9163,77.77777777777779
sim9164,0.0
sim9165,11.11111111111111
sim9166,0.0
sim9167,0.0
sim9168,0.0
sim9169,0.0
sim9170,55.55555555555556
sim9171,0.0
sim9172,0.0
sim9173,55.55555555555556
sim9174,66.66666666666666
sim9175,0.0
sim9176,0.0
sim9177,0.0
sim9178,0.0
sim9179,88.88888888888889
sim9180,11.11111111111111
sim9181,55.55555555555556
sim9182,22.22222222222222
sim9183,0.0
sim9184,0.0
sim9185,0.0
sim9186,0.0
sim9187,44.44444444444444
sim9188,88.88888888888889
sim9189,0.0
sim9190,0.0
sim9191,88.88888888888889
sim9192,0.0
sim9193,0.0
sim9194,100.0
sim9195,0.0
sim9196,44.44444444444444
sim9197,0.0
sim9198,0.0
sim9199,11.11111111111111
sim9200,0.0
sim9201,44.44444444444444
sim9202,0.0
sim9203,0.0
sim9204,0.0
sim9205,0.0
sim9206,0.0
sim9207,88.88888888888889
sim9208,0.0
sim9209,22.22222222222222
sim9210,55.55555555555556
sim9211,0.0
sim9212,0.0
sim9213,0.0
sim9214,0.0
sim9215,0.0
sim9216,66.66666666666666
sim9217,0.0
sim9218,44.44444444444444
sim9219,0.0
sim9220,33.33333333333333
sim9221,0.0
sim9222,0.0
sim9223,0.0
sim9224,0.0
sim9225,0.0
sim9226,0.0
sim9227,0.0
sim9228,22.22222222222222
sim9229,0.0
sim9230,0.0
sim9231,77.77777777777779
sim9232,0.0
sim9233,77.77777777777779
sim9234,55.55555555555556
sim9235,0.0
sim9236,0.0
sim9237,0.0
sim9238,55.55555555555556
sim9239,0.0
sim9240,0.0
sim9241,55.55555555555556
sim9242,0.0
sim9243,0.0
sim9244,0.0
sim9245,0.0
sim9246,0.0
sim9247,100.0
sim9248,88.88888888888889
sim9249,0.0
sim9250,0.0
sim9251,44.44444444444444
sim9252,0.0
sim9253,11.11111111111111
sim9254,0.0
sim9255,0.0
sim9256,77.77777777777779
sim9257,22.22222222222222
sim9258,0.0
sim9259,0.0
sim9260,0.0
sim9261,0.0
sim9262,100.0
sim9263,0.0
sim9264,0.0
sim9265,0.0
sim9266,0.0
sim9267,77.77777777777779
sim9268,0.0
sim9269,66.66666666666666
sim9270,0.0
sim9271,0.0
sim9272,0.0
sim9273,0.0
sim9274,0.0
sim9275,44.44444444444444
sim9276,0.0
sim9277,22.22222222222222
sim9278,33.33333333333333
sim9279,0.0
sim9280,0.0
sim9281,77.77777777777779
sim9282,11.11111111111111
sim9283,0.0
sim9284,0.0
sim9285,0.0
sim9286,11.11111111111111
sim9287,0.0
sim9288,0.0
sim9289,0.0
sim9290,66.66666666666666
sim9291,0.0
sim9292,77.77777777777779
sim9293,0.0
sim9294,0.0
sim9295,0.0
sim9296,0.0
sim9297,77.77777777777779
sim9298,44.44444444444444
sim9299,0.0
sim9300,0.0
sim9301,44.44444444444444
sim9302,0.0
sim9303,77.77777777777779
sim9304,0.0
sim9305,0.0
sim9306,0.0
sim9307,0.0
sim9308,100.0
sim9309,0.0
sim9310,0.0
sim9311,11.11111111111111
sim9312,44.44444444444444
sim9313,0.0
sim9314,0.0
sim9315,33.33333333333333
sim9316,0.0
sim9317,0.0
sim9318,44.44444444444444
sim9319,0.0
sim9320,0.0
sim9321,0.0
sim9322,0.0
sim9323,44.44444444444444
sim9324,0.0
sim9325,88.88888888888889
sim9326,0.0
sim9327,0.0
sim9328,100.0
sim9329,0.0
sim9330,0.0
sim9331,77.77777777777779
sim9332,0.0
sim9333,0.0
sim9334,33.33333333333333
sim9335,0.0
sim9336,0.0
sim9337,0.0
sim9338,0.0
sim9339,0.0
sim9340,0.0
sim9341,11.11111111111111
sim9342,0.0
sim9343,0.0
sim9344,0.0
sim9345,0.0
sim9346,11.11111111111111
sim9347,11.11111111111111
sim9348,0.0
sim9349,100.0
sim9350,44.44444444444444
sim9351,0.0
sim9352,77.77777777777779
sim9353,0.0
sim9354,0.0
sim9355,0.0
sim9356,0.0
sim9357,0.0
sim9358,44.44444444444444
sim9359,0.0
sim9360,0.0
sim9361,22.22222222222222
sim9362,0.0
sim9363,44.44444444444444
sim9364,0.0
sim9365,22.22222222222222
sim9366,0.0
sim9367,0.0
sim9368,88.88888888888889
sim9369,0.0
sim9370,0.0
sim9371,33.33333333333333
sim9372,0.0
sim9373,0.0
sim9374,33.33333333333333
sim9375,0.0
sim9376,0.0
sim9377,0.0
sim9378,77.77777777777779
sim9379,0.0
sim9380,33.33333333333333
sim9381,0.0
sim9382,0.0
sim9383,66.66666666666666
sim9384,0.0
sim9385,100.0
sim9386,0.0
sim9387,0.0
sim9388,0.0
sim9389,0.0
sim9390,0.0
sim9391,33.33333333333333
sim9392,0.0
sim9393,0.0
sim9394,0.0
sim9395,0.0
sim9396,100.0
sim9397,0.0
sim9398,0.0
sim9399,22.22222222222222
sim9400,0.0
sim9401,55.55555555555556
sim9402,11.11111111111111
sim9403,0.0
sim9404,33.33333333333333
sim9405,0.0
sim9406,0.0
sim9407,55.55555555555556
sim9408,55.55555555555556
sim9409,77.77777777777779
sim9410,0.0
sim9411,0.0
sim9412,0.0
sim9413,0.0
sim9414,55.55555555555556
sim9415,0.0
sim9416,11.11111111111111
sim9417,0.0
sim9418,0.0
sim9419,77.77777777777779
sim9420,0.0
sim9421,11.11111111111111
sim9422,0.0
sim9423,0.0
sim9424,0.0
sim9425,0.0
sim9426,55.55555555555556
sim9427,0.0
sim9428,0.0
sim9429,55.55555555555556
sim9430,66.66666666666666
sim9431,0.0
sim9432,0.0
sim9433,0.0
sim9434,0.0
sim9435,88.88888888888889
sim9436,11.11111111111111
sim9437,55.55555555555556
sim9438,22.22222222222222
sim9439,0.0
sim9440,0.0
sim9441,0.0
sim9442,0.0
sim9443,33.33333333333333
sim9444,88.88888888888889
sim9445,0.0
sim9446,0.0
sim9447,88.88888888888889
sim9448,0.0
sim9449,0.0
sim9450,88.88888888888889
sim9451,0.0
sim9452,44.44444444444444
sim9453,0.0
sim9454,0.0
sim9455,11.11111111111111
sim9456,0.0
sim9457,44.44444444444444
sim9458,0.0
sim9459,0.0
sim9460,0.0
sim9461,0.0
sim9462,0.0
sim9463,88.88888888888889
sim9464,0.0
sim9465,22.22222222222222
sim9466,55.55555555555556
sim9467,0.0
sim9468,0.0
sim9469,0.0
sim9470,0.0
sim9471,0.0
sim9472,66.66666666666666
sim9473,0.0
sim9474,44.44444444444444
sim9475,0.0
sim9476,55.55555555555556
sim9477,0.0
sim9478,0.0
sim9479,0.0
sim9480,0.0
sim9481,22.22222222222222
sim9482,0.0
sim9483,0.0
sim9484,22.22222222222222
sim9485,0.0
sim9486,0.0
sim9487,77.77777777777779
sim9488,0.0
sim9489,77.77777777777779
sim9490,55.55555555555556
sim9491,0.0
sim9492,11.11111111111111
sim9493,0.0
sim9494,44.44444444444444
sim9495,0.0
sim9496,0.0
sim9497,55.55555555555556
sim9498,0.0
sim9499,0.0
sim9500,0.0
sim9501,0.0
sim9502,0.0
sim9503,88.88888888888889
sim9504,88.88888888888889
sim9505,0.0
sim9506,0.0
sim9507,55.55555555555556
sim9508,0.0
sim9509,11.11111111111111
sim9510,0.0
sim9511,0.0
sim9512,77.77777777777779
sim9513,22.22222222222222
sim9514,0.0
sim9515,0.0
sim9516,0.0
sim9517,0.0
sim9518,100.0
sim9519,0.0
sim9520,0.0
sim9521,0.0
sim9522,0.0
sim9523,77.77777777777779
sim9524,0.0
sim9525,66.66666666666666
sim9526,0.0
sim9527,0.0
sim9528,0.0
sim9529,0.0
sim9530,0.0
sim9531,33.33333333333333
sim9532,0.0
sim9533,22.22222222222222
sim9534,44.44444444444444
sim9535,0.0
sim9536,0.0
sim9537,77.77777777777779
sim9538,11.11111111111111
sim9539,0.0
sim9540,0.0
sim9541,0.0
sim9542,11.11111111111111
sim9543,0.0
sim9544,0.0
sim9545,0.0
sim9546,66.66666666666666
sim9547,0.0
sim9548,77.77777777777779
sim9549,0.0
sim9550,0.0
sim9551,0.0
sim9552,0.0
sim9553,77.77777777777779
sim9554,44.44444444444444
sim9555,0.0
sim9556,0.0
sim9557,44.44444444444444
sim9558,0.0
sim9559,77.77777777777779
sim9560,0.0
sim9561,0.0
sim9562,0.0
sim9563,0.0
sim9564,100.0
sim9565,0.0
sim9566,0.0
sim9567,11.11111111111111
sim9568,44.44444444444444
sim9569,0.0
sim9570,0.0
sim9571,33.33333333333333
sim9572,0.0
sim9573,0.0
sim9574,55.55555555555556
sim9575,0.0
sim9576,0.0
sim9577,0.0
sim9578,0.0
sim9579,44.44444444444444
sim9580,0.0
sim9581,88.88888888888889
sim9582,0.0
sim9583,0.0
sim9584,100.0
sim9585,0.0
sim9586,0.0
sim9587,77.77777777777779
sim9588,0.0
sim9589,0.0
sim9590,44.44444444444444
sim9591,0.0
sim9592,0.0
sim9593,0.0
sim9594,0.0
sim9595,55.55555555555556
sim9596,0.0
sim9597,11.11111111111111
sim9598,0.0
sim9599,0.0
sim9600,0.0
sim9601,0.0
sim9602,11.11111111111111
sim9603,11.11111111111111
sim9604,0.0
sim9605,100.0
sim9606,33.33333333333333
sim9607,0.0
sim9608,66.66666666666666
sim9609,0.0
sim9610,0.0
sim9611,0.0
sim9612,0.0
sim9613,0.0
sim9614,44.44444444444444
sim9615,0.0
sim9616,0.0
sim9617,22.22222222222222
sim9618,0.0
sim9619,44.44444444444444
sim9620,0.0
sim9621,22.22222222222222
sim9622,0.0
sim9623,0.0
sim9624,88.88888888888889
sim9625,0.0
sim9626,0.0
sim9627,33.33333333333333
sim9628,0.0
sim9629,11.11111111111111
sim9630,33.33333333333333
sim9631,0.0
sim9632,0.0
sim9633,0.0
sim9634,77.77777777777779
sim9635,0.0
sim9636,55.55555555555556
sim9637,0.0
sim9638,0.0
sim9639,77.77777777777779
sim9640,0.0
sim9641,100.0
sim9642,0.0
sim9643,0.0
sim9644,0.0
sim9645,0.0
sim9646,0.0
sim9647,33.33333333333333
sim9648,0.0
sim9649,0.0
sim9650,0.0
sim9651,0.0
sim9652,100.0
sim9653,0.0
sim9654,0.0
sim9655,33.33333333333333
sim9656,0.0
sim9657,66.66666666666666
sim9658,11.11111111111111
sim9659,0.0
sim9660,33.33333333333333
sim9661,0.0
sim9662,0.0
sim9663,55.55555555555556
sim9664,55.55555555555556
sim9665,77.77777777777779
sim9666,0.0
sim9667,0.0
sim9668,0.0
sim9669,0.0
sim9670,66.66666666666666
sim9671,0.0
sim9672,11.11111111111111
sim9673,0.0
sim9674,0.0
sim9675,77.77777777777779
sim9676,0.0
sim9677,22.22222222222222
sim9678,0.0
sim9679,0.0
sim9680,22.22222222222222
sim9681,0.0
sim9682,55.55555555555556
sim9683,0.0
sim9684,0.0
sim9685,55.55555555555556
sim9686,77.77777777777779
sim9687,0.0
sim9688,0.0
sim9689,0.0
sim9690,0.0
sim9691,100.0
sim9692,11.11111111111111
sim9693,55.55555555555556
sim9694,22.22222222222222
sim9695,0.0
sim9696,0.0
sim9697,0.0
sim9698,0.0
sim9699,33.33333333333333
sim9700,88.88888888888889
sim9701,0.0
sim9702,0.0
sim9703,88.88888888888889
sim9704,0.0
sim9705,0.0
sim9706,88.88888888888889
sim9707,0.0
sim9708,44.44444444444444
sim9709,0.0
sim9710,0.0
sim9711,11.11111111111111
sim9712,0.0
sim9713,44.44444444444444
sim9714,0.0
sim9715,0.0
sim9716,0.0
sim9717,0.0
sim9718,0.0
sim9719,77.77777777777779
sim9720,0.0
sim9721,11.11111111111111
sim9722,55.55555555555556
sim9723,0.0
sim9724,22.22222222222222
sim9725,0.0
sim9726,0.0
sim9727,0.0
sim9728,66.66666666666666
sim9729,0.0
sim9730,44.44444444444444
sim9731,0.0
sim9732,44.44444444444444
sim9733,0.0
sim9734,0.0
sim9735,0.0
sim9736,0.0
sim9737,0.0
sim9738,0.0
sim9739,0.0
sim9740,22.22222222222222
sim9741,0.0
sim9742,0.0
sim9743,77.77777777777779
sim9744,0.0
sim9745,77.77777777777779
sim9746,55.55555555555556
sim9747,0.0
sim9748,0.0
sim9749,0.0
sim9750,55.55555555555556
sim9751,0.0
sim9752,0.0
sim9753,55.55555555555556
sim9754,0.0
sim9755,0.0
sim9756,0.0
sim9757,0.0
sim9758,0.0
sim9759,100.0
sim9760,88.88888888888889
sim9761,0.0
sim9762,0.0
sim9763,33.33333333333333
sim9764,0.0
sim9765,11.11111111111111
sim9766,0.0
sim9767,0.0
sim9768,77.77777777777779
sim9769,22.22222222222222
sim9770,0.0
sim9771,0.0
sim9772,0.0
sim9773,0.0
sim9774,100.0
sim9775,0.0
sim9776,0.0
sim9777,0.0
sim9778,0.0
sim9779,77.77777777777779
sim9780,0.0
sim9781,66.66666666666666
sim9782,0.0
sim9783,0.0
sim9784,0.0
sim9785,0.0
sim9786,0.0
sim9787,44.44444444444444
sim9788,0.0
sim9789,22.22222222222222
sim9790,33.33333333333333
sim9791,0.0
sim9792,0.0
sim9793,77.77777777777779
sim9794,22.22222222222222
sim9795,0.0
sim9796,0.0
sim9797,0.0
sim9798,11.11111111111111
sim9799,0.0
sim9800,0.0
sim9801,0.0
sim9802,66.66666666666666
sim9803,0.0
sim9804,77.77777777777779
sim9805,0.0
sim9806,0.0
sim9807,0.0
sim9808,0.0
sim9809,77.77777777777779
sim9810,44.44444444444444
sim9811,0.0
sim9812,0.0
sim9813,44.44444444444444
sim9814,0.0
sim9815,77.77777777777779
sim9816,0.0
sim9817,0.0
sim9818,0.0
sim9819,0.0
sim9820,100.0
sim9821,0.0
sim9822,0.0
sim9823,11.11111111111111
sim9824,44.44444444444444
sim9825,0.0
sim9826,0.0
sim9827,33.33333333333333
sim9828,0.0
sim9829,0.0
sim9830,44.44444444444444
sim9831,0.0
sim9832,0.0
sim9833,0.0
sim9834,0.0
sim9835,44.44444444444444
sim9836,0.0
sim9837,88.88888888888889
sim9838,0.0
sim9839,0.0
sim9840,100.0
sim9841,0.0
sim9842,0.0
sim9843,77.77777777777779
sim9844,0.0
sim9845,0.0
sim9846,33.33333333333333
sim9847,0.0
sim9848,0.0
sim9849,0.0
sim9850,0.0
sim9851,0.0
sim9852,0.0
sim9853,11.11111111111111
sim9854,0.0
sim9855,0.0
sim9856,0.0
sim9857,0.0
sim9858,11.11111111111111
sim9859,11.11111111111111
sim9860,0.0
sim9861,100.0
sim9862,44.44444444444444
sim9863,0.0
sim9864,77.77777777777779
sim9865,0.0
sim9866,0.0
sim9867,0.0
sim9868,0.0
sim9869,0.0
sim9870,44.44444444444444
sim9871,0.0
sim9872,0.0
sim9873,22.22222222222222
sim9874,0.0
sim9875,44.44444444444444
sim9876,0.0
sim9877,22.22222222222222
sim9878,0.0
sim9879,0.0
sim9880,88.88888888888889
sim9881,0.0
sim9882,0.0
sim9883,33.33333333333333
sim9884,0.0
sim9885,11.11111111111111
sim9886,33.33333333333333
sim9887,0.0
sim9888,0.0
sim9889,0.0
sim9890,77.77777777777779
sim9891,0.0
sim9892,33.33333333333333
sim9893,0.0
sim9894,0.0
sim9895,77.77777777777779
sim9896,0.0
sim9897,100.0
sim9898,0.0
sim9899,0.0
sim9900,0.0
sim9901,0.0
sim9902,0.0
sim9903,33.33333333333333
sim9904,0.0
sim9905,0.0
sim9906,0.0
sim9907,0.0
sim9908,100.0
sim9909,0.0
sim9910,0.0
sim9911,22.22222222222222
sim9912,0.0
sim9913,55.55555555555556
sim9914,11.11111111111111
sim9915,0.0
sim9916,33.33333333333333
sim9917,0.0
sim9918,0.0
sim9919,55.55555555555556
sim9920,55.55555555555556
sim9921,77.77777777777779
sim9922,0.0
sim9923,0.0
sim9924,0.0
sim9925,0.0
sim9926,55.55555555555556
sim9927,0.0
sim9928,11.11111111111111
sim9929,0.0
sim9930,0.0
sim9931,77.77777777777779
sim9932,0.0
sim9933,11.11111111111111
sim9934,0.0
sim9935,0.0
sim9936,0.0
sim9937,0.0
sim9938,55.55555555555556
sim9939,0.0
sim9940,0.0
sim9941,55.55555555555556
sim9942,66.66666666666666
sim9943,0.0
sim9944,0.0
sim9945,0.0
sim9946,0.0
sim9947,88.88888888888889
sim9948,11.11111111111111
sim9949,55.55555555555556
sim9950,22.22222222222222
sim9951,0.0
sim9952,0.0
sim9953,0.0
sim9954,0.0
sim9955,33.33333333333333
sim9956,88.88888888888889
sim9957,0.0
sim9958,0.0
sim9959,88.88888888888889
sim9960,0.0
sim9961,0.0
sim9962,88.88888888888889
sim9963,0.0
sim9964,44.44444444444444
sim9965,0.0
sim9966,0.0
sim9967,11.11111111111111
sim9968,0.0
sim9969,44.44444444444444
sim9970,0.0
sim9971,0.0
sim9972,0.0
sim9973,0.0
sim9974,0.0
sim9975,88.88888888888889
sim9976,0.0
sim9977,22.22222222222222
sim9978,55.55555555555556
sim9979,0.0
sim9980,0.0
sim9981,0.0
sim9982,0.0
sim9983,0.0
sim9984,66.66666666666666
sim9985,0.0
sim9986,44.44444444444444
sim9987,0.0
sim9988,44.44444444444444
sim9989,0.0
sim9990,0.0
sim9991,0.0
sim9992,0.0
sim9993,0.0
sim9994,0.0
sim9995,0.0
sim9996,22.22222222222222
sim9997,0.0
sim9998,0.0
sim9999,77.77777777777779
sim10000,0.0
sim10001,77.77777777777779
sim10002,55.55555555555556
sim10003,0.0
sim10004,0.0
sim10005,0.0
sim10006,55.55555555555556
sim10007,0.0
sim10008,0.0
sim10009,55.55555555555556
sim10010,0.0
sim10011,0.0
sim10012,0.0
sim10013,0.0
sim10014,0.0
sim10015,100.0
sim10016,88.88888888888889
sim10017,0.0
sim10018,0.0
sim10019,44.44444444444444
sim10020,0.0
sim10021,11.11111111111111
sim10022,0.0
sim10023,0.0
sim10024,77.77777777777779
sim10025,22.22222222222222
sim10026,0.0
sim10027,0.0
sim10028,0.0
sim10029,0.0
sim10030,100.0
sim10031,0.0
sim10032,0.0
sim10033,0.0
sim10034,0.0
sim10035,77.77777777777779
sim10036,0.0
sim10037,66.66666666666666
sim10038,0.0
sim10039,0.0
sim10040,0.0
sim10041,0.0
sim10042,0.0
sim10043,44.44444444444444
sim10044,0.0
sim10045,22.22222222222222
sim10046,33.33333333333333
sim10047,0.0
sim10048,0.0
sim10049,77.77777777777779
sim10050,11.11111111111111
sim10051,0.0
sim10052,0.0
sim10053,0.0
sim10054,11.11111111111111
sim10055,0.0
sim10056,0.0
sim10057,0.0
sim10058,66.66666666666666
sim10059,0.0
sim10060,77.77777777777779
sim10061,0.0
sim10062,0.0
sim10063,0.0
sim10064,0.0
sim10065,77.77777777777779
sim10066,44.44444444444444
sim10067,0.0
sim10068,0.0
sim10069,44.44444444444444
sim10070,0.0
sim10071,77.77777777777779
sim10072,0.0
sim10073,0.0
sim10074,0.0
sim10075,0.0
sim10076,100.0
sim10077,0.0
sim10078,0.0
sim10079,11.11111111111111
sim10080,44.44444444444444
sim10081,0.0
sim10082,0.0
sim10083,33.33333333333333
sim10084,0.0
sim10085,0.0
sim10086,44.44444444444444
sim10087,0.0
sim10088,0.0
sim10089,0.0
sim10090,0.0
sim10091,44.44444444444444
sim10092,0.0
sim10093,88.88888888888889
sim10094,0.0
sim10095,0.0
sim10096,100.0
sim10097,0.0
sim10098,0.0
sim10099,77.77777777777779
sim10100,0.0
sim10101,0.0
sim10102,33.33333333333333
sim10103,0.0
sim10104,0.0
sim10105,0.0
sim10106,0.0
sim10107,0.0
sim10108,0.0
sim10109,11.11111111111111
sim10110,0.0
sim10111,0.0
sim10112,0.0
sim10113,0.0
sim10114,11.11111111111111
sim10115,11.11111111111111
sim10116,0.0
sim10117,100.0
sim10118,44.44444444444444
sim10119,0.0
sim10120,77.77777777777779
sim10121,0.0
sim10122,0.0
sim10123,0.0
sim10124,0.0
sim10125,0.0
sim10126,44.44444444444444
sim10127,0.0
sim10128,0.0
sim10129,22.22222222222222
sim10130,0.0
sim10131,44.44444444444444
sim10132,0.0
sim10133,22.22222222222222
sim10134,0.0
sim10135,0.0
sim10136,88.88888888888889
sim10137,0.0
sim10138,0.0
sim10139,33.33333333333333
sim10140,0.0
sim10141,0.0
sim10142,33.33333333333333
sim10143,0.0
sim10144,0.0
sim10145,0.0
sim10146,77.77777777777779
sim10147,0.0
sim10148,33.33333333333333
sim10149,0.0
sim10150,0.0
sim10151,66.66666666666666
sim10152,0.0
sim10153,100.0
sim10154,0.0
sim10155,0.0
sim10156,0.0
sim10157,0.0
sim10158,0.0
sim10159,33.33333333333333
sim10160,0.0
sim10161,0.0
sim10162,0.0
sim10163,0.0
sim10164,100.0
sim10165,0.0
sim10166,0.0
sim10167,22.22222222222222
sim10168,0.0
sim10169,55.55555555555556
sim10170,11.11111111111111
sim10171,0.0
sim10172,33.33333333333333
sim10173,0.0
sim10174,0.0
sim10175,55.55555555555556
sim10176,55.55555555555556
sim10177,77.77777777777779
sim10178,0.0
sim10179,0.0
sim10180,0.0
sim10181,0.0
sim10182,55.55555555555556
sim10183,0.0
sim10184,11.11111111111111
sim10185,0.0
sim10186,0.0
sim10187,77.77777777777779
sim10188,0.0
sim10189,11.11111111111111
sim10190,0.0
sim10191,0.0
sim10192,0.0
sim10193,0.0
sim10194,55.55555555555556
sim10195,0.0
sim10196,0.0
sim10197,55.55555555555556
sim10198,66.66666666666666
sim10199,0.0
sim10200,0.0
sim10201,0.0
sim10202,0.0
sim10203,88.88888888888889
sim10204,11.11111111111111
sim10205,55.55555555555556
sim10206,22.22222222222222
sim10207,0.0
sim10208,0.0
sim10209,0.0
sim10210,0.0
sim10211,33.33333333333333
sim10212,88.88888888888889
sim10213,0.0
sim10214,0.0
sim10215,88.88888888888889
sim10216,0.0
sim10217,0.0
sim10218,88.88888888888889
sim10219,0.0
sim10220,44.44444444444444
sim10221,0.0
sim10222,0.0
sim10223,11.11111111111111
sim10224,0.0
sim10225,44.44444444444444
sim10226,0.0
sim10227,0.0
sim10228,0.0
sim10229,0.0
sim10230,0.0
sim10231,88.88888888888889
sim10232,0.0
sim10233,22.22222222222222
sim10234,55.55555555555556
sim10235,0.0
sim10236,0.0
sim10237,0.0
sim10238,0.0
sim10239,0.0
sim10240,66.66666666666666
sim10241,0.0
sim10242,44.44444444444444
sim10243,0.0
sim10244,44.44444444444444
sim10245,0.0
sim10246,0.0
sim10247,0.0
sim10248,0.0
sim10249,0.0
sim10250,0.0
sim10251,0.0
sim10252,22.22222222222222
sim10253,0.0
sim10254,0.0
sim10255,77.77777777777779
sim10256,0.0
sim10257,77.77777777777779
sim10258,55.55555555555556
sim10259,0.0
sim10260,0.0
sim10261,0.0
sim10262,55.55555555555556
sim10263,0.0
sim10264,0.0
sim10265,55.55555555555556
sim10266,0.0
sim10267,0.0
sim10268,0.0
sim10269,0.0
sim10270,0.0
sim10271,100.0
sim10272,88.88888888888889
sim10273,0.0
sim10274,0.0
sim10275,55.55555555555556
sim10276,0.0
sim10277,11.11111111111111
sim10278,0.0
sim10279,0.0
sim10280,77.77777777777779
sim10281,22.22222222222222
sim10282,0.0
sim10283,0.0
sim10284,0.0
sim10285,0.0
sim10286,100.0
sim10287,0.0
sim10288,0.0
sim10289,0.0
sim10290,0.0
sim10291,77.77777777777779
sim10292,0.0
sim10293,66.66666666666666
sim10294,0.0
sim10295,0.0
sim10296,0.0
sim10297,0.0
sim10298,0.0
sim10299,33.33333333333333
sim10300,0.0
sim10301,22.22222222222222
sim10302,33.33333333333333
sim10303,0.0
sim10304,0.0
sim10305,77.77777777777779
sim10306,11.11111111111111
sim10307,0.0
sim10308,0.0
sim10309,0.0
sim10310,33.33333333333333
sim10311,0.0
sim10312,0.0
sim10313,0.0
sim10314,66.66666666666666
sim10315,0.0
sim10316,77.77777777777779
sim10317,0.0
sim10318,0.0
sim10319,0.0
sim10320,0.0
sim10321,77.77777777777779
sim10322,44.44444444444444
sim10323,0.0
sim10324,0.0
sim10325,44.44444444444444
sim10326,0.0
sim10327,77.77777777777779
sim10328,0.0
sim10329,0.0
sim10330,0.0
sim10331,0.0
sim10332,100.0
sim10333,0.0
sim10334,0.0
sim10335,11.11111111111111
sim10336,44.44444444444444
sim10337,0.0
sim10338,0.0
sim10339,33.33333333333333
sim10340,0.0
sim10341,0.0
sim10342,44.44444444444444
sim10343,0.0
sim10344,0.0
sim10345,0.0
sim10346,0.0
sim10347,44.44444444444444
sim10348,0.0
sim10349,88.88888888888889
sim10350,0.0
sim10351,0.0
sim10352,100.0
sim10353,0.0
sim10354,0.0
sim10355,77.77777777777779
sim10356,0.0
sim10357,0.0
sim10358,33.33333333333333
sim10359,0.0
sim10360,0.0
sim10361,0.0
sim10362,0.0
sim10363,0.0
sim10364,0.0
sim10365,11.11111111111111
sim10366,0.0
sim10367,0.0
sim10368,0.0
sim10369,0.0
sim10370,11.11111111111111
sim10371,11.11111111111111
sim10372,0.0
sim10373,100.0
sim10374,44.44444444444444
sim10375,0.0
sim10376,77.77777777777779
sim10377,0.0
sim10378,0.0
sim10379,0.0
sim10380,0.0
sim10381,0.0
sim10382,44.44444444444444
sim10383,0.0
sim10384,0.0
sim10385,22.22222222222222
sim10386,0.0
sim10387,44.44444444444444
sim10388,0.0
sim10389,22.22222222222222
sim10390,0.0
sim10391,0.0
sim10392,88.88888888888889
sim10393,0.0
sim10394,0.0
sim10395,33.33333333333333
sim10396,0.0
sim10397,11.11111111111111
sim10398,33.33333333333333
sim10399,0.0
sim10400,0.0
sim10401,0.0
sim10402,77.77777777777779
sim10403,0.0
sim10404,33.33333333333333
sim10405,0.0
sim10406,0.0
sim10407,66.66666666666666
sim10408,0.0
sim10409,100.0
sim10410,0.0
sim10411,0.0
sim10412,0.0
sim10413,0.0
sim10414,0.0
sim10415,33.33333333333333
sim10416,0.0
sim10417,0.0
sim10418,0.0
sim10419,0.0
sim10420,100.0
sim10421,0.0
sim10422,0.0
sim10423,33.33333333333333
sim10424,0.0
sim10425,55.55555555555556
sim10426,11.11111111111111
sim10427,0.0
sim10428,33.33333333333333
sim10429,0.0
sim10430,0.0
sim10431,55.55555555555556
sim10432,55.55555555555556
sim10433,77.77777777777779
sim10434,0.0
sim10435,0.0
sim10436,0.0
sim10437,0.0
sim10438,55.55555555555556
sim10439,0.0
sim10440,11.11111111111111
sim10441,0.0
sim10442,0.0
sim10443,77.77777777777779
sim10444,0.0
sim10445,22.22222222222222
sim10446,0.0
sim10447,0.0
sim10448,0.0
sim10449,0.0
sim10450,55.55555555555556
sim10451,0.0
sim10452,0.0
sim10453,55.55555555555556
sim10454,66.66666666666666
sim10455,0.0
sim10456,0.0
sim10457,0.0
sim10458,0.0
sim10459,88.88888888888889
sim10460,11.11111111111111
sim10461,55.55555555555556
sim10462,22.22222222222222
sim10463,0.0
sim10464,0.0
sim10465,0.0
sim10466,0.0
sim10467,33.33333333333333
sim10468,88.88888888888889
sim10469,0.0
sim10470,0.0
sim10471,88.88888888888889
sim10472,0.0
sim10473,0.0
sim10474,88.88888888888889
sim10475,0.0
sim10476,44.44444444444444
sim10477,0.0
sim10478,0.0
sim10479,11.11111111111111
sim10480,0.0
sim10481,44.44444444444444
sim10482,0.0
sim10483,0.0
sim10484,0.0
sim10485,0.0
sim10486,0.0
sim10487,88.88888888888889
sim10488,0.0
sim10489,22.22222222222222
sim10490,55.55555555555556
sim10491,0.0
sim10492,0.0
sim10493,0.0
sim10494,0.0
sim10495,0.0
sim10496,66.66666666666666
sim10497,0.0
sim10498,44.44444444444444
sim10499,0.0
sim10500,33.33333333333333
sim10501,0.0
sim10502,0.0
sim10503,0.0
sim10504,0.0
sim10505,0.0
sim10506,0.0
sim10507,0.0
sim10508,22.22222222222222
sim10509,0.0
sim10510,0.0
sim10511,77.77777777777779
sim10512,0.0
sim10513,77.77777777777779
sim10514,55.55555555555556
sim10515,0.0
sim10516,0.0
sim10517,0.0
sim10518,55.55555555555556
sim10519,0.0
sim10520,0.0
sim10521,55.55555555555556
sim10522,0.0
sim10523,0.0
sim10524,0.0
sim10525,0.0
sim10526,0.0
sim10527,100.0
sim10528,88.88888888888889
sim10529,0.0
sim10530,0.0
sim10531,44.44444444444444
sim10532,0.0
sim10533,11.11111111111111
sim10534,0.0
sim10535,0.0
sim10536,77.77777777777779
sim10537,22.22222222222222
sim10538,0.0
sim10539,0.0
sim10540,0.0
sim10541,0.0
sim10542,100.0
sim10543,0.0
sim10544,0.0
sim10545,0.0
sim10546,0.0
sim10547,77.77777777777779
sim10548,0.0
sim10549,66.66666666666666
sim10550,0.0
sim10551,0.0
sim10552,0.0
sim10553,0.0
sim10554,0.0
sim10555,44.44444444444444
sim10556,0.0
sim10557,22.22222222222222
sim10558,33.33333333333333
sim10559,0.0
sim10560,0.0
sim10561,77.77777777777779
sim10562,11.11111111111111
sim10563,0.0
sim10564,0.0
sim10565,0.0
sim10566,11.11111111111111
sim10567,0.0
sim10568,0.0
sim10569,0.0
sim10570,66.66666666666666
sim10571,0.0
sim10572,77.77777777777779
sim10573,0.0
sim10574,0.0
sim10575,0.0
sim10576,0.0
sim10577,77.77777777777779
sim10578,44.44444444444444
sim10579,0.0
sim10580,0.0
sim10581,44.44444444444444
sim10582,0.0
sim10583,77.77777777777779
sim10584,0.0
sim10585,0.0
sim10586,0.0
sim10587,0.0
sim10588,100.0
sim10589,0.0
sim10590,0.0
sim10591,11.11111111111111
sim10592,44.44444444444444
sim10593,0.0
sim10594,0.0
sim10595,33.33333333333333
sim10596,0.0
sim10597,0.0
sim10598,44.44444444444444
sim10599,0.0
sim10600,0.0
sim10601,0.0
sim10602,0.0
sim10603,44.44444444444444
sim10604,0.0
sim10605,88.88888888888889
sim10606,0.0
sim10607,0.0
sim10608,100.0
sim10609,0.0
sim10610,0.0
sim10611,77.77777777777779
sim10612,0.0
sim10613,0.0
sim10614,33.33333333333333
sim10615,0.0
sim10616,0.0
sim10617,0.0
sim10618,0.0
sim10619,0.0
sim10620,0.0
sim10621,11.11111111111111
sim10622,0.0
sim10623,0.0
sim10624,0.0
sim10625,0.0
sim10626,11.11111111111111
sim10627,11.11111111111111
sim10628,0.0
sim10629,100.0
sim10630,44.44444444444444
sim10631,0.0
sim10632,77.77777777777779
sim10633,0.0
sim10634,0.0
sim10635,0.0
sim10636,0.0
sim10637,0.0
sim10638,44.44444444444444
sim10639,0.0
sim10640,0.0
sim10641,22.22222222222222
sim10642,0.0
sim10643,44.44444444444444
sim10644,0.0
sim10645,22.22222222222222
sim10646,0.0
sim10647,0.0
sim10648,88.88888888888889
sim10649,0.0
sim10650,0.0
sim10651,33.33333333333333
sim10652,0.0
sim10653,0.0
sim10654,33.33333333333333
sim10655,0.0
sim10656,0.0
sim10657,0.0
sim10658,77.77777777777779
sim10659,0.0
sim10660,33.33333333333333
sim10661,0.0
sim10662,0.0
sim10663,77.77777777777779
sim10664,0.0
sim10665,100.0
sim10666,0.0
sim10667,0.0
sim10668,0.0
sim10669,0.0
sim10670,0.0
sim10671,33.33333333333333
sim10672,0.0
sim10673,0.0
sim10674,0.0
sim10675,0.0
sim10676,100.0
sim10677,0.0
sim10678,0.0
sim10679,22.22222222222222
sim10680,0.0
sim10681,55.55555555555556
sim10682,11.11111111111111
sim10683,0.0
sim10684,33.33333333333333
sim10685,0.0
sim10686,0.0
sim10687,55.55555555555556
sim10688,55.55555555555556
sim10689,77.77777777777779
sim10690,0.0
sim10691,0.0
sim10692,0.0
sim10693,0.0
sim10694,55.55555555555556
sim10695,0.0
sim10696,0.0
sim10697,0.0
sim10698,0.0
sim10699,77.77777777777779
sim10700,0.0
sim10701,11.11111111111111
sim10702,0.0
sim10703,0.0
sim10704,0.0
sim10705,0.0
sim10706,55.55555555555556
sim10707,0.0
sim10708,0.0
sim10709,55.55555555555556
sim10710,66.66666666666666
sim10711,0.0
sim10712,0.0
sim10713,0.0
sim10714,0.0
sim10715,88.88888888888889
sim10716,11.11111111111111
sim10717,55.55555555555556
sim10718,22.22222222222222
sim10719,0.0
sim10720,0.0
sim10721,0.0
sim10722,0.0
sim10723,44.44444444444444
sim10724,100.0
sim10725,0.0
sim10726,0.0
sim10727,88.88888888888889
sim10728,0.0
sim10729,0.0
sim10730,88.88888888888889
sim10731,0.0
sim10732,44.44444444444444
sim10733,0.0
sim10734,0.0
sim10735,11.11111111111111
sim10736,0.0
sim10737,44.44444444444444
sim10738,0.0
sim10739,0.0
sim10740,0.0
sim10741,0.0
sim10742,0.0
sim10743,88.88888888888889
sim10744,0.0
sim10745,22.22222222222222
sim10746,55.55555555555556
sim10747,0.0
sim10748,0.0
sim10749,0.0
sim10750,0.0
sim10751,0.0
sim10752,66.66666666666666
sim10753,0.0
sim10754,44.44444444444444
sim10755,0.0
sim10756,44.44444444444444
sim10757,0.0
sim10758,0.0
sim10759,0.0
sim10760,0.0
sim10761,0.0
sim10762,0.0
sim10763,0.0
sim10764,22.22222222222222
sim10765,0.0
sim10766,0.0
sim10767,77.77777777777779
sim10768,0.0
sim10769,77.77777777777779
sim10770,55.55555555555556
sim10771,0.0
sim10772,0.0
sim10773,0.0
sim10774,55.55555555555556
sim10775,0.0
sim10776,0.0
sim10777,55.55555555555556
sim10778,0.0
sim10779,0.0
sim10780,0.0
sim10781,0.0
sim10782,0.0
sim10783,100.0
sim10784,88.88888888888889
sim10785,0.0
sim10786,0.0
sim10787,44.44444444444444
sim10788,0.0
sim10789,11.11111111111111
sim10790,0.0
sim10791,0.0
sim10792,77.77777777777779
sim10793,22.22222222222222
sim10794,0.0
sim10795,0.0
sim10796,0.0
sim10797,0.0
sim10798,100.0
sim10799,0.0
sim10800,0.0
sim10801,0.0
sim10802,0.0
sim10803,77.77777777777779
sim10804,0.0
sim10805,66.66666666666666
sim10806,0.0
sim10807,0.0
sim10808,0.0
sim10809,0.0
sim10810,0.0
sim10811,44.44444444444444
sim10812,0.0
sim10813,22.22222222222222
sim10814,33.33333333333333
sim10815,0.0
sim10816,0.0
sim10817,77.77777777777779
sim10818,11.11111111111111
sim10819,0.0
sim10820,0.0
sim10821,0.0
sim10822,11.11111111111111
sim10823,0.0
sim10824,0.0
sim10825,0.0
sim10826,66.66666666666666
sim10827,0.0
sim10828,77.77777777777779
sim10829,0.0
sim10830,0.0
sim10831,0.0
sim10832,0.0
sim10833,77.77777777777779
sim10834,44.44444444444444
sim10835,0.0
sim10836,0.0
sim10837,44.44444444444444
sim10838,0.0
sim10839,77.77777777777779
sim10840,0.0
sim10841,0.0
sim10842,0.0
sim10843,0.0
sim10844,100.0
sim10845,0.0
sim10846,0.0
sim10847,11.11111111111111
sim10848,44.44444444444444
sim10849,0.0
sim10850,0.0
sim10851,33.33333333333333
sim10852,0.0
sim10853,0.0
sim10854,44.44444444444444
sim10855,0.0
sim10856,0.0
sim10857,0.0
sim10858,0.0
sim10859,44.44444444444444
sim10860,0.0
sim10861,88.88888888888889
sim10862,0.0
sim10863,0.0
sim10864,100.0
sim10865,0.0
sim10866,0.0
sim10867,77.77777777777779
sim10868,0.0
sim10869,0.0
sim10870,33.33333333333333
sim10871,0.0
sim10872,0.0
sim10873,0.0
sim10874,0.0
sim10875,0.0
sim10876,0.0
sim10877,11.11111111111111
sim10878,0.0
sim10879,0.0
sim10880,0.0
sim10881,0.0
sim10882,11.11111111111111
sim10883,11.11111111111111
sim10884,0.0
sim10885,100.0
sim10886,44.44444444444444
sim10887,0.0
sim10888,77.77777777777779
sim10889,0.0
sim10890,0.0
sim10891,0.0
sim10892,0.0
sim10893,0.0
sim10894,44.44444444444444
sim10895,0.0
sim10896,0.0
sim10897,22.22222222222222
sim10898,0.0
sim10899,44.44444444444444
sim10900,0.0
sim10901,22.22222222222222
sim10902,0.0
sim10903,0.0
sim10904,88.88888888888889
sim10905,0.0
sim10906,0.0
sim10907,33.33333333333333
sim10908,0.0
sim10909,0.0
sim10910,33.33333333333333
sim10911,0.0
sim10912,0.0
sim10913,0.0
sim10914,77.77777777777779
sim10915,0.0
sim10916,33.33333333333333
sim10917,0.0
sim10918,0.0
sim10919,66.66666666666666
sim10920,0.0
sim10921,100.0
sim10922,0.0
sim10923,0.0
sim10924,0.0
sim10925,0.0
sim10926,0.0
sim10927,33.33333333333333
sim10928,0.0
sim10929,0.0
sim10930,0.0
sim10931,0.0
sim10932,100.0
sim10933,0.0
sim10934,0.0
sim10935,22.22222222222222
sim10936,0.0
sim10937,55.55555555555556
sim10938,11.11111111111111
sim10939,0.0
sim10940,33.33333333333333
sim10941,0.0
sim10942,0.0
sim10943,55.55555555555556
sim10944,55.55555555555556
sim10945,77.77777777777779
sim10946,0.0
sim10947,0.0
sim10948,0.0
sim10949,0.0
sim10950,55.55555555555556
sim10951,0.0
sim10952,11.11111111111111
sim10953,0.0
sim10954,0.0
sim10955,77.77777777777779
sim10956,0.0
sim10957,11.11111111111111
sim10958,0.0
sim10959,0.0
sim10960,0.0
sim10961,0.0
sim10962,55.55555555555556
sim10963,0.0
sim10964,0.0
sim10965,55.55555555555556
sim10966,66.66666666666666
sim10967,0.0
sim10968,0.0
sim10969,0.0
sim10970,0.0
sim10971,88.88888888888889
sim10972,11.11111111111111
sim10973,55.55555555555556
sim10974,22.22222222222222
sim10975,0.0
sim10976,0.0
sim10977,0.0
sim10978,0.0
sim10979,33.33333333333333
sim10980,88.88888888888889
sim10981,0.0
sim10982,0.0
sim10983,88.88888888888889
sim10984,0.0
sim10985,0.0
sim10986,88.88888888888889
sim10987,0.0
sim10988,44.44444444444444
sim10989,0.0
sim10990,0.0
sim10991,11.11111111111111
sim10992,0.0
sim10993,44.44444444444444
sim10994,0.0
sim10995,0.0
sim10996,0.0
sim10997,0.0
sim10998,0.0
sim10999,88.88888888888889
sim11000,0.0
sim11001,22.22222222222222
sim11002,55.55555555555556
sim11003,0.0
sim11004,0.0
sim11005,0.0
sim11006,0.0
sim11007,0.0
sim11008,66.66666666666666
sim11009,0.0
sim11010,44.44444444444444
sim11011,0.0
sim11012,44.44444444444444
sim11013,0.0
sim11014,0.0
sim11015,0.0
sim11016,0.0
sim11017,0.0
sim11018,0.0
sim11019,0.0
sim11020,22.22222222222222
sim11021,0.0
sim11022,0.0
sim11023,77.77777777777779
sim11024,0.0
sim11025,77.77777777777779
sim11026,55.55555555555556
sim11027,0.0
sim11028,0.0
sim11029,0.0
sim11030,33.33333333333333
sim11031,0.0
sim11032,0.0
sim11033,55.55555555555556
sim11034,0.0
sim11035,0.0
sim11036,0.0
sim11037,0.0
sim11038,0.0
sim11039,100.0
sim11040,88.88888888888889
sim11041,0.0
sim11042,0.0
sim11043,33.33333333333333
sim11044,0.0
sim11045,11.11111111111111
sim11046,0.0
sim11047,0.0
sim11048,77.77777777777779
sim11049,22.22222222222222
sim11050,0.0
sim11051,0.0
sim11052,0.0
sim11053,0.0
sim11054,100.0
sim11055,0.0
sim11056,0.0
sim11057,0.0
sim11058,0.0
sim11059,77.77777777777779
sim11060,0.0
sim11061,66.66666666666666
sim11062,0.0
sim11063,0.0
sim11064,0.0
sim11065,0.0
sim11066,0.0
sim11067,44.44444444444444
sim11068,0.0
sim11069,11.11111111111111
sim11070,44.44444444444444
sim11071,0.0
sim11072,0.0
sim11073,77.77777777777779
sim11074,22.22222222222222
sim11075,0.0
sim11076,0.0
sim11077,0.0
sim11078,44.44444444444444
sim11079,0.0
sim11080,0.0
sim11081,0.0
sim11082,66.66666666666666
sim11083,0.0
sim11084,66.66666666666666
sim11085,0.0
sim11086,0.0
sim11087,11.11111111111111
sim11088,0.0
sim11089,66.66666666666666
sim11090,44.44444444444444
sim11091,0.0
sim11092,0.0
sim11093,44.44444444444444
sim11094,0.0
sim11095,77.77777777777779
sim11096,0.0
sim11097,0.0
sim11098,0.0
sim11099,0.0
sim11100,100.0
sim11101,0.0
sim11102,0.0
sim11103,11.11111111111111
sim11104,44.44444444444444
sim11105,0.0
sim11106,0.0
sim11107,33.33333333333333
sim11108,0.0
sim11109,0.0
sim11110,44.44444444444444
sim11111,0.0
sim11112,0.0
sim11113,0.0
sim11114,0.0
sim11115,44.44444444444444
sim11116,0.0
sim11117,88.88888888888889
sim11118,0.0
sim11119,0.0
sim11120,100.0
sim11121,0.0
sim11122,0.0
sim11123,77.77777777777779
sim11124,0.0
sim11125,0.0
sim11126,33.33333333333333
sim11127,0.0
sim11128,0.0
sim11129,0.0
sim11130,0.0
sim11131,0.0
sim11132,0.0
sim11133,11.11111111111111
sim11134,0.0
sim11135,0.0
sim11136,0.0
sim11137,0.0
sim11138,0.0
sim11139,11.11111111111111
sim11140,0.0
sim11141,100.0
sim11142,44.44444444444444
sim11143,0.0
sim11144,77.77777777777779
sim11145,0.0
sim11146,0.0
sim11147,0.0
sim11148,0.0
sim11149,0.0
sim11150,44.44444444444444
sim11151,0.0
sim11152,0.0
sim11153,11.11111111111111
sim11154,0.0
sim11155,44.44444444444444
sim11156,0.0
sim11157,22.22222222222222
sim11158,0.0
sim11159,0.0
sim11160,88.88888888888889
sim11161,0.0
sim11162,0.0
sim11163,33.33333333333333
sim11164,0.0
sim11165,0.0
sim11166,33.33333333333333
sim11167,0.0
sim11168,0.0
sim11169,0.0
sim11170,77.77777777777779
sim11171,0.0
sim11172,33.33333333333333
sim11173,0.0
sim11174,0.0
sim11175,66.66666666666666
sim11176,0.0
sim11177,100.0
sim11178,0.0
sim11179,0.0
sim11180,0.0
sim11181,0.0
sim11182,0.0
sim11183,33.33333333333333
sim11184,0.0
sim11185,0.0
sim11186,0.0
sim11187,0.0
sim11188,100.0
sim11189,0.0
sim11190,0.0
sim11191,22.22222222222222
sim11192,0.0
sim11193,55.55555555555556
sim11194,0.0
sim11195,0.0
sim11196,33.33333333333333
sim11197,0.0
sim11198,0.0
sim11199,55.55555555555556
sim11200,55.55555555555556
sim11201,77.77777777777779
sim11202,0.0
sim11203,0.0
sim11204,0.0
sim11205,0.0
sim11206,55.55555555555556
sim11207,0.0
sim11208,22.22222222222222
sim11209,0.0
sim11210,0.0
sim11211,77.77777777777779
sim11212,0.0
sim11213,11.11111111111111
sim11214,0.0
sim11215,0.0
sim11216,0.0
sim11217,0.0
sim11218,55.55555555555556
sim11219,0.0
sim11220,0.0
sim11221,55.55555555555556
sim11222,66.66666666666666
sim11223,0.0
sim11224,0.0
sim11225,0.0
sim11226,0.0
sim11227,100.0
sim11228,11.11111111111111
sim11229,55.55555555555556
sim11230,22.22222222222222
sim11231,0.0
sim11232,0.0
sim11233,0.0
sim11234,0.0
sim11235,55.55555555555556
sim11236,88.88888888888889
sim11237,0.0
sim11238,0.0
sim11239,88.88888888888889
sim11240,0.0
sim11241,0.0
sim11242,100.0
sim11243,0.0
sim11244,44.44444444444444
sim11245,0.0
sim11246,0.0
sim11247,11.11111111111111
sim11248,0.0
sim11249,44.44444444444444
sim11250,0.0
sim11251,0.0
sim11252,0.0
sim11253,0.0
sim11254,0.0
sim11255,88.88888888888889
sim11256,0.0
sim11257,22.22222222222222
sim11258,55.55555555555556
sim11259,0.0
sim11260,0.0
sim11261,0.0
sim11262,0.0
sim11263,0.0
sim11264,66.66666666666666
sim11265,0.0
sim11266,44.44444444444444
sim11267,0.0
sim11268,44.44444444444444
sim11269,0.0
sim11270,0.0
sim11271,0.0
sim11272,0.0
sim11273,0.0
sim11274,0.0
sim11275,0.0
sim11276,22.22222222222222
sim11277,0.0
sim11278,0.0
sim11279,77.77777777777779
sim11280,0.0
sim11281,77.77777777777779
sim11282,55.55555555555556
sim11283,0.0
sim11284,0.0
sim11285,0.0
sim11286,55.55555555555556
sim11287,0.0
sim11288,0.0
sim11289,55.55555555555556
sim11290,0.0
sim11291,0.0
sim11292,0.0
sim11293,0.0
sim11294,0.0
sim11295,100.0
sim11296,88.88888888888889
sim11297,0.0
sim11298,0.0
sim11299,44.44444444444444
sim11300,0.0
sim11301,11.11111111111111
sim11302,0.0
sim11303,0.0
sim11304,77.77777777777779
sim11305,22.22222222222222
sim11306,0.0
sim11307,0.0
sim11308,0.0
sim11309,0.0
sim11310,100.0
sim11311,0.0
sim11312,0.0
sim11313,0.0
sim11314,0.0
sim11315,77.77777777777779
sim11316,0.0
sim11317,66.66666666666666
sim11318,0.0
sim11319,0.0
sim11320,0.0
sim11321,0.0
sim11322,0.0
sim11323,44.44444444444444
sim11324,0.0
sim11325,22.22222222222222
sim11326,33.33333333333333
sim11327,0.0
sim11328,0.0
sim11329,77.77777777777779
sim11330,11.11111111111111
sim11331,0.0
sim11332,0.0
sim11333,0.0
sim11334,11.11111111111111
sim11335,0.0
sim11336,0.0
sim11337,0.0
sim11338,66.66666666666666
sim11339,0.0
sim11340,77.77777777777779
sim11341,0.0
sim11342,0.0
sim11343,0.0
sim11344,0.0
sim11345,77.77777777777779
sim11346,44.44444444444444
sim11347,0.0
sim11348,0.0
sim11349,44.44444444444444
sim11350,0.0
sim11351,77.77777777777779
sim11352,0.0
sim11353,0.0
sim11354,0.0
sim11355,0.0
sim11356,100.0
sim11357,0.0
sim11358,0.0
sim11359,11.11111111111111
sim11360,44.44444444444444
sim11361,0.0
sim11362,0.0
sim11363,33.33333333333333
sim11364,0.0
sim11365,0.0
sim11366,44.44444444444444
sim11367,0.0
sim11368,0.0
sim11369,0.0
sim11370,0.0
sim11371,44.44444444444444
sim11372,0.0
sim11373,88.88888888888889
sim11374,0.0
sim11375,0.0
sim11376,100.0
sim11377,0.0
sim11378,0.0
sim11379,77.77777777777779
sim11380,0.0
sim11381,0.0
sim11382,33.33333333333333
sim11383,0.0
sim11384,0.0
sim11385,0.0
sim11386,0.0
sim11387,0.0
sim11388,0.0
sim11389,11.11111111111111
sim11390,0.0
sim11391,0.0
sim11392,0.0
sim11393,0.0
sim11394,11.11111111111111
sim11395,11.11111111111111
sim11396,0.0
sim11397,100.0
sim11398,44.44444444444444
sim11399,0.0
sim11400,77.77777777777779
sim11401,0.0
sim11402,0.0
sim11403,0.0
sim11404,0.0
sim11405,0.0
sim11406,44.44444444444444
sim11407,0.0
sim11408,0.0
sim11409,22.22222222222222
sim11410,0.0
sim11411,44.44444444444444
sim11412,0.0
sim11413,22.22222222222222
sim11414,0.0
sim11415,0.0
sim11416,88.88888888888889
sim11417,0.0
sim11418,0.0
sim11419,33.33333333333333
sim11420,0.0
sim11421,0.0
sim11422,33.33333333333333
sim11423,0.0
sim11424,0.0
sim11425,0.0
sim11426,77.77777777777779
sim11427,0.0
sim11428,33.33333333333333
sim11429,0.0
sim11430,0.0
sim11431,66.66666666666666
sim11432,0.0
sim11433,100.0
sim11434,0.0
sim11435,0.0
sim11436,0.0
sim11437,0.0
sim11438,0.0
sim11439,33.33333333333333
sim11440,0.0
sim11441,0.0
sim11442,0.0
sim11443,0.0
sim11444,100.0
sim11445,0.0
sim11446,0.0
sim11447,22.22222222222222
sim11448,0.0
sim11449,55.55555555555556
sim11450,11.11111111111111
sim11451,0.0
sim11452,33.33333333333333
sim11453,0.0
sim11454,0.0
sim11455,55.55555555555556
sim11456,55.55555555555556
sim11457,77.77777777777779
sim11458,0.0
sim11459,0.0
sim11460,0.0
sim11461,0.0
sim11462,55.55555555555556
sim11463,0.0
sim11464,11.11111111111111
sim11465,0.0
sim11466,0.0
sim11467,77.77777777777779
sim11468,0.0
sim11469,11.11111111111111
sim11470,0.0
sim11471,0.0
sim11472,0.0
sim11473,0.0
sim11474,55.55555555555556
sim11475,0.0
sim11476,0.0
sim11477,55.55555555555556
sim11478,66.66666666666666
sim11479,0.0
sim11480,0.0
sim11481,0.0
sim11482,0.0
sim11483,88.88888888888889
sim11484,11.11111111111111
sim11485,55.55555555555556
sim11486,22.22222222222222
sim11487,0.0
sim11488,0.0
sim11489,0.0
sim11490,0.0
sim11491,33.33333333333333
sim11492,88.88888888888889
sim11493,0.0
sim11494,0.0
sim11495,88.88888888888889
sim11496,0.0
sim11497,0.0
sim11498,88.88888888888889
sim11499,0.0
sim11500,44.44444444444444
sim11501,0.0
sim11502,0.0
sim11503,11.11111111111111
sim11504,0.0
sim11505,44.44444444444444
sim11506,0.0
sim11507,0.0
sim11508,0.0
sim11509,0.0
sim11510,0.0
sim11511,88.88888888888889
sim11512,0.0
sim11513,22.22222222222222
sim11514,55.55555555555556
sim11515,0.0
sim11516,0.0
sim11517,0.0
sim11518,0.0
sim11519,0.0
sim11520,66.66666666666666
sim11521,0.0
sim11522,44.44444444444444
sim11523,0.0
sim11524,44.44444444444444
sim11525,0.0
sim11526,0.0
sim11527,0.0
sim11528,0.0
sim11529,0.0
sim11530,0.0
sim11531,0.0
sim11532,22.22222222222222
sim11533,0.0
sim11534,0.0
sim11535,77.77777777777779
sim11536,0.0
sim11537,77.77777777777779
sim11538,55.55555555555556
sim11539,0.0
sim11540,0.0
sim11541,0.0
sim11542,55.55555555555556
sim11543,0.0
sim11544,0.0
sim11545,55.55555555555556
sim11546,0.0
sim11547,0.0
sim11548,0.0
sim11549,0.0
sim11550,0.0
sim11551,100.0
sim11552,88.88888888888889
sim11553,0.0
sim11554,0.0
sim11555,44.44444444444444
sim11556,0.0
sim11557,11.11111111111111
sim11558,0.0
sim11559,0.0
sim11560,77.77777777777779
sim11561,22.22222222222222
sim11562,0.0
sim11563,0.0
sim11564,0.0
sim11565,0.0
sim11566,100.0
sim11567,0.0
sim11568,0.0
sim11569,0.0
sim11570,0.0
sim11571,77.77777777777779
sim11572,0.0
sim11573,66.66666666666666
sim11574,0.0
sim11575,0.0
sim11576,0.0
sim11577,0.0
sim11578,0.0
sim11579,33.33333333333333
sim11580,0.0
sim11581,22.22222222222222
sim11582,33.33333333333333
sim11583,0.0
sim11584,0.0
sim11585,77.77777777777779
sim11586,11.11111111111111
sim11587,0.0
sim11588,0.0
sim11589,0.0
sim11590,11.11111111111111
sim11591,0.0
sim11592,0.0
sim11593,0.0
sim11594,66.66666666666666
sim11595,0.0
sim11596,77.77777777777779
sim11597,0.0
sim11598,0.0
sim11599,0.0
sim11600,0.0
sim11601,77.77777777777779
sim11602,44.44444444444444
sim11603,0.0
sim11604,0.0
sim11605,44.44444444444444
sim11606,0.0
sim11607,77.77777777777779
sim11608,0.0
sim11609,0.0
sim11610,0.0
sim11611,0.0
sim11612,100.0
sim11613,0.0
sim11614,0.0
sim11615,11.11111111111111
sim11616,44.44444444444444
sim11617,0.0
sim11618,0.0
sim11619,33.33333333333333
sim11620,0.0
sim11621,0.0
sim11622,44.44444444444444
sim11623,0.0
sim11624,0.0
sim11625,0.0
sim11626,0.0
sim11627,44.44444444444444
sim11628,0.0
sim11629,88.88888888888889
sim11630,0.0
sim11631,0.0
sim11632,100.0
sim11633,0.0
sim11634,0.0
sim11635,77.77777777777779
sim11636,0.0
sim11637,0.0
sim11638,33.33333333333333
sim11639,0.0
sim11640,0.0
sim11641,0.0
sim11642,0.0
sim11643,0.0
sim11644,0.0
sim11645,11.11111111111111
sim11646,0.0
sim11647,0.0
sim11648,0.0
sim11649,0.0
sim11650,0.0
sim11651,11.11111111111111
sim11652,0.0
sim11653,100.0
sim11654,44.44444444444444
sim11655,0.0
sim11656,77.77777777777779
sim11657,0.0
sim11658,0.0
sim11659,0.0
sim11660,0.0
sim11661,0.0
sim11662,44.44444444444444
sim11663,0.0
sim11664,0.0
sim11665,22.22222222222222
sim11666,0.0
sim11667,44.44444444444444
sim11668,0.0
sim11669,22.22222222222222
sim11670,0.0
sim11671,0.0
sim11672,88.88888888888889
sim11673,0.0
sim11674,0.0
sim11675,33.33333333333333
sim11676,0.0
sim11677,0.0
sim11678,33.33333333333333
sim11679,0.0
sim11680,0.0
sim11681,0.0
sim11682,77.77777777777779
sim11683,0.0
sim11684,33.33333333333333
sim11685,0.0
sim11686,0.0
sim11687,66.66666666666666
sim11688,0.0
sim11689,100.0
sim11690,0.0
sim11691,0.0
sim11692,0.0
sim11693,0.0
sim11694,0.0
sim11695,33.33333333333333
sim11696,0.0
sim11697,0.0
sim11698,0.0
sim11699,0.0
sim11700,100.0
sim11701,0.0
sim11702,0.0
sim11703,22.22222222222222
sim11704,0.0
sim11705,55.55555555555556
sim11706,11.11111111111111
sim11707,0.0
sim11708,33.33333333333333
sim11709,0.0
sim11710,0.0
sim11711,55.55555555555556
sim11712,55.55555555555556
sim11713,77.77777777777779
sim11714,0.0
sim11715,0.0
sim11716,0.0
sim11717,0.0
sim11718,55.55555555555556
sim11719,0.0
sim11720,11.11111111111111
sim11721,0.0
sim11722,0.0
sim11723,77.77777777777779
sim11724,0.0
sim11725,22.22222222222222
sim11726,0.0
sim11727,0.0
sim11728,0.0
sim11729,0.0
sim11730,55.55555555555556
sim11731,0.0
sim11732,0.0
sim11733,55.55555555555556
sim11734,66.66666666666666
sim11735,0.0
sim11736,0.0
sim11737,0.0
sim11738,0.0
sim11739,88.88888888888889
sim11740,11.11111111111111
sim11741,55.55555555555556
sim11742,22.22222222222222
sim11743,0.0
sim11744,0.0
sim11745,0.0
sim11746,0.0
sim11747,33.33333333333333
sim11748,88.88888888888889
sim11749,0.0
sim11750,0.0
sim11751,88.88888888888889
sim11752,0.0
sim11753,0.0
sim11754,88.88888888888889
sim11755,0.0
sim11756,44.44444444444444
sim11757,0.0
sim11758,0.0
sim11759,11.11111111111111
sim11760,0.0
sim11761,44.44444444444444
sim11762,0.0
sim11763,0.0
sim11764,0.0
sim11765,0.0
sim11766,0.0
sim11767,88.88888888888889
sim11768,0.0
sim11769,22.22222222222222
sim11770,55.55555555555556
sim11771,0.0
sim11772,0.0
sim11773,0.0
sim11774,0.0
sim11775,0.0
sim11776,66.66666666666666
sim11777,0.0
sim11778,44.44444444444444
sim11779,0.0
sim11780,44.44444444444444
sim11781,0.0
sim11782,0.0
sim11783,0.0
sim11784,0.0
sim11785,0.0
sim11786,0.0
sim11787,0.0
sim11788,22.22222222222222
sim11789,0.0
sim11790,0.0
sim11791,77.77777777777779
sim11792,0.0
sim11793,77.77777777777779
sim11794,55.55555555555556
sim11795,0.0
sim11796,0.0
sim11797,0.0
sim11798,55.55555555555556
sim11799,0.0
sim11800,0.0
sim11801,55.55555555555556
sim11802,0.0
sim11803,0.0
sim11804,0.0
sim11805,0.0
sim11806,0.0
sim11807,100.0
sim11808,88.88888888888889
sim11809,0.0
sim11810,0.0
sim11811,44.44444444444444
sim11812,0.0
sim11813,11.11111111111111
sim11814,0.0
sim11815,0.0
sim11816,77.77777777777779
sim11817,22.22222222222222
sim11818,0.0
sim11819,0.0
sim11820,0.0
sim11821,0.0
sim11822,100.0
sim11823,0.0
sim11824,0.0
sim11825,0.0
sim11826,0.0
sim11827,77.77777777777779
sim11828,0.0
sim11829,66.66666666666666
sim11830,0.0
sim11831,0.0
sim11832,0.0
sim11833,0.0
sim11834,0.0
sim11835,44.44444444444444
sim11836,0.0
sim11837,22.22222222222222
sim11838,33.33333333333333
sim11839,0.0
sim11840,0.0
sim11841,77.77777777777779
sim11842,11.11111111111111
sim11843,0.0
sim11844,0.0
sim11845,0.0
sim11846,11.11111111111111
sim11847,0.0
sim11848,0.0
sim11849,0.0
sim11850,66.66666666666666
sim11851,0.0
sim11852,77.77777777777779
sim11853,0.0
sim11854,0.0
sim11855,0.0
sim11856,0.0
sim11857,77.77777777777779
sim11858,44.44444444444444
sim11859,0.0
sim11860,0.0
sim11861,44.44444444444444
sim11862,0.0
sim11863,77.77777777777779
sim11864,0.0
sim11865,0.0
sim11866,0.0
sim11867,0.0
sim11868,100.0
sim11869,0.0
sim11870,0.0
sim11871,11.11111111111111
sim11872,44.44444444444444
sim11873,0.0
sim11874,0.0
sim11875,33.33333333333333
sim11876,0.0
sim11877,0.0
sim11878,44.44444444444444
sim11879,0.0
sim11880,0.0
sim11881,0.0
sim11882,0.0
sim11883,44.44444444444444
sim11884,0.0
sim11885,88.88888888888889
sim11886,0.0
sim11887,0.0
sim11888,100.0
sim11889,0.0
sim11890,0.0
sim11891,77.77777777777779
sim11892,0.0
sim11893,0.0
sim11894,33.33333333333333
sim11895,0.0
sim11896,0.0
sim11897,0.0
sim11898,0.0
sim11899,0.0
sim11900,0.0
sim11901,11.11111111111111
sim11902,0.0
sim11903,0.0
sim11904,0.0
sim11905,0.0
sim11906,0.0
sim11907,11.11111111111111
sim11908,0.0
sim11909,100.0
sim11910,44.44444444444444
sim11911,0.0
sim11912,77.77777777777779
sim11913,0.0
sim11914,0.0
sim11915,0.0
sim11916,0.0
sim11917,0.0
sim11918,44.44444444444444
sim11919,0.0
sim11920,0.0
sim11921,22.22222222222222
sim11922,0.0
sim11923,44.44444444444444
sim11924,0.0
sim11925,22.22222222222222
sim11926,0.0
sim11927,0.0
sim11928,88.88888888888889
sim11929,0.0
sim11930,0.0
sim11931,33.33333333333333
sim11932,0.0
sim11933,0.0
sim11934,33.33333333333333
sim11935,0.0
sim11936,0.0
sim11937,0.0
sim11938,77.77777777777779
sim11939,0.0
sim11940,33.33333333333333
sim11941,0.0
sim11942,0.0
sim11943,66.66666666666666
sim11944,0.0
sim11945,100.0
sim11946,0.0
sim11947,0.0
sim11948,0.0
sim11949,0.0
sim11950,0.0
sim11951,33.33333333333333
sim11952,0.0
sim11953,0.0
sim11954,0.0
sim11955,0.0
sim11956,100.0
sim11957,0.0
sim11958,0.0
sim11959,22.22222222222222
sim11960,0.0
sim11961,55.55555555555556
sim11962,11.11111111111111
sim11963,0.0
sim11964,33.33333333333333
sim11965,0.0
sim11966,0.0
sim11967,55.55555555555556
sim11968,55.55555555555556
sim11969,77.77777777777779
sim11970,0.0
sim11971,0.0
sim11972,0.0
sim11973,0.0
sim11974,55.55555555555556
sim11975,0.0
sim11976,0.0
sim11977,0.0
sim11978,0.0
sim11979,77.77777777777779
sim11980,0.0
sim11981,11.11111111111111
sim11982,0.0
sim11983,0.0
sim11984,0.0
sim11985,0.0
sim11986,55.55555555555556
sim11987,0.0
sim11988,0.0
sim11989,55.55555555555556
sim11990,66.66666666666666
sim11991,0.0
sim11992,0.0
sim11993,0.0
sim11994,0.0
sim11995,88.88888888888889
sim11996,11.11111111111111
sim11997,55.55555555555556
sim11998,22.22222222222222
sim11999,0.0
sim12000,0.0
sim12001,0.0
sim12002,0.0
sim12003,44.44444444444444
sim12004,88.88888888888889
sim12005,0.0
sim12006,0.0
sim12007,88.88888888888889
sim12008,0.0
sim12009,0.0
sim12010,88.88888888888889
sim12011,0.0
sim12012,44.44444444444444
sim12013,0.0
sim12014,0.0
sim12015,11.11111111111111
sim12016,0.0
sim12017,44.44444444444444
sim12018,0.0
sim12019,0.0
sim12020,0.0
sim12021,0.0
sim12022,0.0
sim12023,88.88888888888889
sim12024,0.0
sim12025,22.22222222222222
sim12026,55.55555555555556
sim12027,0.0
sim12028,0.0
sim12029,0.0
sim12030,0.0
sim12031,0.0
sim12032,66.66666666666666
sim12033,0.0
sim12034,44.44444444444444
sim12035,0.0
sim12036,44.44444444444444
sim12037,0.0
sim12038,0.0
sim12039,0.0
sim12040,0.0
sim12041,0.0
sim12042,0.0
sim12043,0.0
sim12044,22.22222222222222
sim12045,0.0
sim12046,0.0
sim12047,77.77777777777779
sim12048,0.0
sim12049,77.77777777777779
sim12050,55.55555555555556
sim12051,0.0
sim12052,0.0
sim12053,0.0
sim12054,55.55555555555556
sim12055,0.0
sim12056,0.0
sim12057,55.55555555555556
sim12058,0.0
sim12059,0.0
sim12060,0.0
sim12061,0.0
sim12062,0.0
sim12063,100.0
sim12064,88.88888888888889
sim12065,0.0
sim12066,0.0
sim12067,33.33333333333333
sim12068,0.0
sim12069,11.11111111111111
sim12070,0.0
sim12071,0.0
sim12072,77.77777777777779
sim12073,22.22222222222222
sim12074,0.0
sim12075,0.0
sim12076,0.0
sim12077,0.0
sim12078,100.0
sim12079,0.0
sim12080,0.0
sim12081,0.0
sim12082,0.0
sim12083,77.77777777777779
sim12084,0.0
sim12085,66.66666666666666
sim12086,0.0
sim12087,0.0
sim12088,0.0
sim12089,0.0
sim12090,0.0
sim12091,44.44444444444444
sim12092,0.0
sim12093,22.22222222222222
sim12094,33.33333333333333
sim12095,0.0
sim12096,0.0
sim12097,77.77777777777779
sim12098,11.11111111111111
sim12099,0.0
sim12100,0.0
sim12101,0.0
sim12102,11.11111111111111
sim12103,0.0
sim12104,0.0
sim12105,0.0
sim12106,66.66666666666666
sim12107,0.0
sim12108,88.88888888888889
sim12109,0.0
sim12110,0.0
sim12111,0.0
sim12112,0.0
sim12113,66.66666666666666
sim12114,44.44444444444444
sim12115,0.0
sim12116,0.0
sim12117,44.44444444444444
sim12118,0.0
sim12119,77.77777777777779
sim12120,0.0
sim12121,0.0
sim12122,0.0
sim12123,0.0
sim12124,100.0
sim12125,0.0
sim12126,0.0
sim12127,11.11111111111111
sim12128,44.44444444444444
sim12129,0.0
sim12130,0.0
sim12131,33.33333333333333
sim12132,0.0
sim12133,0.0
sim12134,44.44444444444444
sim12135,0.0
sim12136,0.0
sim12137,0.0
sim12138,0.0
sim12139,44.44444444444444
sim12140,0.0
sim12141,88.88888888888889
sim12142,0.0
sim12143,0.0
sim12144,100.0
sim12145,0.0
sim12146,0.0
sim12147,77.77777777777779
sim12148,0.0
sim12149,0.0
sim12150,33.33333333333333
sim12151,0.0
sim12152,0.0
sim12153,0.0
sim12154,0.0
sim12155,0.0
sim12156,0.0
sim12157,11.11111111111111
sim12158,0.0
sim12159,0.0
sim12160,0.0
sim12161,0.0
sim12162,11.11111111111111
sim12163,11.11111111111111
sim12164,0.0
sim12165,100.0
sim12166,44.44444444444444
sim12167,0.0
sim12168,77.77777777777779
sim12169,0.0
sim12170,0.0
sim12171,0.0
sim12172,0.0
sim12173,0.0
sim12174,44.44444444444444
sim12175,0.0
sim12176,0.0
sim12177,22.22222222222222
sim12178,0.0
sim12179,44.44444444444444
sim12180,0.0
sim12181,22.22222222222222
sim12182,0.0
sim12183,0.0
sim12184,88.88888888888889
sim12185,0.0
sim12186,0.0
sim12187,33.33333333333333
sim12188,0.0
sim12189,0.0
sim12190,33.33333333333333
sim12191,0.0
sim12192,0.0
sim12193,0.0
sim12194,77.77777777777779
sim12195,0.0
sim12196,33.33333333333333
sim12197,0.0
sim12198,0.0
sim12199,66.66666666666666
sim12200,0.0
sim12201,100.0
sim12202,0.0
sim12203,0.0
sim12204,0.0
sim12205,0.0
sim12206,0.0
sim12207,33.33333333333333
sim12208,0.0
sim12209,0.0
sim12210,0.0
sim12211,0.0
sim12212,100.0
sim12213,0.0
sim12214,0.0
sim12215,22.22222222222222
sim12216,0.0
sim12217,55.55555555555556
sim12218,11.11111111111111
sim12219,0.0
sim12220,33.33333333333333
sim12221,0.0
sim12222,0.0
sim12223,55.55555555555556
sim12224,55.55555555555556
sim12225,77.77777777777779
sim12226,0.0
sim12227,0.0
sim12228,0.0
sim12229,0.0
sim12230,55.55555555555556
sim12231,0.0
sim12232,11.11111111111111
sim12233,0.0
sim12234,0.0
sim12235,77.77777777777779
sim12236,0.0
sim12237,22.22222222222222
sim12238,0.0
sim12239,0.0
sim12240,0.0
sim12241,0.0
sim12242,55.55555555555556
sim12243,0.0
sim12244,0.0
sim12245,55.55555555555556
sim12246,66.66666666666666
sim12247,0.0
sim12248,0.0
sim12249,0.0
sim12250,0.0
sim12251,88.88888888888889
sim12252,11.11111111111111
sim12253,55.55555555555556
sim12254,22.22222222222222
sim12255,0.0
sim12256,0.0
sim12257,0.0
sim12258,0.0
sim12259,33.33333333333333
sim12260,88.88888888888889
sim12261,0.0
sim12262,0.0
sim12263,88.88888888888889
sim12264,0.0
sim12265,0.0
sim12266,88.88888888888889
sim12267,0.0
sim12268,44.44444444444444
sim12269,0.0
sim12270,0.0
sim12271,11.11111111111111
sim12272,0.0
sim12273,44.44444444444444
sim12274,0.0
sim12275,0.0
sim12276,0.0
sim12277,0.0
sim12278,0.0
sim12279,88.88888888888889
sim12280,0.0
sim12281,22.22222222222222
sim12282,55.55555555555556
sim12283,0.0
sim12284,0.0
sim12285,0.0
sim12286,0.0
sim12287,0.0
sim12288,66.66666666666666
sim12289,0.0
sim12290,44.44444444444444
sim12291,0.0
sim12292,44.44444444444444
sim12293,0.0
sim12294,0.0
sim12295,0.0
sim12296,0.0
sim12297,0.0
sim12298,0.0
sim12299,0.0
sim12300,22.22222222222222
sim12301,0.0
sim12302,0.0
sim12303,77.77777777777779
sim12304,0.0
sim12305,77.77777777777779
sim12306,55.55555555555556
sim12307,0.0
sim12308,0.0
sim12309,0.0
sim12310,55.55555555555556
sim12311,0.0
sim12312,0.0
sim12313,55.55555555555556
sim12314,0.0
sim12315,0.0
sim12316,0.0
sim12317,0.0
sim12318,0.0
sim12319,100.0
sim12320,88.88888888888889
sim12321,0.0
sim12322,0.0
sim12323,33.33333333333333
sim12324,0.0
sim12325,11.11111111111111
sim12326,0.0
sim12327,0.0
sim12328,77.77777777777779
sim12329,22.22222222222222
sim12330,0.0
sim12331,0.0
sim12332,0.0
sim12333,0.0
sim12334,100.0
sim12335,0.0
sim12336,0.0
sim12337,0.0
sim12338,0.0
sim12339,77.77777777777779
sim12340,0.0
sim12341,66.66666666666666
sim12342,0.0
sim12343,0.0
sim12344,0.0
sim12345,0.0
sim12346,0.0
sim12347,44.44444444444444
sim12348,0.0
sim12349,22.22222222222222
sim12350,33.33333333333333
sim12351,0.0
sim12352,0.0
sim12353,77.77777777777779
sim12354,11.11111111111111
sim12355,0.0
sim12356,0.0
sim12357,0.0
sim12358,11.11111111111111
sim12359,0.0
sim12360,0.0
sim12361,0.0
sim12362,66.66666666666666
sim12363,0.0
sim12364,77.77777777777779
sim12365,0.0
sim12366,0.0
sim12367,0.0
sim12368,0.0
sim12369,77.77777777777779
sim12370,44.44444444444444
sim12371,0.0
sim12372,0.0
sim12373,44.44444444444444
sim12374,0.0
sim12375,77.77777777777779
sim12376,0.0
sim12377,0.0
sim12378,0.0
sim12379,0.0
sim12380,100.0
sim12381,0.0
sim12382,0.0
sim12383,11.11111111111111
sim12384,44.44444444444444
sim12385,0.0
sim12386,0.0
sim12387,33.33333333333333
sim12388,0.0
sim12389,0.0
sim12390,44.44444444444444
sim12391,0.0
sim12392,0.0
sim12393,0.0
sim12394,0.0
sim12395,44.44444444444444
sim12396,0.0
sim12397,88.88888888888889
sim12398,0.0
sim12399,0.0
sim12400,100.0
sim12401,0.0
sim12402,0.0
sim12403,77.77777777777779
sim12404,0.0
sim12405,0.0
sim12406,33.33333333333333
sim12407,0.0
sim12408,0.0
sim12409,0.0
sim12410,0.0
sim12411,0.0
sim12412,0.0
sim12413,11.11111111111111
sim12414,0.0
sim12415,0.0
sim12416,0.0
sim12417,0.0
sim12418,11.11111111111111
sim12419,11.11111111111111
sim12420,0.0
sim12421,100.0
sim12422,44.44444444444444
sim12423,0.0
sim12424,77.77777777777779
sim12425,0.0
sim12426,0.0
sim12427,0.0
sim12428,0.0
sim12429,0.0
sim12430,44.44444444444444
sim12431,0.0
sim12432,0.0
sim12433,22.22222222222222
sim12434,0.0
sim12435,44.44444444444444
sim12436,0.0
sim12437,22.22222222222222
sim12438,0.0
sim12439,0.0
sim12440,88.88888888888889
sim12441,0.0
sim12442,0.0
sim12443,33.33333333333333
sim12444,0.0
sim12445,0.0
sim12446,33.33333333333333
sim12447,0.0
sim12448,0.0
sim12449,0.0
sim12450,77.77777777777779
sim12451,0.0
sim12452,33.33333333333333
sim12453,0.0
sim12454,0.0
sim12455,66.66666666666666
sim12456,0.0
sim12457,100.0
sim12458,0.0
sim12459,0.0
sim12460,0.0
sim12461,0.0
sim12462,0.0
sim12463,33.33333333333333
sim12464,0.0
sim12465,0.0
sim12466,0.0
sim12467,0.0
sim12468,100.0
sim12469,0.0
sim12470,0.0
sim12471,22.22222222222222
sim12472,0.0
sim12473,55.55555555555556
sim12474,11.11111111111111
sim12475,0.0
sim12476,33.33333333333333
sim12477,0.0
sim12478,0.0
sim12479,55.55555555555556
sim12480,55.55555555555556
sim12481,77.77777777777779
sim12482,0.0
sim12483,0.0
sim12484,0.0
sim12485,0.0
sim12486,55.55555555555556
sim12487,0.0
sim12488,11.11111111111111
sim12489,0.0
sim12490,0.0
sim12491,77.77777777777779
sim12492,0.0
sim12493,11.11111111111111
sim12494,0.0
sim12495,0.0
sim12496,0.0
sim12497,0.0
sim12498,55.55555555555556
sim12499,0.0
sim12500,0.0
sim12501,55.55555555555556
sim12502,66.66666666666666
sim12503,0.0
sim12504,0.0
sim12505,0.0
sim12506,0.0
sim12507,88.88888888888889
sim12508,11.11111111111111
sim12509,55.55555555555556
sim12510,22.22222222222222
sim12511,0.0
sim12512,0.0
sim12513,0.0
sim12514,0.0
sim12515,33.33333333333333
sim12516,88.88888888888889
sim12517,0.0
sim12518,0.0
sim12519,88.88888888888889
sim12520,0.0
sim12521,0.0
sim12522,88.88888888888889
sim12523,0.0
sim12524,44.44444444444444
sim12525,0.0
sim12526,0.0
sim12527,11.11111111111111
sim12528,0.0
sim12529,44.44444444444444
sim12530,0.0
sim12531,0.0
sim12532,0.0
sim12533,0.0
sim12534,0.0
sim12535,88.88888888888889
sim12536,0.0
sim12537,22.22222222222222
sim12538,55.55555555555556
sim12539,0.0
sim12540,0.0
sim12541,0.0
sim12542,0.0
sim12543,0.0
sim12544,66.66666666666666
sim12545,0.0
sim12546,44.44444444444444
sim12547,0.0
sim12548,44.44444444444444
sim12549,0.0
sim12550,0.0
sim12551,0.0
sim12552,0.0
sim12553,0.0
sim12554,0.0
sim12555,0.0
sim12556,22.22222222222222
sim12557,0.0
sim12558,0.0
sim12559,77.77777777777779
sim12560,0.0
sim12561,77.77777777777779
sim12562,55.55555555555556
sim12563,0.0
sim12564,0.0
sim12565,0.0
sim12566,55.55555555555556
sim12567,0.0
sim12568,0.0
sim12569,55.55555555555556
sim12570,0.0
sim12571,0.0
sim12572,0.0
sim12573,0.0
sim12574,0.0
sim12575,88.88888888888889
sim12576,88.88888888888889
sim12577,0.0
sim12578,0.0
sim12579,33.33333333333333
sim12580,0.0
sim12581,11.11111111111111
sim12582,0.0
sim12583,0.0
sim12584,77.77777777777779
sim12585,22.22222222222222
sim12586,0.0
sim12587,0.0
sim12588,0.0
sim12589,0.0
sim12590,100.0
sim12591,0.0
sim12592,0.0
sim12593,0.0
sim12594,0.0
sim12595,77.77777777777779
sim12596,0.0
sim12597,66.66666666666666
sim12598,0.0
sim12599,0.0
sim12600,0.0
sim12601,0.0
sim12602,0.0
sim12603,33.33333333333333
sim12604,0.0
sim12605,22.22222222222222
sim12606,33.33333333333333
sim12607,0.0
sim12608,0.0
sim12609,77.77777777777779
sim12610,11.11111111111111
sim12611,0.0
sim12612,0.0
sim12613,0.0
sim12614,44.44444444444444
sim12615,0.0
sim12616,0.0
sim12617,0.0
sim12618,66.66666666666666
sim12619,0.0
sim12620,77.77777777777779
sim12621,0.0
sim12622,0.0
sim12623,0.0
sim12624,0.0
sim12625,77.77777777777779
sim12626,55.55555555555556
sim12627,0.0
sim12628,0.0
sim12629,44.44444444444444
sim12630,0.0
sim12631,77.77777777777779
sim12632,0.0
sim12633,0.0
sim12634,0.0
sim12635,0.0
sim12636,100.0
sim12637,0.0
sim12638,0.0
sim12639,11.11111111111111
sim12640,44.44444444444444
sim12641,0.0
sim12642,0.0
sim12643,33.33333333333333
sim12644,0.0
sim12645,0.0
sim12646,44.44444444444444
sim12647,0.0
sim12648,0.0
sim12649,0.0
sim12650,0.0
sim12651,33.33333333333333
sim12652,0.0
sim12653,88.88888888888889
sim12654,0.0
sim12655,0.0
sim12656,100.0
sim12657,0.0
sim12658,0.0
sim12659,77.77777777777779
sim12660,0.0
sim12661,0.0
sim12662,33.33333333333333
sim12663,0.0
sim12664,0.0
sim12665,0.0
sim12666,0.0
sim12667,0.0
sim12668,0.0
sim12669,11.11111111111111
sim12670,0.0
sim12671,0.0
sim12672,0.0
sim12673,0.0
sim12674,11.11111111111111
sim12675,11.11111111111111
sim12676,0.0
sim12677,100.0
sim12678,44.44444444444444
sim12679,0.0
sim12680,77.77777777777779
sim12681,0.0
sim12682,0.0
sim12683,0.0
sim12684,0.0
sim12685,0.0
sim12686,44.44444444444444
sim12687,0.0
sim12688,0.0
sim12689,22.22222222222222
sim12690,0.0
sim12691,44.44444444444444
sim12692,0.0
sim12693,22.22222222222222
sim12694,0.0
sim12695,0.0
sim12696,88.88888888888889
sim12697,0.0
sim12698,0.0
sim12699,33.33333333333333
sim12700,0.0
sim12701,0.0
sim12702,33.33333333333333
sim12703,0.0
sim12704,0.0
sim12705,0.0
sim12706,77.77777777777779
sim12707,0.0
sim12708,33.33333333333333
sim12709,0.0
sim12710,0.0
sim12711,66.66666666666666
sim12712,0.0
sim12713,100.0
sim12714,0.0
sim12715,0.0
sim12716,0.0
sim12717,0.0
sim12718,0.0
sim12719,33.33333333333333
sim12720,0.0
sim12721,0.0
sim12722,0.0
sim12723,0.0
sim12724,100.0
sim12725,0.0
sim12726,0.0
sim12727,22.22222222222222
sim12728,0.0
sim12729,55.55555555555556
sim12730,22.22222222222222
sim12731,0.0
sim12732,33.33333333333333
sim12733,0.0
sim12734,0.0
sim12735,44.44444444444444
sim12736,55.55555555555556
sim12737,77.77777777777779
sim12738,0.0
sim12739,0.0
sim12740,0.0
sim12741,0.0
sim12742,55.55555555555556
sim12743,0.0
sim12744,11.11111111111111
sim12745,0.0
sim12746,0.0
sim12747,77.77777777777779
sim12748,0.0
sim12749,11.11111111111111
sim12750,0.0
sim12751,0.0
sim12752,0.0
sim12753,0.0
sim12754,55.55555555555556
sim12755,0.0
sim12756,0.0
sim12757,55.55555555555556
sim12758,66.66666666666666
sim12759,0.0
sim12760,0.0
sim12761,0.0
sim12762,0.0
sim12763,88.88888888888889
sim12764,11.11111111111111
sim12765,55.55555555555556
sim12766,22.22222222222222
sim12767,0.0
sim12768,0.0
sim12769,0.0
sim12770,0.0
sim12771,33.33333333333333
sim12772,88.88888888888889
sim12773,0.0
sim12774,0.0
sim12775,88.88888888888889
sim12776,0.0
sim12777,0.0
sim12778,88.88888888888889
sim12779,0.0
sim12780,44.44444444444444
sim12781,0.0
sim12782,0.0
sim12783,11.11111111111111
sim12784,0.0
sim12785,44.44444444444444
sim12786,0.0
sim12787,0.0
sim12788,0.0
sim12789,0.0
sim12790,0.0
sim12791,88.88888888888889
sim12792,0.0
sim12793,22.22222222222222
sim12794,55.55555555555556
sim12795,0.0
sim12796,0.0
sim12797,0.0
sim12798,0.0
sim12799,0.0
sim12800,66.66666666666666
sim12801,0.0
sim12802,33.33333333333333
sim12803,0.0
sim12804,55.55555555555556
sim12805,0.0
sim12806,0.0
sim12807,0.0
sim12808,0.0
sim12809,0.0
sim12810,0.0
sim12811,0.0
sim12812,22.22222222222222
sim12813,0.0
sim12814,0.0
sim12815,77.77777777777779
sim12816,0.0
sim12817,77.77777777777779
sim12818,66.66666666666666
sim12819,0.0
sim12820,0.0
sim12821,0.0
sim12822,11.11111111111111
sim12823,0.0
sim12824,0.0
sim12825,33.33333333333333
sim12826,0.0
sim12827,0.0
sim12828,11.11111111111111
sim12829,0.0
sim12830,0.0
sim12831,88.88888888888889
sim12832,88.88888888888889
sim12833,0.0
sim12834,0.0
sim12835,33.33333333333333
sim12836,0.0
sim12837,11.11111111111111
sim12838,0.0
sim12839,0.0
sim12840,77.77777777777779
sim12841,22.22222222222222
sim12842,0.0
sim12843,0.0
sim12844,0.0
sim12845,0.0
sim12846,100.0
sim12847,0.0
sim12848,0.0
sim12849,0.0
sim12850,0.0
sim12851,100.0
sim12852,0.0
sim12853,66.66666666666666
sim12854,0.0
sim12855,0.0
sim12856,0.0
sim12857,0.0
sim12858,11.11111111111111
sim12859,22.22222222222222
sim12860,0.0
sim12861,33.33333333333333
sim12862,11.11111111111111
sim12863,0.0
sim12864,0.0
sim12865,77.77777777777779
sim12866,11.11111111111111
sim12867,0.0
sim12868,0.0
sim12869,0.0
sim12870,11.11111111111111
sim12871,0.0
sim12872,0.0
sim12873,0.0
sim12874,66.66666666666666
sim12875,0.0
sim12876,55.55555555555556
sim12877,0.0
sim12878,0.0
sim12879,0.0
sim12880,0.0
sim12881,44.44444444444444
sim12882,44.44444444444444
sim12883,0.0
sim12884,0.0
sim12885,55.55555555555556
sim12886,0.0
sim12887,77.77777777777779
sim12888,0.0
sim12889,0.0
sim12890,0.0
sim12891,0.0
sim12892,100.0
sim12893,0.0
sim12894,0.0
sim12895,11.11111111111111
sim12896,55.55555555555556
sim12897,0.0
sim12898,0.0
sim12899,33.33333333333333
sim12900,0.0
sim12901,0.0
sim12902,44.44444444444444
sim12903,0.0
sim12904,0.0
sim12905,0.0
sim12906,0.0
sim12907,33.33333333333333
sim12908,0.0
sim12909,88.88888888888889
sim12910,0.0
sim12911,0.0
sim12912,88.88888888888889
sim12913,0.0
sim12914,0.0
sim12915,77.77777777777779
sim12916,11.11111111111111
sim12917,0.0
sim12918,44.44444444444444
sim12919,0.0
sim12920,0.0
sim12921,0.0
sim12922,0.0
sim12923,0.0
sim12924,0.0
sim12925,11.11111111111111
sim12926,0.0
sim12927,0.0
sim12928,0.0
sim12929,0.0
sim12930,22.22222222222222
sim12931,0.0
sim12932,0.0
sim12933,100.0
sim12934,33.33333333333333
sim12935,0.0
sim12936,77.77777777777779
sim12937,0.0
sim12938,0.0
sim12939,0.0
sim12940,0.0
sim12941,0.0
sim12942,44.44444444444444
sim12943,0.0
sim12944,0.0
sim12945,22.22222222222222
sim12946,0.0
sim12947,44.44444444444444
sim12948,0.0
sim12949,22.22222222222222
sim12950,11.11111111111111
sim12951,0.0
sim12952,88.88888888888889
sim12953,0.0
sim12954,0.0
sim12955,22.22222222222222
sim12956,0.0
sim12957,0.0
sim12958,0.0
sim12959,0.0
sim12960,0.0
sim12961,0.0
sim12962,77.77777777777779
sim12963,0.0
sim12964,66.66666666666666
sim12965,0.0
sim12966,0.0
sim12967,44.44444444444444
sim12968,0.0
sim12969,100.0
sim12970,0.0
sim12971,0.0
sim12972,0.0
sim12973,0.0
sim12974,0.0
sim12975,55.55555555555556
sim12976,0.0
sim12977,0.0
sim12978,0.0
sim12979,0.0
sim12980,100.0
sim12981,0.0
sim12982,0.0
sim12983,33.33333333333333
sim12984,0.0
sim12985,55.55555555555556
sim12986,11.11111111111111
sim12987,0.0
sim12988,33.33333333333333
sim12989,0.0
sim12990,0.0
sim12991,55.55555555555556
sim12992,66.66666666666666
sim12993,66.66666666666666
sim12994,0.0
sim12995,0.0
sim12996,0.0
sim12997,11.11111111111111
sim12998,55.55555555555556
sim12999,0.0
sim13000,0.0
sim13001,11.11111111111111
sim13002,0.0
sim13003,66.66666666666666
sim13004,0.0
sim13005,11.11111111111111
sim13006,0.0
sim13007,0.0
sim13008,0.0
sim13009,0.0
sim13010,55.55555555555556
sim13011,0.0
sim13012,0.0
sim13013,33.33333333333333
sim13014,77.77777777777779
sim13015,0.0
sim13016,0.0
sim13017,0.0
sim13018,0.0
sim13019,88.88888888888889
sim13020,0.0
sim13021,66.66666666666666
sim13022,22.22222222222222
sim13023,0.0
sim13024,0.0
sim13025,11.11111111111111
sim13026,0.0
sim13027,33.33333333333333
sim13028,100.0
sim13029,0.0
sim13030,0.0
sim13031,88.88888888888889
sim13032,0.0
sim13033,0.0
sim13034,88.88888888888889
sim13035,0.0
sim13036,33.33333333333333
sim13037,22.22222222222222
sim13038,0.0
sim13039,33.33333333333333
sim13040,0.0
sim13041,44.44444444444444
sim13042,0.0
sim13043,0.0
sim13044,0.0
sim13045,0.0
sim13046,0.0
sim13047,88.88888888888889
sim13048,0.0
sim13049,33.33333333333333
sim13050,55.55555555555556
sim13051,0.0
sim13052,55.55555555555556
sim13053,0.0
sim13054,0.0
sim13055,0.0
sim13056,66.66666666666666
sim13057,0.0
sim13058,55.55555555555556
sim13059,0.0
sim13060,11.11111111111111
sim13061,0.0
sim13062,0.0
sim13063,0.0
sim13064,0.0
sim13065,0.0
sim13066,0.0
sim13067,22.22222222222222
sim13068,22.22222222222222
sim13069,0.0
sim13070,0.0
sim13071,66.66666666666666
sim13072,0.0
sim13073,66.66666666666666
sim13074,77.77777777777779
sim13075,0.0
sim13076,11.11111111111111
sim13077,0.0
sim13078,0.0
sim13079,0.0
sim13080,0.0
sim13081,55.55555555555556
sim13082,0.0
sim13083,0.0
sim13084,0.0
sim13085,0.0
sim13086,0.0
sim13087,66.66666666666666
sim13088,88.88888888888889
sim13089,0.0
sim13090,0.0
sim13091,77.77777777777779
sim13092,0.0
sim13093,11.11111111111111
sim13094,0.0
sim13095,0.0
sim13096,77.77777777777779
sim13097,11.11111111111111
sim13098,0.0
sim13099,0.0
sim13100,0.0
sim13101,0.0
sim13102,77.77777777777779
sim13103,0.0
sim13104,0.0
sim13105,0.0
sim13106,0.0
sim13107,100.0
sim13108,0.0
sim13109,55.55555555555556
sim13110,0.0
sim13111,0.0
sim13112,0.0
sim13113,0.0
sim13114,33.33333333333333
sim13115,0.0
sim13116,0.0
sim13117,22.22222222222222
sim13118,11.11111111111111
sim13119,0.0
sim13120,0.0
sim13121,100.0
sim13122,0.0
sim13123,0.0
sim13124,0.0
sim13125,0.0
sim13126,11.11111111111111
sim13127,11.11111111111111
sim13128,0.0
sim13129,0.0
sim13130,66.66666666666666
sim13131,0.0
sim13132,44.44444444444444
sim13133,0.0
sim13134,0.0
sim13135,0.0
sim13136,0.0
sim13137,88.88888888888889
sim13138,55.55555555555556
sim13139,0.0
sim13140,11.11111111111111
sim13141,33.33333333333333
sim13142,0.0
sim13143,66.66666666666666
sim13144,0.0
sim13145,0.0
sim13146,0.0
sim13147,0.0
sim13148,66.66666666666666
sim13149,0.0
sim13150,0.0
sim13151,11.11111111111111
sim13152,77.77777777777779
sim13153,0.0
sim13154,0.0
sim13155,33.33333333333333
sim13156,0.0
sim13157,0.0
sim13158,11.11111111111111
sim13159,0.0
sim13160,0.0
sim13161,0.0
sim13162,0.0
sim13163,44.44444444444444
sim13164,0.0
sim13165,88.88888888888889
sim13166,0.0
sim13167,0.0
sim13168,100.0
sim13169,0.0
sim13170,0.0
sim13171,44.44444444444444
sim13172,0.0
sim13173,0.0
sim13174,33.33333333333333
sim13175,0.0
sim13176,0.0
sim13177,22.22222222222222
sim13178,0.0
sim13179,0.0
sim13180,0.0
sim13181,0.0
sim13182,0.0
sim13183,0.0
sim13184,0.0
sim13185,0.0
sim13186,11.11111111111111
sim13187,11.11111111111111
sim13188,0.0
sim13189,100.0
sim13190,0.0
sim13191,0.0
sim13192,33.33333333333333
sim13193,0.0
sim13194,0.0
sim13195,0.0
sim13196,0.0
sim13197,0.0
sim13198,44.44444444444444
sim13199,0.0
sim13200,0.0
sim13201,0.0
sim13202,0.0
sim13203,22.22222222222222
sim13204,0.0
sim13205,55.55555555555556
sim13206,0.0
sim13207,0.0
sim13208,88.88888888888889
sim13209,0.0
sim13210,0.0
sim13211,33.33333333333333
sim13212,0.0
sim13213,0.0
sim13214,33.33333333333333
sim13215,0.0
sim13216,0.0
sim13217,22.22222222222222
sim13218,77.77777777777779
sim13219,0.0
sim13220,77.77777777777779
sim13221,0.0
sim13222,0.0
sim13223,44.44444444444444
sim13224,0.0
sim13225,88.88888888888889
sim13226,0.0
sim13227,0.0
sim13228,0.0
sim13229,0.0
sim13230,0.0
sim13231,33.33333333333333
sim13232,0.0
sim13233,0.0
sim13234,0.0
sim13235,0.0
sim13236,100.0
sim13237,0.0
sim13238,0.0
sim13239,0.0
sim13240,0.0
sim13241,22.22222222222222
sim13242,11.11111111111111
sim13243,0.0
sim13244,33.33333333333333
sim13245,0.0
sim13246,0.0
sim13247,55.55555555555556
sim13248,33.33333333333333
sim13249,77.77777777777779
sim13250,0.0
sim13251,0.0
sim13252,0.0
sim13253,0.0
sim13254,77.77777777777779
sim13255,0.0
sim13256,0.0
sim13257,0.0
sim13258,0.0
sim13259,66.66666666666666
sim13260,0.0
sim13261,11.11111111111111
sim13262,0.0
sim13263,0.0
sim13264,22.22222222222222
sim13265,0.0
sim13266,11.11111111111111
sim13267,0.0
sim13268,0.0
sim13269,44.44444444444444
sim13270,88.88888888888889
sim13271,0.0
sim13272,0.0
sim13273,0.0
sim13274,0.0
sim13275,66.66666666666666
sim13276,0.0
sim13277,55.55555555555556
sim13278,11.11111111111111
sim13279,0.0
sim13280,0.0
sim13281,0.0
sim13282,0.0
sim13283,0.0
sim13284,77.77777777777779
sim13285,0.0
sim13286,0.0
sim13287,100.0
sim13288,0.0
sim13289,0.0
sim13290,66.66666666666666
sim13291,0.0
sim13292,44.44444444444444
sim13293,0.0
sim13294,0.0
sim13295,0.0
sim13296,0.0
sim13297,22.22222222222222
sim13298,0.0
sim13299,0.0
sim13300,0.0
sim13301,0.0
sim13302,0.0
sim13303,100.0
sim13304,0.0
sim13305,22.22222222222222
sim13306,33.33333333333333
sim13307,0.0
sim13308,0.0
sim13309,0.0
sim13310,0.0
sim13311,0.0
sim13312,0.0
sim13313,0.0
sim13314,0.0
sim13315,0.0
sim13316,0.0
sim13317,22.22222222222222
sim13318,0.0
sim13319,22.22222222222222
sim13320,0.0
sim13321,0.0
sim13322,0.0
sim13323,77.77777777777779
sim13324,0.0
sim13325,0.0
sim13326,0.0
sim13327,44.44444444444444
sim13328,0.0
sim13329,100.0
sim13330,0.0
sim13331,0.0
sim13332,0.0
sim13333,44.44444444444444
sim13334,55.55555555555556
sim13335,0.0
sim13336,0.0
sim13337,44.44444444444444
sim13338,0.0
sim13339,0.0
sim13340,0.0
sim13341,77.77777777777779
sim13342,0.0
sim13343,77.77777777777779
sim13344,55.55555555555556
sim13345,0.0
sim13346,0.0
sim13347,33.33333333333333
sim13348,0.0
sim13349,0.0
sim13350,0.0
sim13351,100.0
sim13352,0.0
sim13353,77.77777777777779
sim13354,0.0
sim13355,44.44444444444444
sim13356,0.0
sim13357,0.0
sim13358,0.0
sim13359,11.11111111111111
sim13360,0.0
sim13361,44.44444444444444
sim13362,0.0
sim13363,44.44444444444444
sim13364,0.0
sim13365,55.55555555555556
sim13366,0.0
sim13367,0.0
sim13368,0.0
sim13369,44.44444444444444
sim13370,0.0
sim13371,44.44444444444444
sim13372,0.0
sim13373,77.77777777777779
sim13374,0.0
sim13375,0.0
sim13376,11.11111111111111
sim13377,0.0
sim13378,77.77777777777779
sim13379,0.0
sim13380,0.0
sim13381,0.0
sim13382,100.0
sim13383,0.0
sim13384,0.0
sim13385,0.0
sim13386,33.33333333333333
sim13387,0.0
sim13388,33.33333333333333
sim13389,0.0
sim13390,44.44444444444444
sim13391,0.0
sim13392,44.44444444444444
sim13393,0.0
sim13394,55.55555555555556
sim13395,0.0
sim13396,66.66666666666666
sim13397,55.55555555555556
sim13398,11.11111111111111
sim13399,0.0
sim13400,22.22222222222222
sim13401,0.0
sim13402,0.0
sim13403,0.0
sim13404,77.77777777777779
sim13405,0.0
sim13406,0.0
sim13407,0.0
sim13408,0.0
sim13409,0.0
sim13410,0.0
sim13411,11.11111111111111
sim13412,33.33333333333333
sim13413,0.0
sim13414,11.11111111111111
sim13415,0.0
sim13416,0.0
sim13417,0.0
sim13418,66.66666666666666
sim13419,0.0
sim13420,0.0
sim13421,0.0
sim13422,77.77777777777779
sim13423,0.0
sim13424,88.88888888888889
sim13425,0.0
sim13426,0.0
sim13427,0.0
sim13428,88.88888888888889
sim13429,0.0
sim13430,0.0
sim13431,0.0
sim13432,44.44444444444444
sim13433,0.0
sim13434,44.44444444444444
sim13435,0.0
sim13436,11.11111111111111
sim13437,0.0
sim13438,0.0
sim13439,0.0
sim13440,11.11111111111111
sim13441,0.0
sim13442,33.33333333333333
sim13443,0.0
sim13444,66.66666666666666
sim13445,0.0
sim13446,44.44444444444444
sim13447,0.0
sim13448,88.88888888888889
sim13449,0.0
sim13450,0.0
sim13451,0.0
sim13452,55.55555555555556
sim13453,0.0
sim13454,0.0
sim13455,0.0
sim13456,0.0
sim13457,22.22222222222222
sim13458,66.66666666666666
sim13459,0.0
sim13460,0.0
sim13461,0.0
sim13462,77.77777777777779
sim13463,0.0
sim13464,11.11111111111111
sim13465,0.0
sim13466,11.11111111111111
sim13467,0.0
sim13468,0.0
sim13469,0.0
sim13470,44.44444444444444
sim13471,0.0
sim13472,66.66666666666666
sim13473,0.0
sim13474,0.0
sim13475,0.0
sim13476,33.33333333333333
sim13477,0.0
sim13478,0.0
sim13479,22.22222222222222
sim13480,55.55555555555556
sim13481,0.0
sim13482,0.0
sim13483,0.0
sim13484,44.44444444444444
sim13485,0.0
sim13486,44.44444444444444
sim13487,0.0
sim13488,44.44444444444444
sim13489,0.0
sim13490,44.44444444444444
sim13491,0.0
sim13492,0.0
sim13493,0.0
sim13494,22.22222222222222
sim13495,0.0
sim13496,0.0
sim13497,0.0
sim13498,77.77777777777779
sim13499,0.0
sim13500,33.33333333333333
sim13501,0.0
sim13502,88.88888888888889
sim13503,0.0
sim13504,0.0
sim13505,100.0
sim13506,0.0
sim13507,0.0
sim13508,0.0
sim13509,44.44444444444444
sim13510,0.0
sim13511,0.0
sim13512,0.0
sim13513,77.77777777777779
sim13514,0.0
sim13515,22.22222222222222
sim13516,0.0
sim13517,77.77777777777779
sim13518,0.0
sim13519,33.33333333333333
sim13520,0.0
sim13521,0.0
sim13522,55.55555555555556
sim13523,0.0
sim13524,0.0
sim13525,55.55555555555556
sim13526,0.0
sim13527,11.11111111111111
sim13528,0.0
sim13529,0.0
sim13530,0.0
sim13531,100.0
sim13532,0.0
sim13533,0.0
sim13534,0.0
sim13535,11.11111111111111
sim13536,0.0
sim13537,44.44444444444444
sim13538,0.0
sim13539,100.0
sim13540,44.44444444444444
sim13541,0.0
sim13542,0.0
sim13543,0.0
sim13544,0.0
sim13545,0.0
sim13546,0.0
sim13547,0.0
sim13548,0.0
sim13549,100.0
sim13550,0.0
sim13551,11.11111111111111
sim13552,0.0
sim13553,0.0
sim13554,0.0
sim13555,44.44444444444444
sim13556,0.0
sim13557,0.0
sim13558,0.0
sim13559,100.0
sim13560,0.0
sim13561,11.11111111111111
sim13562,0.0
sim13563,22.22222222222222
sim13564,0.0
sim13565,0.0
sim13566,0.0
sim13567,44.44444444444444
sim13568,0.0
sim13569,0.0
sim13570,44.44444444444444
sim13571,0.0
sim13572,33.33333333333333
sim13573,0.0
sim13574,0.0
sim13575,0.0
sim13576,0.0
sim13577,0.0
sim13578,0.0
sim13579,0.0
sim13580,22.22222222222222
sim13581,0.0
sim13582,0.0
sim13583,77.77777777777779
sim13584,0.0
sim13585,77.77777777777779
sim13586,55.55555555555556
sim13587,0.0
sim13588,0.0
sim13589,0.0
sim13590,44.44444444444444
sim13591,0.0
sim13592,0.0
sim13593,55.55555555555556
sim13594,0.0
sim13595,0.0
sim13596,0.0
sim13597,0.0
sim13598,0.0
sim13599,100.0
sim13600,88.88888888888889
sim13601,0.0
sim13602,0.0
sim13603,77.77777777777779
sim13604,0.0
sim13605,11.11111111111111
sim13606,0.0
sim13607,0.0
sim13608,77.77777777777779
sim13609,22.22222222222222
sim13610,0.0
sim13611,0.0
sim13612,0.0
sim13613,0.0
sim13614,100.0
sim13615,0.0
sim13616,0.0
sim13617,0.0
sim13618,0.0
sim13619,100.0
sim13620,0.0
sim13621,66.66666666666666
sim13622,0.0
sim13623,0.0
sim13624,0.0
sim13625,0.0
sim13626,0.0
sim13627,44.44444444444444
sim13628,0.0
sim13629,22.22222222222222
sim13630,44.44444444444444
sim13631,0.0
sim13632,0.0
sim13633,77.77777777777779
sim13634,0.0
sim13635,0.0
sim13636,0.0
sim13637,0.0
sim13638,11.11111111111111
sim13639,11.11111111111111
sim13640,0.0
sim13641,0.0
sim13642,66.66666666666666
sim13643,0.0
sim13644,77.77777777777779
sim13645,0.0
sim13646,0.0
sim13647,0.0
sim13648,0.0
sim13649,77.77777777777779
sim13650,44.44444444444444
sim13651,0.0
sim13652,0.0
sim13653,44.44444444444444
sim13654,0.0
sim13655,77.77777777777779
sim13656,0.0
sim13657,0.0
sim13658,0.0
sim13659,0.0
sim13660,100.0
sim13661,0.0
sim13662,0.0
sim13663,11.11111111111111
sim13664,44.44444444444444
sim13665,0.0
sim13666,0.0
sim13667,33.33333333333333
sim13668,0.0
sim13669,0.0
sim13670,44.44444444444444
sim13671,0.0
sim13672,0.0
sim13673,0.0
sim13674,0.0
sim13675,44.44444444444444
sim13676,0.0
sim13677,88.88888888888889
sim13678,0.0
sim13679,0.0
sim13680,100.0
sim13681,0.0
sim13682,0.0
sim13683,77.77777777777779
sim13684,0.0
sim13685,0.0
sim13686,33.33333333333333
sim13687,0.0
sim13688,0.0
sim13689,0.0
sim13690,0.0
sim13691,22.22222222222222
sim13692,0.0
sim13693,11.11111111111111
sim13694,0.0
sim13695,0.0
sim13696,0.0
sim13697,0.0
sim13698,0.0
sim13699,11.11111111111111
sim13700,0.0
sim13701,100.0
sim13702,44.44444444444444
sim13703,0.0
sim13704,66.66666666666666
sim13705,0.0
sim13706,0.0
sim13707,11.11111111111111
sim13708,0.0
sim13709,0.0
sim13710,44.44444444444444
sim13711,0.0
sim13712,0.0
sim13713,22.22222222222222
sim13714,0.0
sim13715,44.44444444444444
sim13716,0.0
sim13717,22.22222222222222
sim13718,0.0
sim13719,0.0
sim13720,88.88888888888889
sim13721,0.0
sim13722,0.0
sim13723,33.33333333333333
sim13724,0.0
sim13725,0.0
sim13726,33.33333333333333
sim13727,0.0
sim13728,0.0
sim13729,0.0
sim13730,77.77777777777779
sim13731,0.0
sim13732,33.33333333333333
sim13733,0.0
sim13734,0.0
sim13735,77.77777777777779
sim13736,0.0
sim13737,88.88888888888889
sim13738,0.0
sim13739,0.0
sim13740,0.0
sim13741,0.0
sim13742,0.0
sim13743,44.44444444444444
sim13744,0.0
sim13745,0.0
sim13746,0.0
sim13747,0.0
sim13748,100.0
sim13749,0.0
sim13750,0.0
sim13751,33.33333333333333
sim13752,0.0
sim13753,55.55555555555556
sim13754,11.11111111111111
sim13755,0.0
sim13756,33.33333333333333
sim13757,0.0
sim13758,0.0
sim13759,66.66666666666666
sim13760,55.55555555555556
sim13761,77.77777777777779
sim13762,0.0
sim13763,0.0
sim13764,0.0
sim13765,0.0
sim13766,55.55555555555556
sim13767,0.0
sim13768,11.11111111111111
sim13769,0.0
sim13770,0.0
sim13771,88.88888888888889
sim13772,0.0
sim13773,22.22222222222222
sim13774,0.0
sim13775,0.0
sim13776,0.0
sim13777,0.0
sim13778,55.55555555555556
sim13779,0.0
sim13780,0.0
sim13781,55.55555555555556
sim13782,44.44444444444444
sim13783,0.0
sim13784,0.0
sim13785,0.0
sim13786,0.0
sim13787,88.88888888888889
sim13788,11.11111111111111
sim13789,55.55555555555556
sim13790,22.22222222222222
sim13791,0.0
sim13792,0.0
sim13793,0.0
sim13794,0.0
sim13795,55.55555555555556
sim13796,88.88888888888889
sim13797,0.0
sim13798,0.0
sim13799,88.88888888888889
sim13800,0.0
sim13801,0.0
sim13802,88.88888888888889
sim13803,0.0
sim13804,44.44444444444444
sim13805,0.0
sim13806,0.0
sim13807,11.11111111111111
sim13808,0.0
sim13809,44.44444444444444
sim13810,0.0
sim13811,0.0
sim13812,0.0
sim13813,0.0
sim13814,0.0
sim13815,100.0
sim13816,0.0
sim13817,22.22222222222222
sim13818,55.55555555555556
sim13819,0.0
sim13820,0.0
sim13821,0.0
sim13822,0.0
sim13823,0.0
sim13824,66.66666666666666
sim13825,0.0
sim13826,44.44444444444444
sim13827,0.0
sim13828,55.55555555555556
sim13829,0.0
sim13830,0.0
sim13831,0.0
sim13832,0.0
sim13833,0.0
sim13834,0.0
sim13835,0.0
sim13836,22.22222222222222
sim13837,0.0
sim13838,0.0
sim13839,77.77777777777779
sim13840,0.0
sim13841,66.66666666666666
sim13842,55.55555555555556
sim13843,0.0
sim13844,0.0
sim13845,0.0
sim13846,66.66666666666666
sim13847,0.0
sim13848,0.0
sim13849,55.55555555555556
sim13850,0.0
sim13851,0.0
sim13852,11.11111111111111
sim13853,0.0
sim13854,0.0
sim13855,100.0
sim13856,88.88888888888889
sim13857,0.0
sim13858,0.0
sim13859,33.33333333333333
sim13860,0.0
sim13861,55.55555555555556
sim13862,0.0
sim13863,0.0
sim13864,66.66666666666666
sim13865,22.22222222222222
sim13866,0.0
sim13867,0.0
sim13868,0.0
sim13869,0.0
sim13870,100.0
sim13871,0.0
sim13872,0.0
sim13873,0.0
sim13874,0.0
sim13875,66.66666666666666
sim13876,0.0
sim13877,66.66666666666666
sim13878,0.0
sim13879,0.0
sim13880,0.0
sim13881,0.0
sim13882,0.0
sim13883,44.44444444444444
sim13884,0.0
sim13885,33.33333333333333
sim13886,66.66666666666666
sim13887,0.0
sim13888,0.0
sim13889,55.55555555555556
sim13890,0.0
sim13891,0.0
sim13892,0.0
sim13893,0.0
sim13894,11.11111111111111
sim13895,0.0
sim13896,0.0
sim13897,11.11111111111111
sim13898,55.55555555555556
sim13899,0.0
sim13900,100.0
sim13901,0.0
sim13902,0.0
sim13903,0.0
sim13904,0.0
sim13905,33.33333333333333
sim13906,77.77777777777779
sim13907,0.0
sim13908,0.0
sim13909,11.11111111111111
sim13910,0.0
sim13911,77.77777777777779
sim13912,0.0
sim13913,0.0
sim13914,0.0
sim13915,0.0
sim13916,100.0
sim13917,0.0
sim13918,0.0
sim13919,11.11111111111111
sim13920,11.11111111111111
sim13921,0.0
sim13922,0.0
sim13923,33.33333333333333
sim13924,0.0
sim13925,0.0
sim13926,44.44444444444444
sim13927,0.0
sim13928,0.0
sim13929,0.0
sim13930,0.0
sim13931,66.66666666666666
sim13932,0.0
sim13933,88.88888888888889
sim13934,33.33333333333333
sim13935,0.0
sim13936,100.0
sim13937,0.0
sim13938,0.0
sim13939,55.55555555555556
sim13940,0.0
sim13941,0.0
sim13942,44.44444444444444
sim13943,0.0
sim13944,0.0
sim13945,0.0
sim13946,0.0
sim13947,0.0
sim13948,0.0
sim13949,11.11111111111111
sim13950,0.0
sim13951,0.0
sim13952,0.0
sim13953,0.0
sim13954,0.0
sim13955,22.22222222222222
sim13956,0.0
sim13957,100.0
sim13958,33.33333333333333
sim13959,0.0
sim13960,77.77777777777779
sim13961,0.0
sim13962,0.0
sim13963,0.0
sim13964,0.0
sim13965,0.0
sim13966,11.11111111111111
sim13967,11.11111111111111
sim13968,0.0
sim13969,55.55555555555556
sim13970,0.0
sim13971,44.44444444444444
sim13972,0.0
sim13973,11.11111111111111
sim13974,0.0
sim13975,0.0
sim13976,88.88888888888889
sim13977,0.0
sim13978,0.0
sim13979,44.44444444444444
sim13980,0.0
sim13981,0.0
sim13982,33.33333333333333
sim13983,0.0
sim13984,0.0
sim13985,0.0
sim13986,88.88888888888889
sim13987,0.0
sim13988,33.33333333333333
sim13989,0.0
sim13990,0.0
sim13991,66.66666666666666
sim13992,0.0
sim13993,100.0
sim13994,0.0
sim13995,0.0
sim13996,0.0
sim13997,0.0
sim13998,33.33333333333333
sim13999,22.22222222222222
sim14000,0.0
sim14001,0.0
sim14002,0.0
sim14003,11.11111111111111
sim14004,66.66666666666666
sim14005,0.0
sim14006,0.0
sim14007,11.11111111111111
sim14008,0.0
sim14009,77.77777777777779
sim14010,11.11111111111111
sim14011,0.0
sim14012,44.44444444444444
sim14013,0.0
sim14014,0.0
sim14015,55.55555555555556
sim14016,55.55555555555556
sim14017,77.77777777777779
sim14018,0.0
sim14019,0.0
sim14020,0.0
sim14021,0.0
sim14022,55.55555555555556
sim14023,0.0
sim14024,22.22222222222222
sim14025,0.0
sim14026,0.0
sim14027,100.0
sim14028,0.0
sim14029,0.0
sim14030,0.0
sim14031,0.0
sim14032,33.33333333333333
sim14033,0.0
sim14034,0.0
sim14035,0.0
sim14036,0.0
sim14037,77.77777777777779
sim14038,66.66666666666666
sim14039,0.0
sim14040,0.0
sim14041,0.0
sim14042,0.0
sim14043,88.88888888888889
sim14044,11.11111111111111
sim14045,44.44444444444444
sim14046,0.0
sim14047,0.0
sim14048,0.0
sim14049,0.0
sim14050,0.0
sim14051,55.55555555555556
sim14052,77.77777777777779
sim14053,0.0
sim14054,0.0
sim14055,88.88888888888889
sim14056,0.0
sim14057,0.0
sim14058,100.0
sim14059,0.0
sim14060,55.55555555555556
sim14061,0.0
sim14062,0.0
sim14063,0.0
sim14064,0.0
sim14065,55.55555555555556
sim14066,0.0
sim14067,0.0
sim14068,0.0
sim14069,0.0
sim14070,0.0
sim14071,100.0
sim14072,0.0
sim14073,22.22222222222222
sim14074,55.55555555555556
sim14075,0.0
sim14076,0.0
sim14077,0.0
sim14078,0.0
sim14079,0.0
sim14080,55.55555555555556
sim14081,0.0
sim14082,44.44444444444444
sim14083,0.0
sim14084,55.55555555555556
sim14085,0.0
sim14086,0.0
sim14087,0.0
sim14088,0.0
sim14089,0.0
sim14090,11.11111111111111
sim14091,0.0
sim14092,22.22222222222222
sim14093,0.0
sim14094,0.0
sim14095,55.55555555555556
sim14096,0.0
sim14097,88.88888888888889
sim14098,55.55555555555556
sim14099,0.0
sim14100,0.0
sim14101,0.0
sim14102,44.44444444444444
sim14103,0.0
sim14104,0.0
sim14105,55.55555555555556
sim14106,0.0
sim14107,0.0
sim14108,0.0
sim14109,0.0
sim14110,0.0
sim14111,100.0
sim14112,88.88888888888889
sim14113,0.0
sim14114,0.0
sim14115,44.44444444444444
sim14116,0.0
sim14117,22.22222222222222
sim14118,0.0
sim14119,0.0
sim14120,77.77777777777779
sim14121,33.33333333333333
sim14122,0.0
sim14123,0.0
sim14124,0.0
sim14125,0.0
sim14126,100.0
sim14127,0.0
sim14128,0.0
sim14129,0.0
sim14130,0.0
sim14131,77.77777777777779
sim14132,0.0
sim14133,77.77777777777779
sim14134,0.0
sim14135,0.0
sim14136,0.0
sim14137,0.0
sim14138,0.0
sim14139,33.33333333333333
sim14140,0.0
sim14141,0.0
sim14142,44.44444444444444
sim14143,0.0
sim14144,0.0
sim14145,77.77777777777779
sim14146,22.22222222222222
sim14147,0.0
sim14148,0.0
sim14149,0.0
sim14150,0.0
sim14151,11.11111111111111
sim14152,0.0
sim14153,0.0
sim14154,55.55555555555556
sim14155,0.0
sim14156,77.77777777777779
sim14157,0.0
sim14158,0.0
sim14159,0.0
sim14160,0.0
sim14161,66.66666666666666
sim14162,44.44444444444444
sim14163,0.0
sim14164,0.0
sim14165,22.22222222222222
sim14166,0.0
sim14167,77.77777777777779
sim14168,0.0
sim14169,0.0
sim14170,0.0
sim14171,0.0
sim14172,100.0
sim14173,0.0
sim14174,0.0
sim14175,0.0
sim14176,44.44444444444444
sim14177,0.0
sim14178,0.0
sim14179,33.33333333333333
sim14180,0.0
sim14181,0.0
sim14182,55.55555555555556
sim14183,0.0
sim14184,0.0
sim14185,0.0
sim14186,0.0
sim14187,11.11111111111111
sim14188,0.0
sim14189,88.88888888888889
sim14190,0.0
sim14191,0.0
sim14192,100.0
sim14193,0.0
sim14194,0.0
sim14195,88.88888888888889
sim14196,0.0
sim14197,0.0
sim14198,33.33333333333333
sim14199,0.0
sim14200,0.0
sim14201,0.0
sim14202,0.0
sim14203,22.22222222222222
sim14204,0.0
sim14205,33.33333333333333
sim14206,0.0
sim14207,0.0
sim14208,0.0
sim14209,0.0
sim14210,0.0
sim14211,11.11111111111111
sim14212,0.0
sim14213,100.0
sim14214,55.55555555555556
sim14215,0.0
sim14216,77.77777777777779
sim14217,0.0
sim14218,0.0
sim14219,0.0
sim14220,0.0
sim14221,0.0
sim14222,0.0
sim14223,0.0
sim14224,0.0
sim14225,11.11111111111111
sim14226,0.0
sim14227,44.44444444444444
sim14228,0.0
sim14229,0.0
sim14230,0.0
sim14231,0.0
sim14232,88.88888888888889
sim14233,0.0
sim14234,0.0
sim14235,0.0
sim14236,0.0
sim14237,22.22222222222222
sim14238,33.33333333333333
sim14239,0.0
sim14240,0.0
sim14241,0.0
sim14242,88.88888888888889
sim14243,0.0
sim14244,33.33333333333333
sim14245,0.0
sim14246,0.0
sim14247,66.66666666666666
sim14248,0.0
sim14249,77.77777777777779
sim14250,0.0
sim14251,0.0
sim14252,0.0
sim14253,0.0
sim14254,22.22222222222222
sim14255,22.22222222222222
sim14256,0.0
sim14257,0.0
sim14258,0.0
sim14259,0.0
sim14260,100.0
sim14261,0.0
sim14262,0.0
sim14263,33.33333333333333
sim14264,0.0
sim14265,55.55555555555556
sim14266,0.0
sim14267,0.0
sim14268,11.11111111111111
sim14269,0.0
sim14270,0.0
sim14271,55.55555555555556
sim14272,66.66666666666666
sim14273,55.55555555555556
sim14274,0.0
sim14275,0.0
sim14276,0.0
sim14277,0.0
sim14278,55.55555555555556
sim14279,0.0
sim14280,11.11111111111111
sim14281,11.11111111111111
sim14282,0.0
sim14283,77.77777777777779
sim14284,0.0
sim14285,0.0
sim14286,0.0
sim14287,0.0
sim14288,22.22222222222222
sim14289,0.0
sim14290,55.55555555555556
sim14291,0.0
sim14292,0.0
sim14293,66.66666666666666
sim14294,55.55555555555556
sim14295,0.0
sim14296,0.0
sim14297,0.0
sim14298,0.0
sim14299,100.0
sim14300,11.11111111111111
sim14301,55.55555555555556
sim14302,11.11111111111111
sim14303,0.0
sim14304,0.0
sim14305,11.11111111111111
sim14306,0.0
sim14307,66.66666666666666
sim14308,100.0
sim14309,0.0
sim14310,0.0
sim14311,88.88888888888889
sim14312,0.0
sim14313,0.0
sim14314,88.88888888888889
sim14315,0.0
sim14316,33.33333333333333
sim14317,33.33333333333333
sim14318,0.0
sim14319,22.22222222222222
sim14320,0.0
sim14321,44.44444444444444
sim14322,0.0
sim14323,0.0
sim14324,11.11111111111111
sim14325,0.0
sim14326,0.0
sim14327,88.88888888888889
sim14328,0.0
sim14329,0.0
sim14330,55.55555555555556
sim14331,0.0
sim14332,0.0
sim14333,0.0
sim14334,0.0
sim14335,0.0
sim14336,66.66666666666666
sim14337,0.0
sim14338,44.44444444444444
sim14339,0.0
sim14340,88.88888888888889
sim14341,0.0
sim14342,0.0
sim14343,0.0
sim14344,0.0
sim14345,66.66666666666666
sim14346,0.0
sim14347,0.0
sim14348,0.0
sim14349,0.0
sim14350,0.0
sim14351,88.88888888888889
sim14352,0.0
sim14353,77.77777777777779
sim14354,88.88888888888889
sim14355,0.0
sim14356,66.66666666666666
sim14357,0.0
sim14358,0.0
sim14359,0.0
sim14360,0.0
sim14361,100.0
sim14362,11.11111111111111
sim14363,0.0
sim14364,0.0
sim14365,0.0
sim14366,0.0
sim14367,77.77777777777779
sim14368,66.66666666666666
sim14369,0.0
sim14370,0.0
sim14371,88.88888888888889
sim14372,0.0
sim14373,77.77777777777779
sim14374,0.0
sim14375,0.0
sim14376,100.0
sim14377,0.0
sim14378,0.0
sim14379,33.33333333333333
sim14380,0.0
sim14381,0.0
sim14382,100.0
sim14383,0.0
sim14384,0.0
sim14385,0.0
sim14386,0.0
sim14387,77.77777777777779
sim14388,0.0
sim14389,100.0
sim14390,0.0
sim14391,0.0
sim14392,44.44444444444444
sim14393,0.0
sim14394,0.0
sim14395,44.44444444444444
sim14396,0.0
sim14397,0.0
sim14398,77.77777777777779
sim14399,0.0
sim14400,0.0
sim14401,88.88888888888889
sim14402,22.22222222222222
sim14403,0.0
sim14404,0.0
sim14405,0.0
sim14406,0.0
sim14407,44.44444444444444
sim14408,0.0
sim14409,44.44444444444444
sim14410,100.0
sim14411,0.0
sim14412,100.0
sim14413,0.0
sim14414,0.0
sim14415,0.0
sim14416,0.0
sim14417,88.88888888888889
sim14418,0.0
sim14419,0.0
sim14420,22.22222222222222
sim14421,0.0
sim14422,0.0
sim14423,100.0
sim14424,0.0
sim14425,11.11111111111111
sim14426,44.44444444444444
sim14427,0.0
sim14428,100.0
sim14429,0.0
sim14430,0.0
sim14431,11.11111111111111
sim14432,77.77777777777779
sim14433,0.0
sim14434,0.0
sim14435,0.0
sim14436,0.0
sim14437,0.0
sim14438,100.0
sim14439,0.0
sim14440,0.0
sim14441,0.0
sim14442,0.0
sim14443,100.0
sim14444,0.0
sim14445,100.0
sim14446,33.33333333333333
sim14447,0.0
sim14448,100.0
sim14449,0.0
sim14450,0.0
sim14451,77.77777777777779
sim14452,0.0
sim14453,0.0
sim14454,88.88888888888889
sim14455,0.0
sim14456,11.11111111111111
sim14457,0.0
sim14458,0.0
sim14459,100.0
sim14460,0.0
sim14461,44.44444444444444
sim14462,0.0
sim14463,0.0
sim14464,0.0
sim14465,0.0
sim14466,0.0
sim14467,55.55555555555556
sim14468,0.0
sim14469,100.0
sim14470,44.44444444444444
sim14471,0.0
sim14472,77.77777777777779
sim14473,0.0
sim14474,0.0
sim14475,0.0
sim14476,0.0
sim14477,0.0
sim14478,88.88888888888889
sim14479,0.0
sim14480,0.0
sim14481,0.0
sim14482,0.0
sim14483,100.0
sim14484,0.0
sim14485,66.66666666666666
sim14486,0.0
sim14487,0.0
sim14488,88.88888888888889
sim14489,0.0
sim14490,0.0
sim14491,33.33333333333333
sim14492,0.0
sim14493,33.33333333333333
sim14494,100.0
sim14495,0.0
sim14496,0.0
sim14497,33.33333333333333
sim14498,100.0
sim14499,0.0
sim14500,77.77777777777779
sim14501,0.0
sim14502,0.0
sim14503,22.22222222222222
sim14504,0.0
sim14505,100.0
sim14506,0.0
sim14507,0.0
sim14508,0.0
sim14509,0.0
sim14510,0.0
sim14511,77.77777777777779
sim14512,0.0
sim14513,0.0
sim14514,44.44444444444444
sim14515,0.0
sim14516,100.0
sim14517,0.0
sim14518,0.0
sim14519,22.22222222222222
sim14520,0.0
sim14521,100.0
sim14522,0.0
sim14523,0.0
sim14524,77.77777777777779
sim14525,0.0
sim14526,0.0
sim14527,88.88888888888889
sim14528,100.0
sim14529,0.0
sim14530,0.0
sim14531,0.0
sim14532,0.0
sim14533,0.0
sim14534,33.33333333333333
sim14535,0.0
sim14536,0.0
sim14537,0.0
sim14538,0.0
sim14539,100.0
sim14540,0.0
sim14541,44.44444444444444
sim14542,0.0
sim14543,0.0
sim14544,66.66666666666666
sim14545,0.0
sim14546,0.0
sim14547,0.0
sim14548,0.0
sim14549,33.33333333333333
sim14550,100.0
sim14551,0.0
sim14552,0.0
sim14553,0.0
sim14554,0.0
sim14555,88.88888888888889
sim14556,0.0
sim14557,88.88888888888889
sim14558,44.44444444444444
sim14559,0.0
sim14560,0.0
sim14561,77.77777777777779
sim14562,0.0
sim14563,0.0
sim14564,66.66666666666666
sim14565,0.0
sim14566,0.0
sim14567,100.0
sim14568,0.0
sim14569,0.0
sim14570,100.0
sim14571,0.0
sim14572,100.0
sim14573,0.0
sim14574,0.0
sim14575,44.44444444444444
sim14576,0.0
sim14577,100.0
sim14578,0.0
sim14579,0.0
sim14580,0.0
sim14581,0.0
sim14582,0.0
sim14583,77.77777777777779
sim14584,0.0
sim14585,11.11111111111111
sim14586,88.88888888888889
sim14587,0.0
sim14588,77.77777777777779
sim14589,0.0
sim14590,0.0
sim14591,11.11111111111111
sim14592,100.0
sim14593,0.0
sim14594,0.0
sim14595,0.0
sim14596,11.11111111111111
sim14597,0.0
sim14598,0.0
sim14599,77.77777777777779
sim14600,0.0
sim14601,0.0
sim14602,0.0
sim14603,66.66666666666666
sim14604,0.0
sim14605,0.0
sim14606,0.0
sim14607,77.77777777777779
sim14608,0.0
sim14609,77.77777777777779
sim14610,33.33333333333333
sim14611,0.0
sim14612,0.0
sim14613,0.0
sim14614,0.0
sim14615,0.0
sim14616,0.0
sim14617,100.0
sim14618,0.0
sim14619,0.0
sim14620,0.0
sim14621,66.66666666666666
sim14622,0.0
sim14623,44.44444444444444
sim14624,0.0
sim14625,0.0
sim14626,0.0
sim14627,100.0
sim14628,0.0
sim14629,77.77777777777779
sim14630,0.0
sim14631,66.66666666666666
sim14632,0.0
sim14633,22.22222222222222
sim14634,0.0
sim14635,44.44444444444444
sim14636,0.0
sim14637,0.0
sim14638,0.0
sim14639,66.66666666666666
sim14640,0.0
sim14641,55.55555555555556
sim14642,0.0
sim14643,44.44444444444444
sim14644,0.0
sim14645,100.0
sim14646,0.0
sim14647,0.0
sim14648,0.0
sim14649,0.0
sim14650,0.0
sim14651,0.0
sim14652,0.0
sim14653,55.55555555555556
sim14654,0.0
sim14655,0.0
sim14656,0.0
sim14657,0.0
sim14658,66.66666666666666
sim14659,0.0
sim14660,0.0
sim14661,0.0
sim14662,22.22222222222222
sim14663,0.0
sim14664,0.0
sim14665,0.0
sim14666,77.77777777777779
sim14667,0.0
sim14668,33.33333333333333
sim14669,0.0
sim14670,11.11111111111111
sim14671,0.0
sim14672,55.55555555555556
sim14673,0.0
sim14674,22.22222222222222
sim14675,0.0
sim14676,88.88888888888889
sim14677,0.0
sim14678,0.0
sim14679,55.55555555555556
sim14680,66.66666666666666
sim14681,0.0
sim14682,0.0
sim14683,0.0
sim14684,77.77777777777779
sim14685,0.0
sim14686,0.0
sim14687,0.0
sim14688,44.44444444444444
sim14689,0.0
sim14690,0.0
sim14691,0.0
sim14692,0.0
sim14693,0.0
sim14694,77.77777777777779
sim14695,0.0
sim14696,0.0
sim14697,0.0
sim14698,0.0
sim14699,0.0
sim14700,11.11111111111111
sim14701,22.22222222222222
sim14702,88.88888888888889
sim14703,0.0
sim14704,100.0
sim14705,0.0
sim14706,0.0
sim14707,0.0
sim14708,33.33333333333333
sim14709,0.0
sim14710,44.44444444444444
sim14711,0.0
sim14712,55.55555555555556
sim14713,0.0
sim14714,33.33333333333333
sim14715,0.0
sim14716,22.22222222222222
sim14717,0.0
sim14718,0.0
sim14719,0.0
sim14720,77.77777777777779
sim14721,0.0
sim14722,0.0
sim14723,0.0
sim14724,55.55555555555556
sim14725,55.55555555555556
sim14726,44.44444444444444
sim14727,0.0
sim14728,77.77777777777779
sim14729,0.0
sim14730,0.0
sim14731,0.0
sim14732,22.22222222222222
sim14733,0.0
sim14734,0.0
sim14735,0.0
sim14736,22.22222222222222
sim14737,0.0
sim14738,44.44444444444444
sim14739,22.22222222222222
sim14740,0.0
sim14741,0.0
sim14742,22.22222222222222
sim14743,0.0
sim14744,11.11111111111111
sim14745,0.0
sim14746,0.0
sim14747,0.0
sim14748,0.0
sim14749,0.0
sim14750,88.88888888888889
sim14751,0.0
sim14752,0.0
sim14753,0.0
sim14754,77.77777777777779
sim14755,0.0
sim14756,100.0
sim14757,0.0
sim14758,0.0
sim14759,0.0
sim14760,77.77777777777779
sim14761,0.0
sim14762,0.0
sim14763,0.0
sim14764,22.22222222222222
sim14765,0.0
sim14766,0.0
sim14767,0.0
sim14768,0.0
sim14769,0.0
sim14770,77.77777777777779
sim14771,0.0
sim14772,33.33333333333333
sim14773,0.0
sim14774,0.0
sim14775,0.0
sim14776,0.0
sim14777,0.0
sim14778,33.33333333333333
sim14779,0.0
sim14780,55.55555555555556
sim14781,0.0
sim14782,66.66666666666666
sim14783,0.0
sim14784,0.0
sim14785,33.33333333333333
sim14786,0.0
sim14787,33.33333333333333
sim14788,0.0
sim14789,55.55555555555556
sim14790,0.0
sim14791,0.0
sim14792,0.0
sim14793,44.44444444444444
sim14794,0.0
sim14795,44.44444444444444
sim14796,0.0
sim14797,88.88888888888889
sim14798,0.0
sim14799,0.0
sim14800,0.0
sim14801,0.0
sim14802,0.0
sim14803,66.66666666666666
sim14804,0.0
sim14805,33.33333333333333
sim14806,33.33333333333333
sim14807,11.11111111111111
sim14808,0.0
sim14809,0.0
sim14810,0.0
sim14811,88.88888888888889
sim14812,0.0
sim14813,44.44444444444444
sim14814,0.0
sim14815,66.66666666666666
sim14816,0.0
sim14817,88.88888888888889
sim14818,0.0
sim14819,22.22222222222222
sim14820,0.0
sim14821,0.0
sim14822,0.0
sim14823,55.55555555555556
sim14824,0.0
sim14825,0.0
sim14826,0.0
sim14827,0.0
sim14828,0.0
sim14829,66.66666666666666
sim14830,0.0
sim14831,22.22222222222222
sim14832,0.0
sim14833,33.33333333333333
sim14834,0.0
sim14835,0.0
sim14836,0.0
sim14837,0.0
sim14838,0.0
sim14839,100.0
sim14840,0.0
sim14841,0.0
sim14842,0.0
sim14843,66.66666666666666
sim14844,0.0
sim14845,0.0
sim14846,0.0
sim14847,11.11111111111111
sim14848,33.33333333333333
sim14849,0.0
sim14850,0.0
sim14851,0.0
sim14852,11.11111111111111
sim14853,0.0
sim14854,0.0
sim14855,77.77777777777779
sim14856,0.0
sim14857,0.0
sim14858,0.0
sim14859,66.66666666666666
sim14860,0.0
sim14861,0.0
sim14862,0.0
sim14863,77.77777777777779
sim14864,0.0
sim14865,77.77777777777779
sim14866,33.33333333333333
sim14867,0.0
sim14868,0.0
sim14869,0.0
sim14870,0.0
sim14871,0.0
sim14872,0.0
sim14873,100.0
sim14874,0.0
sim14875,0.0
sim14876,0.0
sim14877,66.66666666666666
sim14878,0.0
sim14879,44.44444444444444
sim14880,0.0
sim14881,0.0
sim14882,0.0
sim14883,100.0
sim14884,0.0
sim14885,77.77777777777779
sim14886,0.0
sim14887,66.66666666666666
sim14888,0.0
sim14889,22.22222222222222
sim14890,0.0
sim14891,44.44444444444444
sim14892,0.0
sim14893,0.0
sim14894,0.0
sim14895,66.66666666666666
sim14896,0.0
sim14897,55.55555555555556
sim14898,0.0
sim14899,44.44444444444444
sim14900,0.0
sim14901,100.0
sim14902,0.0
sim14903,0.0
sim14904,0.0
sim14905,0.0
sim14906,0.0
sim14907,0.0
sim14908,0.0
sim14909,55.55555555555556
sim14910,0.0
sim14911,0.0
sim14912,0.0
sim14913,0.0
sim14914,66.66666666666666
sim14915,0.0
sim14916,0.0
sim14917,0.0
sim14918,22.22222222222222
sim14919,0.0
sim14920,0.0
sim14921,0.0
sim14922,77.77777777777779
sim14923,0.0
sim14924,33.33333333333333
sim14925,0.0
sim14926,11.11111111111111
sim14927,0.0
sim14928,55.55555555555556
sim14929,0.0
sim14930,22.22222222222222
sim14931,0.0
sim14932,88.88888888888889
sim14933,0.0
sim14934,0.0
sim14935,55.55555555555556
sim14936,66.66666666666666
sim14937,0.0
sim14938,0.0
sim14939,0.0
sim14940,77.77777777777779
sim14941,0.0
sim14942,0.0
sim14943,0.0
sim14944,44.44444444444444
sim14945,0.0
sim14946,11.11111111111111
sim14947,0.0
sim14948,0.0
sim14949,0.0
sim14950,77.77777777777779
sim14951,0.0
sim14952,0.0
sim14953,0.0
sim14954,0.0
sim14955,0.0
sim14956,11.11111111111111
sim14957,22.22222222222222
sim14958,88.88888888888889
sim14959,0.0
sim14960,100.0
sim14961,0.0
sim14962,0.0
sim14963,0.0
sim14964,33.33333333333333
sim14965,0.0
sim14966,44.44444444444444
sim14967,0.0
sim14968,55.55555555555556
sim14969,0.0
sim14970,33.33333333333333
sim14971,0.0
sim14972,22.22222222222222
sim14973,0.0
sim14974,0.0
sim14975,0.0
sim14976,77.77777777777779
sim14977,0.0
sim14978,0.0
sim14979,0.0
sim14980,55.55555555555556
sim14981,55.55555555555556
sim14982,44.44444444444444
sim14983,0.0
sim14984,77.77777777777779
sim14985,0.0
sim14986,0.0
sim14987,0.0
sim14988,22.22222222222222
sim14989,0.0
sim14990,0.0
sim14991,0.0
sim14992,22.22222222222222
sim14993,0.0
sim14994,44.44444444444444
sim14995,22.22222222222222
sim14996,0.0
sim14997,0.0
sim14998,22.22222222222222
sim14999,0.0
sim15000,11.11111111111111
sim15001,0.0
sim15002,0.0
sim15003,0.0
sim15004,0.0
sim15005,0.0
sim15006,88.88888888888889
sim15007,0.0
sim15008,0.0
sim15009,0.0
sim15010,77.77777777777779
sim15011,0.0
sim15012,100.0
sim15013,0.0
sim15014,0.0
sim15015,0.0
sim15016,77.77777777777779
sim15017,0.0
sim15018,0.0
sim15019,0.0
sim15020,22.22222222222222
sim15021,0.0
sim15022,0.0
sim15023,0.0
sim15024,0.0
sim15025,0.0
sim15026,77.77777777777779
sim15027,0.0
sim15028,33.33333333333333
sim15029,0.0
sim15030,0.0
sim15031,0.0
sim15032,0.0
sim15033,0.0
sim15034,33.33333333333333
sim15035,0.0
sim15036,55.55555555555556
sim15037,0.0
sim15038,66.66666666666666
sim15039,0.0
sim15040,0.0
sim15041,33.33333333333333
sim15042,0.0
sim15043,33.33333333333333
sim15044,0.0
sim15045,55.55555555555556
sim15046,0.0
sim15047,0.0
sim15048,0.0
sim15049,44.44444444444444
sim15050,0.0
sim15051,44.44444444444444
sim15052,0.0
sim15053,88.88888888888889
sim15054,0.0
sim15055,0.0
sim15056,0.0
sim15057,0.0
sim15058,0.0
sim15059,66.66666666666666
sim15060,0.0
sim15061,33.33333333333333
sim15062,33.33333333333333
sim15063,11.11111111111111
sim15064,0.0
sim15065,0.0
sim15066,0.0
sim15067,88.88888888888889
sim15068,0.0
sim15069,44.44444444444444
sim15070,0.0
sim15071,66.66666666666666
sim15072,0.0
sim15073,88.88888888888889
sim15074,0.0
sim15075,22.22222222222222
sim15076,0.0
sim15077,0.0
sim15078,0.0
sim15079,55.55555555555556
sim15080,0.0
sim15081,0.0
sim15082,0.0
sim15083,0.0
sim15084,0.0
sim15085,66.66666666666666
sim15086,0.0
sim15087,22.22222222222222
sim15088,0.0
sim15089,33.33333333333333
sim15090,0.0
sim15091,0.0
sim15092,0.0
sim15093,0.0
sim15094,0.0
sim15095,100.0
sim15096,0.0
sim15097,0.0
sim15098,0.0
sim15099,66.66666666666666
sim15100,0.0
sim15101,0.0
sim15102,0.0
sim15103,11.11111111111111
sim15104,33.33333333333333
sim15105,0.0
sim15106,0.0
sim15107,0.0
sim15108,11.11111111111111
sim15109,0.0
sim15110,0.0
sim15111,77.77777777777779
sim15112,0.0
sim15113,0.0
sim15114,0.0
sim15115,66.66666666666666
sim15116,0.0
sim15117,0.0
sim15118,0.0
sim15119,77.77777777777779
sim15120,0.0
sim15121,77.77777777777779
sim15122,33.33333333333333
sim15123,0.0
sim15124,0.0
sim15125,0.0
sim15126,0.0
sim15127,0.0
sim15128,0.0
sim15129,100.0
sim15130,0.0
sim15131,0.0
sim15132,0.0
sim15133,66.66666666666666
sim15134,0.0
sim15135,44.44444444444444
sim15136,0.0
sim15137,0.0
sim15138,0.0
sim15139,100.0
sim15140,0.0
sim15141,77.77777777777779
sim15142,0.0
sim15143,66.66666666666666
sim15144,0.0
sim15145,22.22222222222222
sim15146,0.0
sim15147,44.44444444444444
sim15148,0.0
sim15149,0.0
sim15150,0.0
sim15151,66.66666666666666
sim15152,0.0
sim15153,55.55555555555556
sim15154,0.0
sim15155,44.44444444444444
sim15156,0.0
sim15157,100.0
sim15158,0.0
sim15159,0.0
sim15160,0.0
sim15161,0.0
sim15162,0.0
sim15163,0.0
sim15164,0.0
sim15165,55.55555555555556
sim15166,0.0
sim15167,0.0
sim15168,0.0
sim15169,0.0
sim15170,66.66666666666666
sim15171,0.0
sim15172,0.0
sim15173,0.0
sim15174,22.22222222222222
sim15175,0.0
sim15176,0.0
sim15177,0.0
sim15178,77.77777777777779
sim15179,0.0
sim15180,33.33333333333333
sim15181,0.0
sim15182,11.11111111111111
sim15183,0.0
sim15184,55.55555555555556
sim15185,0.0
sim15186,22.22222222222222
sim15187,0.0
sim15188,88.88888888888889
sim15189,0.0
sim15190,0.0
sim15191,55.55555555555556
sim15192,66.66666666666666
sim15193,0.0
sim15194,0.0
sim15195,0.0
sim15196,77.77777777777779
sim15197,0.0
sim15198,0.0
sim15199,0.0
sim15200,44.44444444444444
sim15201,0.0
sim15202,0.0
sim15203,0.0
sim15204,0.0
sim15205,0.0
sim15206,77.77777777777779
sim15207,0.0
sim15208,0.0
sim15209,0.0
sim15210,0.0
sim15211,0.0
sim15212,11.11111111111111
sim15213,22.22222222222222
sim15214,88.88888888888889
sim15215,0.0
sim15216,100.0
sim15217,0.0
sim15218,0.0
sim15219,0.0
sim15220,33.33333333333333
sim15221,0.0
sim15222,44.44444444444444
sim15223,0.0
sim15224,55.55555555555556
sim15225,0.0
sim15226,33.33333333333333
sim15227,0.0
sim15228,22.22222222222222
sim15229,0.0
sim15230,0.0
sim15231,0.0
sim15232,77.77777777777779
sim15233,0.0
sim15234,0.0
sim15235,0.0
sim15236,55.55555555555556
sim15237,55.55555555555556
sim15238,44.44444444444444
sim15239,0.0
sim15240,77.77777777777779
sim15241,0.0
sim15242,0.0
sim15243,0.0
sim15244,22.22222222222222
sim15245,0.0
sim15246,0.0
sim15247,0.0
sim15248,22.22222222222222
sim15249,0.0
sim15250,44.44444444444444
sim15251,22.22222222222222
sim15252,0.0
sim15253,0.0
sim15254,22.22222222222222
sim15255,0.0
sim15256,11.11111111111111
sim15257,0.0
sim15258,0.0
sim15259,0.0
sim15260,0.0
sim15261,0.0
sim15262,88.88888888888889
sim15263,0.0
sim15264,0.0
sim15265,0.0
sim15266,77.77777777777779
sim15267,0.0
sim15268,100.0
sim15269,0.0
sim15270,0.0
sim15271,0.0
sim15272,77.77777777777779
sim15273,0.0
sim15274,0.0
sim15275,0.0
sim15276,22.22222222222222
sim15277,0.0
sim15278,0.0
sim15279,0.0
sim15280,0.0
sim15281,0.0
sim15282,77.77777777777779
sim15283,0.0
sim15284,33.33333333333333
sim15285,0.0
sim15286,0.0
sim15287,0.0
sim15288,0.0
sim15289,0.0
sim15290,33.33333333333333
sim15291,0.0
sim15292,55.55555555555556
sim15293,0.0
sim15294,66.66666666666666
sim15295,0.0
sim15296,0.0
sim15297,33.33333333333333
sim15298,0.0
sim15299,33.33333333333333
sim15300,0.0
sim15301,55.55555555555556
sim15302,0.0
sim15303,0.0
sim15304,0.0
sim15305,44.44444444444444
sim15306,0.0
sim15307,44.44444444444444
sim15308,0.0
sim15309,88.88888888888889
sim15310,0.0
sim15311,0.0
sim15312,0.0
sim15313,0.0
sim15314,0.0
sim15315,66.66666666666666
sim15316,0.0
sim15317,33.33333333333333
sim15318,33.33333333333333
sim15319,11.11111111111111
sim15320,0.0
sim15321,0.0
sim15322,0.0
sim15323,88.88888888888889
sim15324,0.0
sim15325,44.44444444444444
sim15326,0.0
sim15327,66.66666666666666
sim15328,0.0
sim15329,88.88888888888889
sim15330,0.0
sim15331,22.22222222222222
sim15332,0.0
sim15333,0.0
sim15334,0.0
sim15335,55.55555555555556
sim15336,0.0
sim15337,0.0
sim15338,0.0
sim15339,0.0
sim15340,0.0
sim15341,66.66666666666666
sim15342,0.0
sim15343,22.22222222222222
sim15344,0.0
sim15345,33.33333333333333
sim15346,0.0
sim15347,0.0
sim15348,0.0
sim15349,0.0
sim15350,0.0
sim15351,100.0
sim15352,0.0
sim15353,0.0
sim15354,0.0
sim15355,77.77777777777779
sim15356,0.0
sim15357,0.0
sim15358,0.0
sim15359,11.11111111111111
sim15360,33.33333333333333
sim15361,0.0
sim15362,0.0
sim15363,0.0
sim15364,11.11111111111111
sim15365,0.0
sim15366,0.0
sim15367,77.77777777777779
sim15368,0.0
sim15369,0.0
sim15370,0.0
sim15371,66.66666666666666
sim15372,0.0
sim15373,0.0
sim15374,0.0
sim15375,77.77777777777779
sim15376,0.0
sim15377,77.77777777777779
sim15378,33.33333333333333
sim15379,0.0
sim15380,0.0
sim15381,0.0
sim15382,0.0
sim15383,0.0
sim15384,0.0
sim15385,100.0
sim15386,0.0
sim15387,0.0
sim15388,0.0
sim15389,66.66666666666666
sim15390,0.0
sim15391,44.44444444444444
sim15392,0.0
sim15393,0.0
sim15394,0.0
sim15395,100.0
sim15396,0.0
sim15397,77.77777777777779
sim15398,0.0
sim15399,66.66666666666666
sim15400,0.0
sim15401,22.22222222222222
sim15402,0.0
sim15403,44.44444444444444
sim15404,0.0
sim15405,0.0
sim15406,0.0
sim15407,66.66666666666666
sim15408,0.0
sim15409,55.55555555555556
sim15410,0.0
sim15411,44.44444444444444
sim15412,0.0
sim15413,100.0
sim15414,0.0
sim15415,0.0
sim15416,0.0
sim15417,0.0
sim15418,0.0
sim15419,0.0
sim15420,0.0
sim15421,55.55555555555556
sim15422,0.0
sim15423,0.0
sim15424,0.0
sim15425,0.0
sim15426,66.66666666666666
sim15427,0.0
sim15428,0.0
sim15429,0.0
sim15430,22.22222222222222
sim15431,0.0
sim15432,0.0
sim15433,0.0
sim15434,77.77777777777779
sim15435,0.0
sim15436,33.33333333333333
sim15437,0.0
sim15438,11.11111111111111
sim15439,0.0
sim15440,55.55555555555556
sim15441,0.0
sim15442,22.22222222222222
sim15443,0.0
sim15444,88.88888888888889
sim15445,0.0
sim15446,0.0
sim15447,55.55555555555556
sim15448,66.66666666666666
sim15449,0.0
sim15450,0.0
sim15451,0.0
sim15452,77.77777777777779
sim15453,0.0
sim15454,0.0
sim15455,0.0
sim15456,44.44444444444444
sim15457,0.0
sim15458,11.11111111111111
sim15459,0.0
sim15460,0.0
sim15461,0.0
sim15462,77.77777777777779
sim15463,0.0
sim15464,0.0
sim15465,0.0
sim15466,0.0
sim15467,0.0
sim15468,11.11111111111111
sim15469,22.22222222222222
sim15470,88.88888888888889
sim15471,0.0
sim15472,100.0
sim15473,0.0
sim15474,0.0
sim15475,0.0
sim15476,33.33333333333333
sim15477,0.0
sim15478,44.44444444444444
sim15479,0.0
sim15480,55.55555555555556
sim15481,0.0
sim15482,33.33333333333333
sim15483,0.0
sim15484,11.11111111111111
sim15485,0.0
sim15486,0.0
sim15487,0.0
sim15488,77.77777777777779
sim15489,0.0
sim15490,0.0
sim15491,0.0
sim15492,55.55555555555556
sim15493,55.55555555555556
sim15494,44.44444444444444
sim15495,0.0
sim15496,77.77777777777779
sim15497,0.0
sim15498,0.0
sim15499,0.0
sim15500,22.22222222222222
sim15501,0.0
sim15502,0.0
sim15503,0.0
sim15504,22.22222222222222
sim15505,0.0
sim15506,44.44444444444444
sim15507,22.22222222222222
sim15508,0.0
sim15509,0.0
sim15510,22.22222222222222
sim15511,0.0
sim15512,11.11111111111111
sim15513,0.0
sim15514,0.0
sim15515,0.0
sim15516,0.0
sim15517,0.0
sim15518,88.88888888888889
sim15519,0.0
sim15520,0.0
sim15521,0.0
sim15522,77.77777777777779
sim15523,0.0
sim15524,100.0
sim15525,0.0
sim15526,0.0
sim15527,0.0
sim15528,77.77777777777779
sim15529,0.0
sim15530,0.0
sim15531,0.0
sim15532,22.22222222222222
sim15533,0.0
sim15534,0.0
sim15535,0.0
sim15536,0.0
sim15537,0.0
sim15538,77.77777777777779
sim15539,0.0
sim15540,33.33333333333333
sim15541,0.0
sim15542,0.0
sim15543,0.0
sim15544,0.0
sim15545,0.0
sim15546,33.33333333333333
sim15547,0.0
sim15548,55.55555555555556
sim15549,0.0
sim15550,66.66666666666666
sim15551,0.0
sim15552,0.0
sim15553,33.33333333333333
sim15554,0.0
sim15555,33.33333333333333
sim15556,0.0
sim15557,55.55555555555556
sim15558,0.0
sim15559,0.0
sim15560,0.0
sim15561,44.44444444444444
sim15562,0.0
sim15563,44.44444444444444
sim15564,0.0
sim15565,88.88888888888889
sim15566,0.0
sim15567,0.0
sim15568,0.0
sim15569,0.0
sim15570,0.0
sim15571,66.66666666666666
sim15572,0.0
sim15573,33.33333333333333
sim15574,33.33333333333333
sim15575,11.11111111111111
sim15576,0.0
sim15577,0.0
sim15578,0.0
sim15579,88.88888888888889
sim15580,0.0
sim15581,44.44444444444444
sim15582,0.0
sim15583,66.66666666666666
sim15584,0.0
sim15585,88.88888888888889
sim15586,0.0
sim15587,22.22222222222222
sim15588,0.0
sim15589,0.0
sim15590,0.0
sim15591,55.55555555555556
sim15592,0.0
sim15593,0.0
sim15594,0.0
sim15595,0.0
sim15596,0.0
sim15597,66.66666666666666
sim15598,0.0
sim15599,22.22222222222222
sim15600,0.0
sim15601,22.22222222222222
sim15602,0.0
sim15603,0.0
sim15604,0.0
sim15605,0.0
sim15606,0.0
sim15607,100.0
sim15608,0.0
sim15609,0.0
sim15610,0.0
sim15611,66.66666666666666
sim15612,0.0
sim15613,0.0
sim15614,0.0
sim15615,11.11111111111111
sim15616,33.33333333333333
sim15617,0.0
sim15618,0.0
sim15619,0.0
sim15620,11.11111111111111
sim15621,0.0
sim15622,0.0
sim15623,77.77777777777779
sim15624,0.0
sim15625,0.0
sim15626,0.0
sim15627,66.66666666666666
sim15628,0.0
sim15629,0.0
sim15630,0.0
sim15631,77.77777777777779
sim15632,0.0
sim15633,77.77777777777779
sim15634,33.33333333333333
sim15635,0.0
sim15636,0.0
sim15637,0.0
sim15638,0.0
sim15639,0.0
sim15640,0.0
sim15641,100.0
sim15642,0.0
sim15643,0.0
sim15644,0.0
sim15645,66.66666666666666
sim15646,0.0
sim15647,44.44444444444444
sim15648,0.0
sim15649,0.0
sim15650,0.0
sim15651,100.0
sim15652,0.0
sim15653,77.77777777777779
sim15654,0.0
sim15655,66.66666666666666
sim15656,0.0
sim15657,22.22222222222222
sim15658,0.0
sim15659,44.44444444444444
sim15660,0.0
sim15661,0.0
sim15662,0.0
sim15663,66.66666666666666
sim15664,0.0
sim15665,55.55555555555556
sim15666,0.0
sim15667,44.44444444444444
sim15668,0.0
sim15669,100.0
sim15670,0.0
sim15671,0.0
sim15672,0.0
sim15673,0.0
sim15674,0.0
sim15675,0.0
sim15676,0.0
sim15677,55.55555555555556
sim15678,0.0
sim15679,0.0
sim15680,0.0
sim15681,0.0
sim15682,66.66666666666666
sim15683,0.0
sim15684,0.0
sim15685,0.0
sim15686,22.22222222222222
sim15687,0.0
sim15688,0.0
sim15689,0.0
sim15690,77.77777777777779
sim15691,0.0
sim15692,33.33333333333333
sim15693,0.0
sim15694,11.11111111111111
sim15695,0.0
sim15696,55.55555555555556
sim15697,0.0
sim15698,22.22222222222222
sim15699,0.0
sim15700,88.88888888888889
sim15701,0.0
sim15702,0.0
sim15703,55.55555555555556
sim15704,66.66666666666666
sim15705,0.0
sim15706,0.0
sim15707,0.0
sim15708,77.77777777777779
sim15709,0.0
sim15710,0.0
sim15711,0.0
sim15712,44.44444444444444
sim15713,0.0
sim15714,0.0
sim15715,0.0
sim15716,0.0
sim15717,0.0
sim15718,77.77777777777779
sim15719,0.0
sim15720,0.0
sim15721,0.0
sim15722,0.0
sim15723,0.0
sim15724,11.11111111111111
sim15725,22.22222222222222
sim15726,88.88888888888889
sim15727,0.0
sim15728,100.0
sim15729,0.0
sim15730,0.0
sim15731,0.0
sim15732,33.33333333333333
sim15733,0.0
sim15734,44.44444444444444
sim15735,0.0
sim15736,55.55555555555556
sim15737,0.0
sim15738,33.33333333333333
sim15739,0.0
sim15740,11.11111111111111
sim15741,0.0
sim15742,0.0
sim15743,0.0
sim15744,77.77777777777779
sim15745,0.0
sim15746,0.0
sim15747,0.0
sim15748,55.55555555555556
sim15749,55.55555555555556
sim15750,44.44444444444444
sim15751,0.0
sim15752,77.77777777777779
sim15753,0.0
sim15754,0.0
sim15755,0.0
sim15756,11.11111111111111
sim15757,0.0
sim15758,0.0
sim15759,0.0
sim15760,22.22222222222222
sim15761,0.0
sim15762,44.44444444444444
sim15763,22.22222222222222
sim15764,0.0
sim15765,0.0
sim15766,22.22222222222222
sim15767,0.0
sim15768,11.11111111111111
sim15769,0.0
sim15770,0.0
sim15771,0.0
sim15772,0.0
sim15773,0.0
sim15774,100.0
sim15775,0.0
sim15776,0.0
sim15777,0.0
sim15778,77.77777777777779
sim15779,0.0
sim15780,100.0
sim15781,0.0
sim15782,0.0
sim15783,0.0
sim15784,77.77777777777779
sim15785,0.0
sim15786,0.0
sim15787,0.0
sim15788,22.22222222222222
sim15789,0.0
sim15790,0.0
sim15791,0.0
sim15792,0.0
sim15793,0.0
sim15794,77.77777777777779
sim15795,0.0
sim15796,33.33333333333333
sim15797,0.0
sim15798,0.0
sim15799,0.0
sim15800,0.0
sim15801,0.0
sim15802,33.33333333333333
sim15803,0.0
sim15804,55.55555555555556
sim15805,0.0
sim15806,66.66666666666666
sim15807,0.0
sim15808,0.0
sim15809,33.33333333333333
sim15810,0.0
sim15811,33.33333333333333
sim15812,0.0
sim15813,55.55555555555556
sim15814,0.0
sim15815,0.0
sim15816,0.0
sim15817,44.44444444444444
sim15818,0.0
sim15819,44.44444444444444
sim15820,0.0
sim15821,88.88888888888889
sim15822,0.0
sim15823,0.0
sim15824,0.0
sim15825,0.0
sim15826,0.0
sim15827,66.66666666666666
sim15828,0.0
sim15829,33.33333333333333
sim15830,33.33333333333333
sim15831,11.11111111111111
sim15832,0.0
sim15833,0.0
sim15834,0.0
sim15835,88.88888888888889
sim15836,0.0
sim15837,44.44444444444444
sim15838,0.0
sim15839,66.66666666666666
sim15840,0.0
sim15841,88.88888888888889
sim15842,0.0
sim15843,22.22222222222222
sim15844,0.0
sim15845,0.0
sim15846,0.0
sim15847,55.55555555555556
sim15848,0.0
sim15849,0.0
sim15850,0.0
sim15851,0.0
sim15852,0.0
sim15853,66.66666666666666
sim15854,0.0
sim15855,22.22222222222222
sim15856,0.0
sim15857,33.33333333333333
sim15858,0.0
sim15859,0.0
sim15860,0.0
sim15861,0.0
sim15862,0.0
sim15863,100.0
sim15864,0.0
sim15865,0.0
sim15866,0.0
sim15867,77.77777777777779
sim15868,0.0
sim15869,0.0
sim15870,0.0
sim15871,11.11111111111111
sim15872,33.33333333333333
sim15873,0.0
sim15874,0.0
sim15875,0.0
sim15876,11.11111111111111
sim15877,0.0
sim15878,0.0
sim15879,77.77777777777779
sim15880,0.0
sim15881,0.0
sim15882,0.0
sim15883,66.66666666666666
sim15884,0.0
sim15885,0.0
sim15886,0.0
sim15887,77.77777777777779
sim15888,0.0
sim15889,77.77777777777779
sim15890,33.33333333333333
sim15891,0.0
sim15892,0.0
sim15893,0.0
sim15894,0.0
sim15895,0.0
sim15896,0.0
sim15897,100.0
sim15898,0.0
sim15899,0.0
sim15900,0.0
sim15901,66.66666666666666
sim15902,0.0
sim15903,44.44444444444444
sim15904,0.0
sim15905,0.0
sim15906,0.0
sim15907,100.0
sim15908,0.0
sim15909,77.77777777777779
sim15910,0.0
sim15911,66.66666666666666
sim15912,0.0
sim15913,22.22222222222222
sim15914,0.0
sim15915,44.44444444444444
sim15916,0.0
sim15917,0.0
sim15918,0.0
sim15919,66.66666666666666
sim15920,0.0
sim15921,55.55555555555556
sim15922,0.0
sim15923,44.44444444444444
sim15924,0.0
sim15925,100.0
sim15926,0.0
sim15927,0.0
sim15928,0.0
sim15929,0.0
sim15930,0.0
sim15931,0.0
sim15932,0.0
sim15933,55.55555555555556
sim15934,0.0
sim15935,0.0
sim15936,0.0
sim15937,0.0
sim15938,66.66666666666666
sim15939,0.0
sim15940,0.0
sim15941,0.0
sim15942,22.22222222222222
sim15943,0.0
sim15944,0.0
sim15945,0.0
sim15946,77.77777777777779
sim15947,0.0
sim15948,33.33333333333333
sim15949,0.0
sim15950,11.11111111111111
sim15951,0.0
sim15952,55.55555555555556
sim15953,0.0
sim15954,22.22222222222222
sim15955,0.0
sim15956,88.88888888888889
sim15957,0.0
sim15958,0.0
sim15959,55.55555555555556
sim15960,66.66666666666666
sim15961,0.0
sim15962,0.0
sim15963,0.0
sim15964,77.77777777777779
sim15965,0.0
sim15966,0.0
sim15967,0.0
sim15968,44.44444444444444
sim15969,0.0
sim15970,0.0
sim15971,0.0
sim15972,0.0
sim15973,0.0
sim15974,77.77777777777779
sim15975,0.0
sim15976,0.0
sim15977,0.0
sim15978,0.0
sim15979,0.0
sim15980,11.11111111111111
sim15981,22.22222222222222
sim15982,88.88888888888889
sim15983,0.0
sim15984,100.0
sim15985,0.0
sim15986,0.0
sim15987,0.0
sim15988,33.33333333333333
sim15989,0.0
sim15990,44.44444444444444
sim15991,0.0
sim15992,55.55555555555556
sim15993,0.0
sim15994,33.33333333333333
sim15995,0.0
sim15996,22.22222222222222
sim15997,0.0
sim15998,0.0
sim15999,0.0
sim16000,77.77777777777779
sim16001,0.0
sim16002,0.0
sim16003,0.0
sim16004,55.55555555555556
sim16005,55.55555555555556
sim16006,44.44444444444444
sim16007,0.0
sim16008,77.77777777777779
sim16009,0.0
sim16010,0.0
sim16011,0.0
sim16012,22.22222222222222
sim16013,0.0
sim16014,0.0
sim16015,0.0
sim16016,22.22222222222222
sim16017,0.0
sim16018,44.44444444444444
sim16019,22.22222222222222
sim16020,0.0
sim16021,0.0
sim16022,22.22222222222222
sim16023,0.0
sim16024,11.11111111111111
sim16025,0.0
sim16026,0.0
sim16027,0.0
sim16028,0.0
sim16029,0.0
sim16030,88.88888888888889
sim16031,0.0
sim16032,0.0
sim16033,0.0
sim16034,77.77777777777779
sim16035,0.0
sim16036,100.0
sim16037,0.0
sim16038,0.0
sim16039,0.0
sim16040,77.77777777777779
sim16041,0.0
sim16042,0.0
sim16043,0.0
sim16044,22.22222222222222
sim16045,0.0
sim16046,0.0
sim16047,0.0
sim16048,0.0
sim16049,0.0
sim16050,77.77777777777779
sim16051,0.0
sim16052,33.33333333333333
sim16053,0.0
sim16054,0.0
sim16055,0.0
sim16056,0.0
sim16057,0.0
sim16058,33.33333333333333
sim16059,0.0
sim16060,55.55555555555556
sim16061,0.0
sim16062,66.66666666666666
sim16063,0.0
sim16064,0.0
sim16065,33.33333333333333
sim16066,0.0
sim16067,33.33333333333333
sim16068,0.0
sim16069,55.55555555555556
sim16070,0.0
sim16071,0.0
sim16072,0.0
sim16073,44.44444444444444
sim16074,0.0
sim16075,44.44444444444444
sim16076,0.0
sim16077,88.88888888888889
sim16078,0.0
sim16079,0.0
sim16080,0.0
sim16081,0.0
sim16082,0.0
sim16083,66.66666666666666
sim16084,0.0
sim16085,33.33333333333333
sim16086,33.33333333333333
sim16087,11.11111111111111
sim16088,0.0
sim16089,0.0
sim16090,0.0
sim16091,88.88888888888889
sim16092,0.0
sim16093,44.44444444444444
sim16094,0.0
sim16095,66.66666666666666
sim16096,0.0
sim16097,88.88888888888889
sim16098,0.0
sim16099,22.22222222222222
sim16100,0.0
sim16101,0.0
sim16102,0.0
sim16103,55.55555555555556
sim16104,0.0
sim16105,0.0
sim16106,0.0
sim16107,0.0
sim16108,0.0
sim16109,66.66666666666666
sim16110,0.0
sim16111,22.22222222222222
sim16112,0.0
sim16113,33.33333333333333
sim16114,0.0
sim16115,0.0
sim16116,0.0
sim16117,0.0
sim16118,0.0
sim16119,100.0
sim16120,0.0
sim16121,0.0
sim16122,0.0
sim16123,66.66666666666666
sim16124,0.0
sim16125,0.0
sim16126,0.0
sim16127,11.11111111111111
sim16128,33.33333333333333
sim16129,0.0
sim16130,0.0
sim16131,0.0
sim16132,11.11111111111111
sim16133,0.0
sim16134,0.0
sim16135,77.77777777777779
sim16136,0.0
sim16137,0.0
sim16138,0.0
sim16139,66.66666666666666
sim16140,0.0
sim16141,0.0
sim16142,0.0
sim16143,77.77777777777779
sim16144,0.0
sim16145,77.77777777777779
sim16146,33.33333333333333
sim16147,0.0
sim16148,0.0
sim16149,0.0
sim16150,0.0
sim16151,0.0
sim16152,0.0
sim16153,100.0
sim16154,0.0
sim16155,0.0
sim16156,0.0
sim16157,66.66666666666666
sim16158,0.0
sim16159,44.44444444444444
sim16160,0.0
sim16161,0.0
sim16162,0.0
sim16163,100.0
sim16164,0.0
sim16165,77.77777777777779
sim16166,0.0
sim16167,66.66666666666666
sim16168,0.0
sim16169,22.22222222222222
sim16170,0.0
sim16171,44.44444444444444
sim16172,0.0
sim16173,0.0
sim16174,0.0
sim16175,66.66666666666666
sim16176,0.0
sim16177,55.55555555555556
sim16178,0.0
sim16179,44.44444444444444
sim16180,0.0
sim16181,100.0
sim16182,0.0
sim16183,0.0
sim16184,0.0
sim16185,0.0
sim16186,0.0
sim16187,0.0
sim16188,0.0
sim16189,55.55555555555556
sim16190,0.0
sim16191,0.0
sim16192,0.0
sim16193,0.0
sim16194,66.66666666666666
sim16195,0.0
sim16196,0.0
sim16197,0.0
sim16198,22.22222222222222
sim16199,0.0
sim16200,0.0
sim16201,0.0
sim16202,77.77777777777779
sim16203,0.0
sim16204,33.33333333333333
sim16205,0.0
sim16206,11.11111111111111
sim16207,0.0
sim16208,55.55555555555556
sim16209,0.0
sim16210,22.22222222222222
sim16211,0.0
sim16212,88.88888888888889
sim16213,0.0
sim16214,0.0
sim16215,55.55555555555556
sim16216,66.66666666666666
sim16217,0.0
sim16218,0.0
sim16219,0.0
sim16220,77.77777777777779
sim16221,0.0
sim16222,0.0
sim16223,0.0
sim16224,44.44444444444444
sim16225,0.0
sim16226,0.0
sim16227,0.0
sim16228,0.0
sim16229,0.0
sim16230,77.77777777777779
sim16231,0.0
sim16232,0.0
sim16233,0.0
sim16234,0.0
sim16235,0.0
sim16236,11.11111111111111
sim16237,22.22222222222222
sim16238,88.88888888888889
sim16239,0.0
sim16240,100.0
sim16241,0.0
sim16242,0.0
sim16243,0.0
sim16244,33.33333333333333
sim16245,0.0
sim16246,44.44444444444444
sim16247,0.0
sim16248,55.55555555555556
sim16249,0.0
sim16250,33.33333333333333
sim16251,0.0
sim16252,22.22222222222222
sim16253,0.0
sim16254,0.0
sim16255,0.0
sim16256,77.77777777777779
sim16257,0.0
sim16258,0.0
sim16259,0.0
sim16260,55.55555555555556
sim16261,55.55555555555556
sim16262,44.44444444444444
sim16263,0.0
sim16264,77.77777777777779
sim16265,0.0
sim16266,0.0
sim16267,0.0
sim16268,22.22222222222222
sim16269,0.0
sim16270,0.0
sim16271,0.0
sim16272,22.22222222222222
sim16273,0.0
sim16274,44.44444444444444
sim16275,22.22222222222222
sim16276,0.0
sim16277,0.0
sim16278,22.22222222222222
sim16279,0.0
sim16280,11.11111111111111
sim16281,0.0
sim16282,0.0
sim16283,0.0
sim16284,0.0
sim16285,0.0
sim16286,88.88888888888889
sim16287,0.0
sim16288,0.0
sim16289,0.0
sim16290,77.77777777777779
sim16291,0.0
sim16292,100.0
sim16293,0.0
sim16294,0.0
sim16295,0.0
sim16296,77.77777777777779
sim16297,0.0
sim16298,0.0
sim16299,0.0
sim16300,22.22222222222222
sim16301,0.0
sim16302,0.0
sim16303,0.0
sim16304,0.0
sim16305,0.0
sim16306,77.77777777777779
sim16307,0.0
sim16308,33.33333333333333
sim16309,0.0
sim16310,0.0
sim16311,0.0
sim16312,0.0
sim16313,0.0
sim16314,33.33333333333333
sim16315,0.0
sim16316,55.55555555555556
sim16317,0.0
sim16318,66.66666666666666
sim16319,0.0
sim16320,0.0
sim16321,33.33333333333333
sim16322,0.0
sim16323,33.33333333333333
sim16324,0.0
sim16325,55.55555555555556
sim16326,0.0
sim16327,0.0
sim16328,0.0
sim16329,44.44444444444444
sim16330,0.0
sim16331,44.44444444444444
sim16332,0.0
sim16333,88.88888888888889
sim16334,0.0
sim16335,0.0
sim16336,0.0
sim16337,0.0
sim16338,0.0
sim16339,66.66666666666666
sim16340,0.0
sim16341,33.33333333333333
sim16342,33.33333333333333
sim16343,11.11111111111111
sim16344,0.0
sim16345,0.0
sim16346,0.0
sim16347,88.88888888888889
sim16348,0.0
sim16349,44.44444444444444
sim16350,0.0
sim16351,66.66666666666666
sim16352,0.0
sim16353,88.88888888888889
sim16354,0.0
sim16355,22.22222222222222
sim16356,0.0
sim16357,0.0
sim16358,0.0
sim16359,55.55555555555556
sim16360,0.0
sim16361,0.0
sim16362,0.0
sim16363,0.0
sim16364,0.0
sim16365,66.66666666666666
sim16366,0.0
sim16367,22.22222222222222
sim16368,0.0
sim16369,33.33333333333333
sim16370,0.0
sim16371,0.0
sim16372,0.0
sim16373,0.0
sim16374,0.0
sim16375,100.0
sim16376,0.0
sim16377,0.0
sim16378,0.0
sim16379,66.66666666666666
sim16380,0.0
sim16381,0.0
sim16382,0.0
sim16383,11.11111111111111
sim16384,33.33333333333333
sim16385,0.0
sim16386,0.0
sim16387,0.0
sim16388,11.11111111111111
sim16389,0.0
sim16390,0.0
sim16391,77.77777777777779
sim16392,0.0
sim16393,0.0
sim16394,0.0
sim16395,66.66666666666666
sim16396,0.0
sim16397,0.0
sim16398,0.0
sim16399,77.77777777777779
sim16400,0.0
sim16401,77.77777777777779
sim16402,33.33333333333333
sim16403,0.0
sim16404,0.0
sim16405,0.0
sim16406,0.0
sim16407,0.0
sim16408,0.0
sim16409,100.0
sim16410,0.0
sim16411,0.0
sim16412,0.0
sim16413,66.66666666666666
sim16414,0.0
sim16415,44.44444444444444
sim16416,0.0
sim16417,0.0
sim16418,0.0
sim16419,100.0
sim16420,0.0
sim16421,77.77777777777779
sim16422,0.0
sim16423,66.66666666666666
sim16424,0.0
sim16425,22.22222222222222
sim16426,0.0
sim16427,44.44444444444444
sim16428,0.0
sim16429,0.0
sim16430,0.0
sim16431,66.66666666666666
sim16432,0.0
sim16433,55.55555555555556
sim16434,0.0
sim16435,44.44444444444444
sim16436,0.0
sim16437,100.0
sim16438,0.0
sim16439,0.0
sim16440,0.0
sim16441,0.0
sim16442,0.0
sim16443,0.0
sim16444,0.0
sim16445,55.55555555555556
sim16446,0.0
sim16447,0.0
sim16448,0.0
sim16449,0.0
sim16450,66.66666666666666
sim16451,0.0
sim16452,0.0
sim16453,0.0
sim16454,22.22222222222222
sim16455,0.0
sim16456,0.0
sim16457,0.0
sim16458,77.77777777777779
sim16459,0.0
sim16460,33.33333333333333
sim16461,0.0
sim16462,11.11111111111111
sim16463,0.0
sim16464,55.55555555555556
sim16465,0.0
sim16466,22.22222222222222
sim16467,0.0
sim16468,88.88888888888889
sim16469,0.0
sim16470,0.0
sim16471,55.55555555555556
sim16472,66.66666666666666
sim16473,0.0
sim16474,0.0
sim16475,0.0
sim16476,77.77777777777779
sim16477,0.0
sim16478,0.0
sim16479,0.0
sim16480,44.44444444444444
sim16481,0.0
sim16482,0.0
sim16483,0.0
sim16484,0.0
sim16485,0.0
sim16486,77.77777777777779
sim16487,0.0
sim16488,0.0
sim16489,0.0
sim16490,0.0
sim16491,0.0
sim16492,11.11111111111111
sim16493,22.22222222222222
sim16494,88.88888888888889
sim16495,0.0
sim16496,100.0
sim16497,0.0
sim16498,0.0
sim16499,0.0
sim16500,33.33333333333333
sim16501,0.0
sim16502,44.44444444444444
sim16503,0.0
sim16504,55.55555555555556
sim16505,0.0
sim16506,33.33333333333333
sim16507,0.0
sim16508,22.22222222222222
sim16509,0.0
sim16510,0.0
sim16511,0.0
sim16512,77.77777777777779
sim16513,0.0
sim16514,0.0
sim16515,0.0
sim16516,55.55555555555556
sim16517,55.55555555555556
sim16518,44.44444444444444
sim16519,0.0
sim16520,77.77777777777779
sim16521,0.0
sim16522,0.0
sim16523,0.0
sim16524,22.22222222222222
sim16525,0.0
sim16526,0.0
sim16527,0.0
sim16528,22.22222222222222
sim16529,0.0
sim16530,44.44444444444444
sim16531,22.22222222222222
sim16532,0.0
sim16533,0.0
sim16534,22.22222222222222
sim16535,0.0
sim16536,11.11111111111111
sim16537,0.0
sim16538,0.0
sim16539,0.0
sim16540,0.0
sim16541,0.0
sim16542,88.88888888888889
sim16543,0.0
sim16544,0.0
sim16545,0.0
sim16546,77.77777777777779
sim16547,0.0
sim16548,100.0
sim16549,0.0
sim16550,0.0
sim16551,0.0
sim16552,77.77777777777779
sim16553,0.0
sim16554,0.0
sim16555,0.0
sim16556,22.22222222222222
sim16557,0.0
sim16558,0.0
sim16559,0.0
sim16560,0.0
sim16561,0.0
sim16562,77.77777777777779
sim16563,0.0
sim16564,33.33333333333333
sim16565,0.0
sim16566,0.0
sim16567,0.0
sim16568,0.0
sim16569,0.0
sim16570,33.33333333333333
sim16571,0.0
sim16572,55.55555555555556
sim16573,0.0
sim16574,66.66666666666666
sim16575,0.0
sim16576,0.0
sim16577,33.33333333333333
sim16578,0.0
sim16579,33.33333333333333
sim16580,0.0
sim16581,55.55555555555556
sim16582,0.0
sim16583,0.0
sim16584,0.0
sim16585,44.44444444444444
sim16586,0.0
sim16587,44.44444444444444
sim16588,0.0
sim16589,88.88888888888889
sim16590,0.0
sim16591,0.0
sim16592,0.0
sim16593,0.0
sim16594,0.0
sim16595,66.66666666666666
sim16596,0.0
sim16597,33.33333333333333
sim16598,33.33333333333333
sim16599,11.11111111111111
sim16600,0.0
sim16601,0.0
sim16602,0.0
sim16603,88.88888888888889
sim16604,0.0
sim16605,44.44444444444444
sim16606,0.0
sim16607,66.66666666666666
sim16608,0.0
sim16609,88.88888888888889
sim16610,0.0
sim16611,22.22222222222222
sim16612,0.0
sim16613,0.0
sim16614,0.0
sim16615,55.55555555555556
sim16616,0.0
sim16617,0.0
sim16618,0.0
sim16619,0.0
sim16620,0.0
sim16621,66.66666666666666
sim16622,0.0
sim16623,22.22222222222222
sim16624,0.0
sim16625,33.33333333333333
sim16626,0.0
sim16627,0.0
sim16628,0.0
sim16629,0.0
sim16630,0.0
sim16631,100.0
sim16632,0.0
sim16633,0.0
sim16634,0.0
sim16635,77.77777777777779
sim16636,0.0
sim16637,0.0
sim16638,0.0
sim16639,11.11111111111111
sim16640,33.33333333333333
sim16641,0.0
sim16642,0.0
sim16643,0.0
sim16644,11.11111111111111
sim16645,0.0
sim16646,0.0
sim16647,77.77777777777779
sim16648,0.0
sim16649,0.0
sim16650,0.0
sim16651,66.66666666666666
sim16652,0.0
sim16653,0.0
sim16654,0.0
sim16655,77.77777777777779
sim16656,0.0
sim16657,77.77777777777779
sim16658,33.33333333333333
sim16659,0.0
sim16660,0.0
sim16661,0.0
sim16662,0.0
sim16663,0.0
sim16664,0.0
sim16665,100.0
sim16666,0.0
sim16667,0.0
sim16668,0.0
sim16669,66.66666666666666
sim16670,0.0
sim16671,44.44444444444444
sim16672,0.0
sim16673,0.0
sim16674,0.0
sim16675,100.0
sim16676,0.0
sim16677,77.77777777777779
sim16678,0.0
sim16679,66.66666666666666
sim16680,0.0
sim16681,22.22222222222222
sim16682,0.0
sim16683,44.44444444444444
sim16684,0.0
sim16685,0.0
sim16686,0.0
sim16687,66.66666666666666
sim16688,0.0
sim16689,55.55555555555556
sim16690,0.0
sim16691,44.44444444444444
sim16692,0.0
sim16693,100.0
sim16694,0.0
sim16695,0.0
sim16696,0.0
sim16697,0.0
sim16698,0.0
sim16699,0.0
sim16700,0.0
sim16701,55.55555555555556
sim16702,0.0
sim16703,0.0
sim16704,0.0
sim16705,0.0
sim16706,66.66666666666666
sim16707,0.0
sim16708,0.0
sim16709,0.0
sim16710,22.22222222222222
sim16711,0.0
sim16712,0.0
sim16713,0.0
sim16714,77.77777777777779
sim16715,0.0
sim16716,33.33333333333333
sim16717,0.0
sim16718,11.11111111111111
sim16719,0.0
sim16720,55.55555555555556
sim16721,0.0
sim16722,22.22222222222222
sim16723,0.0
sim16724,88.88888888888889
sim16725,0.0
sim16726,0.0
sim16727,55.55555555555556
sim16728,66.66666666666666
sim16729,0.0
sim16730,0.0
sim16731,0.0
sim16732,77.77777777777779
sim16733,0.0
sim16734,0.0
sim16735,0.0
sim16736,44.44444444444444
sim16737,0.0
sim16738,0.0
sim16739,0.0
sim16740,0.0
sim16741,0.0
sim16742,77.77777777777779
sim16743,0.0
sim16744,0.0
sim16745,0.0
sim16746,0.0
sim16747,0.0
sim16748,11.11111111111111
sim16749,22.22222222222222
sim16750,88.88888888888889
sim16751,0.0
sim16752,100.0
sim16753,0.0
sim16754,0.0
sim16755,0.0
sim16756,33.33333333333333
sim16757,0.0
sim16758,44.44444444444444
sim16759,0.0
sim16760,55.55555555555556
sim16761,0.0
sim16762,33.33333333333333
sim16763,0.0
sim16764,22.22222222222222
sim16765,0.0
sim16766,0.0
sim16767,0.0
sim16768,77.77777777777779
sim16769,0.0
sim16770,0.0
sim16771,0.0
sim16772,55.55555555555556
sim16773,55.55555555555556
sim16774,44.44444444444444
sim16775,0.0
sim16776,77.77777777777779
sim16777,0.0
sim16778,0.0
sim16779,0.0
sim16780,22.22222222222222
sim16781,0.0
sim16782,0.0
sim16783,0.0
sim16784,22.22222222222222
sim16785,0.0
sim16786,44.44444444444444
sim16787,11.11111111111111
sim16788,0.0
sim16789,0.0
sim16790,22.22222222222222
sim16791,0.0
sim16792,11.11111111111111
sim16793,0.0
sim16794,0.0
sim16795,0.0
sim16796,0.0
sim16797,0.0
sim16798,88.88888888888889
sim16799,0.0
sim16800,0.0
sim16801,0.0
sim16802,77.77777777777779
sim16803,0.0
sim16804,100.0
sim16805,0.0
sim16806,0.0
sim16807,0.0
sim16808,77.77777777777779
sim16809,0.0
sim16810,0.0
sim16811,0.0
sim16812,22.22222222222222
sim16813,0.0
sim16814,0.0
sim16815,0.0
sim16816,0.0
sim16817,0.0
sim16818,77.77777777777779
sim16819,0.0
sim16820,33.33333333333333
sim16821,0.0
sim16822,0.0
sim16823,0.0
sim16824,0.0
sim16825,0.0
sim16826,33.33333333333333
sim16827,0.0
sim16828,55.55555555555556
sim16829,0.0
sim16830,66.66666666666666
sim16831,0.0
sim16832,0.0
sim16833,33.33333333333333
sim16834,0.0
sim16835,33.33333333333333
sim16836,0.0
sim16837,55.55555555555556
sim16838,0.0
sim16839,0.0
sim16840,0.0
sim16841,44.44444444444444
sim16842,0.0
sim16843,44.44444444444444
sim16844,0.0
sim16845,88.88888888888889
sim16846,0.0
sim16847,0.0
sim16848,0.0
sim16849,0.0
sim16850,0.0
sim16851,66.66666666666666
sim16852,0.0
sim16853,33.33333333333333
sim16854,33.33333333333333
sim16855,11.11111111111111
sim16856,0.0
sim16857,0.0
sim16858,0.0
sim16859,88.88888888888889
sim16860,0.0
sim16861,44.44444444444444
sim16862,0.0
sim16863,66.66666666666666
sim16864,0.0
sim16865,88.88888888888889
sim16866,0.0
sim16867,22.22222222222222
sim16868,0.0
sim16869,0.0
sim16870,0.0
sim16871,55.55555555555556
sim16872,0.0
sim16873,0.0
sim16874,0.0
sim16875,0.0
sim16876,0.0
sim16877,66.66666666666666
sim16878,0.0
sim16879,22.22222222222222
sim16880,0.0
sim16881,33.33333333333333
sim16882,0.0
sim16883,0.0
sim16884,0.0
sim16885,0.0
sim16886,0.0
sim16887,100.0
sim16888,0.0
sim16889,0.0
sim16890,0.0
sim16891,66.66666666666666
sim16892,0.0
sim16893,0.0
sim16894,0.0
sim16895,11.11111111111111
sim16896,33.33333333333333
sim16897,0.0
sim16898,0.0
sim16899,0.0
sim16900,11.11111111111111
sim16901,0.0
sim16902,0.0
sim16903,77.77777777777779
sim16904,0.0
sim16905,0.0
sim16906,0.0
sim16907,66.66666666666666
sim16908,0.0
sim16909,0.0
sim16910,0.0
sim16911,77.77777777777779
sim16912,0.0
sim16913,77.77777777777779
sim16914,33.33333333333333
sim16915,0.0
sim16916,0.0
sim16917,0.0
sim16918,0.0
sim16919,0.0
sim16920,0.0
sim16921,100.0
sim16922,0.0
sim16923,0.0
sim16924,0.0
sim16925,66.66666666666666
sim16926,0.0
sim16927,44.44444444444444
sim16928,0.0
sim16929,0.0
sim16930,0.0
sim16931,100.0
sim16932,0.0
sim16933,77.77777777777779
sim16934,0.0
sim16935,66.66666666666666
sim16936,0.0
sim16937,22.22222222222222
sim16938,0.0
sim16939,44.44444444444444
sim16940,0.0
sim16941,0.0
sim16942,0.0
sim16943,66.66666666666666
sim16944,0.0
sim16945,55.55555555555556
sim16946,0.0
sim16947,44.44444444444444
sim16948,0.0
sim16949,100.0
sim16950,0.0
sim16951,0.0
sim16952,0.0
sim16953,0.0
sim16954,0.0
sim16955,0.0
sim16956,0.0
sim16957,55.55555555555556
sim16958,0.0
sim16959,0.0
sim16960,0.0
sim16961,0.0
sim16962,66.66666666666666
sim16963,0.0
sim16964,0.0
sim16965,0.0
sim16966,22.22222222222222
sim16967,0.0
sim16968,0.0
sim16969,0.0
sim16970,77.77777777777779
sim16971,0.0
sim16972,33.33333333333333
sim16973,0.0
sim16974,11.11111111111111
sim16975,0.0
sim16976,55.55555555555556
sim16977,0.0
sim16978,22.22222222222222
sim16979,0.0
sim16980,88.88888888888889
sim16981,0.0
sim16982,0.0
sim16983,55.55555555555556
sim16984,66.66666666666666
sim16985,0.0
sim16986,0.0
sim16987,0.0
sim16988,77.77777777777779
sim16989,0.0
sim16990,0.0
sim16991,0.0
sim16992,44.44444444444444
sim16993,0.0
sim16994,0.0
sim16995,0.0
sim16996,0.0
sim16997,0.0
sim16998,77.77777777777779
sim16999,0.0
sim17000,0.0
sim17001,0.0
sim17002,0.0
sim17003,0.0
sim17004,11.11111111111111
sim17005,22.22222222222222
sim17006,88.88888888888889
sim17007,0.0
sim17008,100.0
sim17009,0.0
sim17010,0.0
sim17011,0.0
sim17012,33.33333333333333
sim17013,0.0
sim17014,44.44444444444444
sim17015,0.0
sim17016,55.55555555555556
sim17017,0.0
sim17018,33.33333333333333
sim17019,0.0
sim17020,11.11111111111111
sim17021,0.0
sim17022,0.0
sim17023,0.0
sim17024,77.77777777777779
sim17025,0.0
sim17026,0.0
sim17027,0.0
sim17028,55.55555555555556
sim17029,55.55555555555556
sim17030,44.44444444444444
sim17031,0.0
sim17032,77.77777777777779
sim17033,0.0
sim17034,0.0
sim17035,0.0
sim17036,11.11111111111111
sim17037,0.0
sim17038,0.0
sim17039,0.0
sim17040,22.22222222222222
sim17041,0.0
sim17042,44.44444444444444
sim17043,11.11111111111111
sim17044,0.0
sim17045,0.0
sim17046,22.22222222222222
sim17047,0.0
sim17048,11.11111111111111
sim17049,0.0
sim17050,0.0
sim17051,0.0
sim17052,0.0
sim17053,0.0
sim17054,88.88888888888889
sim17055,0.0
sim17056,0.0
sim17057,0.0
sim17058,77.77777777777779
sim17059,0.0
sim17060,100.0
sim17061,0.0
sim17062,0.0
sim17063,0.0
sim17064,77.77777777777779
sim17065,0.0
sim17066,0.0
sim17067,0.0
sim17068,22.22222222222222
sim17069,0.0
sim17070,0.0
sim17071,0.0
sim17072,0.0
sim17073,0.0
sim17074,77.77777777777779
sim17075,0.0
sim17076,33.33333333333333
sim17077,0.0
sim17078,0.0
sim17079,0.0
sim17080,0.0
sim17081,0.0
sim17082,33.33333333333333
sim17083,0.0
sim17084,55.55555555555556
sim17085,0.0
sim17086,66.66666666666666
sim17087,0.0
sim17088,0.0
sim17089,33.33333333333333
sim17090,0.0
sim17091,33.33333333333333
sim17092,0.0
sim17093,55.55555555555556
sim17094,0.0
sim17095,0.0
sim17096,0.0
sim17097,44.44444444444444
sim17098,0.0
sim17099,44.44444444444444
sim17100,0.0
sim17101,88.88888888888889
sim17102,0.0
sim17103,0.0
sim17104,0.0
sim17105,0.0
sim17106,0.0
sim17107,66.66666666666666
sim17108,0.0
sim17109,33.33333333333333
sim17110,33.33333333333333
sim17111,11.11111111111111
sim17112,0.0
sim17113,0.0
sim17114,0.0
sim17115,88.88888888888889
sim17116,0.0
sim17117,44.44444444444444
sim17118,0.0
sim17119,66.66666666666666
sim17120,0.0
sim17121,88.88888888888889
sim17122,0.0
sim17123,22.22222222222222
sim17124,0.0
sim17125,0.0
sim17126,0.0
sim17127,55.55555555555556
sim17128,0.0
sim17129,0.0
sim17130,0.0
sim17131,0.0
sim17132,0.0
sim17133,66.66666666666666
sim17134,0.0
sim17135,22.22222222222222
sim17136,0.0
sim17137,33.33333333333333
sim17138,0.0
sim17139,0.0
sim17140,0.0
sim17141,0.0
sim17142,0.0
sim17143,100.0
sim17144,0.0
sim17145,0.0
sim17146,0.0
sim17147,66.66666666666666
sim17148,0.0
sim17149,0.0
sim17150,0.0
sim17151,11.11111111111111
sim17152,33.33333333333333
sim17153,0.0
sim17154,0.0
sim17155,0.0
sim17156,11.11111111111111
sim17157,0.0
sim17158,0.0
sim17159,77.77777777777779
sim17160,0.0
sim17161,0.0
sim17162,0.0
sim17163,66.66666666666666
sim17164,0.0
sim17165,0.0
sim17166,0.0
sim17167,77.77777777777779
sim17168,0.0
sim17169,77.77777777777779
sim17170,33.33333333333333
sim17171,0.0
sim17172,0.0
sim17173,0.0
sim17174,0.0
sim17175,0.0
sim17176,0.0
sim17177,100.0
sim17178,0.0
sim17179,0.0
sim17180,0.0
sim17181,66.66666666666666
sim17182,0.0
sim17183,44.44444444444444
sim17184,0.0
sim17185,0.0
sim17186,0.0
sim17187,100.0
sim17188,0.0
sim17189,77.77777777777779
sim17190,0.0
sim17191,66.66666666666666
sim17192,0.0
sim17193,22.22222222222222
sim17194,0.0
sim17195,44.44444444444444
sim17196,0.0
sim17197,0.0
sim17198,0.0
sim17199,66.66666666666666
sim17200,0.0
sim17201,55.55555555555556
sim17202,0.0
sim17203,44.44444444444444
sim17204,0.0
sim17205,100.0
sim17206,0.0
sim17207,0.0
sim17208,0.0
sim17209,0.0
sim17210,0.0
sim17211,0.0
sim17212,0.0
sim17213,55.55555555555556
sim17214,0.0
sim17215,0.0
sim17216,0.0
sim17217,0.0
sim17218,66.66666666666666
sim17219,0.0
sim17220,0.0
sim17221,0.0
sim17222,22.22222222222222
sim17223,0.0
sim17224,0.0
sim17225,0.0
sim17226,77.77777777777779
sim17227,0.0
sim17228,33.33333333333333
sim17229,0.0
sim17230,11.11111111111111
sim17231,0.0
sim17232,55.55555555555556
sim17233,0.0
sim17234,22.22222222222222
sim17235,0.0
sim17236,88.88888888888889
sim17237,0.0
sim17238,0.0
sim17239,55.55555555555556
sim17240,66.66666666666666
sim17241,0.0
sim17242,0.0
sim17243,0.0
sim17244,77.77777777777779
sim17245,0.0
sim17246,0.0
sim17247,0.0
sim17248,44.44444444444444
sim17249,0.0
sim17250,0.0
sim17251,0.0
sim17252,0.0
sim17253,0.0
sim17254,77.77777777777779
sim17255,0.0
sim17256,0.0
sim17257,0.0
sim17258,0.0
sim17259,0.0
sim17260,11.11111111111111
sim17261,22.22222222222222
sim17262,88.88888888888889
sim17263,0.0
sim17264,100.0
sim17265,0.0
sim17266,0.0
sim17267,0.0
sim17268,33.33333333333333
sim17269,0.0
sim17270,44.44444444444444
sim17271,0.0
sim17272,55.55555555555556
sim17273,0.0
sim17274,33.33333333333333
sim17275,0.0
sim17276,22.22222222222222
sim17277,0.0
sim17278,0.0
sim17279,0.0
sim17280,77.77777777777779
sim17281,0.0
sim17282,0.0
sim17283,0.0
sim17284,55.55555555555556
sim17285,55.55555555555556
sim17286,44.44444444444444
sim17287,0.0
sim17288,77.77777777777779
sim17289,0.0
sim17290,0.0
sim17291,0.0
sim17292,22.22222222222222
sim17293,0.0
sim17294,0.0
sim17295,0.0
sim17296,22.22222222222222
sim17297,0.0
sim17298,44.44444444444444
sim17299,22.22222222222222
sim17300,0.0
sim17301,0.0
sim17302,22.22222222222222
sim17303,0.0
sim17304,11.11111111111111
sim17305,0.0
sim17306,0.0
sim17307,0.0
sim17308,0.0
sim17309,0.0
sim17310,88.88888888888889
sim17311,0.0
sim17312,0.0
sim17313,0.0
sim17314,77.77777777777779
sim17315,0.0
sim17316,100.0
sim17317,0.0
sim17318,0.0
sim17319,0.0
sim17320,77.77777777777779
sim17321,0.0
sim17322,0.0
sim17323,0.0
sim17324,22.22222222222222
sim17325,0.0
sim17326,0.0
sim17327,0.0
sim17328,0.0
sim17329,0.0
sim17330,77.77777777777779
sim17331,0.0
sim17332,33.33333333333333
sim17333,0.0
sim17334,0.0
sim17335,0.0
sim17336,0.0
sim17337,0.0
sim17338,33.33333333333333
sim17339,0.0
sim17340,55.55555555555556
sim17341,0.0
sim17342,66.66666666666666
sim17343,0.0
sim17344,0.0
sim17345,33.33333333333333
sim17346,0.0
sim17347,33.33333333333333
sim17348,0.0
sim17349,55.55555555555556
sim17350,0.0
sim17351,0.0
sim17352,0.0
sim17353,44.44444444444444
sim17354,0.0
sim17355,44.44444444444444
sim17356,0.0
sim17357,88.88888888888889
sim17358,0.0
sim17359,0.0
sim17360,0.0
sim17361,0.0
sim17362,0.0
sim17363,66.66666666666666
sim17364,0.0
sim17365,33.33333333333333
sim17366,33.33333333333333
sim17367,11.11111111111111
sim17368,0.0
sim17369,0.0
sim17370,0.0
sim17371,88.88888888888889
sim17372,0.0
sim17373,44.44444444444444
sim17374,0.0
sim17375,66.66666666666666
sim17376,0.0
sim17377,88.88888888888889
sim17378,0.0
sim17379,22.22222222222222
sim17380,0.0
sim17381,0.0
sim17382,0.0
sim17383,55.55555555555556
sim17384,0.0
sim17385,0.0
sim17386,0.0
sim17387,0.0
sim17388,0.0
sim17389,66.66666666666666
sim17390,0.0
sim17391,22.22222222222222
sim17392,0.0
sim17393,33.33333333333333
sim17394,0.0
sim17395,0.0
sim17396,0.0
sim17397,0.0
sim17398,0.0
sim17399,100.0
sim17400,0.0
sim17401,0.0
sim17402,0.0
sim17403,66.66666666666666
sim17404,0.0
sim17405,0.0
sim17406,0.0
sim17407,11.11111111111111
sim17408,33.33333333333333
sim17409,0.0
sim17410,0.0
sim17411,0.0
sim17412,11.11111111111111
sim17413,0.0
sim17414,0.0
sim17415,77.77777777777779
sim17416,0.0
sim17417,0.0
sim17418,0.0
sim17419,66.66666666666666
sim17420,0.0
sim17421,0.0
sim17422,0.0
sim17423,88.88888888888889
sim17424,0.0
sim17425,77.77777777777779
sim17426,33.33333333333333
sim17427,0.0
sim17428,0.0
sim17429,0.0
sim17430,0.0
sim17431,0.0
sim17432,0.0
sim17433,100.0
sim17434,0.0
sim17435,0.0
sim17436,0.0
sim17437,66.66666666666666
sim17438,0.0
sim17439,33.33333333333333
sim17440,0.0
sim17441,0.0
sim17442,0.0
sim17443,100.0
sim17444,0.0
sim17445,77.77777777777779
sim17446,0.0
sim17447,66.66666666666666
sim17448,0.0
sim17449,22.22222222222222
sim17450,0.0
sim17451,44.44444444444444
sim17452,0.0
sim17453,0.0
sim17454,0.0
sim17455,66.66666666666666
sim17456,0.0
sim17457,55.55555555555556
sim17458,0.0
sim17459,44.44444444444444
sim17460,0.0
sim17461,100.0
sim17462,0.0
sim17463,0.0
sim17464,0.0
sim17465,0.0
sim17466,0.0
sim17467,0.0
sim17468,0.0
sim17469,55.55555555555556
sim17470,0.0
sim17471,0.0
sim17472,0.0
sim17473,0.0
sim17474,66.66666666666666
sim17475,0.0
sim17476,0.0
sim17477,0.0
sim17478,22.22222222222222
sim17479,0.0
sim17480,0.0
sim17481,0.0
sim17482,77.77777777777779
sim17483,0.0
sim17484,33.33333333333333
sim17485,0.0
sim17486,11.11111111111111
sim17487,0.0
sim17488,44.44444444444444
sim17489,0.0
sim17490,11.11111111111111
sim17491,0.0
sim17492,88.88888888888889
sim17493,0.0
sim17494,0.0
sim17495,55.55555555555556
sim17496,66.66666666666666
sim17497,0.0
sim17498,0.0
sim17499,0.0
sim17500,77.77777777777779
sim17501,0.0
sim17502,0.0
sim17503,0.0
sim17504,33.33333333333333
sim17505,0.0
sim17506,0.0
sim17507,0.0
sim17508,0.0
sim17509,0.0
sim17510,77.77777777777779
sim17511,0.0
sim17512,0.0
sim17513,0.0
sim17514,0.0
sim17515,0.0
sim17516,11.11111111111111
sim17517,22.22222222222222
sim17518,88.88888888888889
sim17519,0.0
sim17520,100.0
sim17521,0.0
sim17522,0.0
sim17523,0.0
sim17524,33.33333333333333
sim17525,0.0
sim17526,44.44444444444444
sim17527,0.0
sim17528,55.55555555555556
sim17529,0.0
sim17530,33.33333333333333
sim17531,0.0
sim17532,22.22222222222222
sim17533,0.0
sim17534,0.0
sim17535,0.0
sim17536,77.77777777777779
sim17537,0.0
sim17538,0.0
sim17539,0.0
sim17540,55.55555555555556
sim17541,55.55555555555556
sim17542,44.44444444444444
sim17543,0.0
sim17544,77.77777777777779
sim17545,0.0
sim17546,0.0
sim17547,0.0
sim17548,22.22222222222222
sim17549,0.0
sim17550,0.0
sim17551,0.0
sim17552,22.22222222222222
sim17553,0.0
sim17554,44.44444444444444
sim17555,22.22222222222222
sim17556,0.0
sim17557,0.0
sim17558,22.22222222222222
sim17559,0.0
sim17560,11.11111111111111
sim17561,0.0
sim17562,0.0
sim17563,0.0
sim17564,0.0
sim17565,0.0
sim17566,100.0
sim17567,0.0
sim17568,0.0
sim17569,0.0
sim17570,77.77777777777779
sim17571,0.0
sim17572,100.0
sim17573,0.0
sim17574,0.0
sim17575,0.0
sim17576,77.77777777777779
sim17577,0.0
sim17578,0.0
sim17579,0.0
sim17580,22.22222222222222
sim17581,0.0
sim17582,0.0
sim17583,0.0
sim17584,0.0
sim17585,0.0
sim17586,77.77777777777779
sim17587,0.0
sim17588,22.22222222222222
sim17589,0.0
sim17590,0.0
sim17591,0.0
sim17592,0.0
sim17593,0.0
sim17594,33.33333333333333
sim17595,0.0
sim17596,55.55555555555556
sim17597,0.0
sim17598,66.66666666666666
sim17599,0.0
sim17600,0.0
sim17601,33.33333333333333
sim17602,0.0
sim17603,33.33333333333333
sim17604,0.0
sim17605,55.55555555555556
sim17606,0.0
sim17607,0.0
sim17608,0.0
sim17609,44.44444444444444
sim17610,0.0
sim17611,44.44444444444444
sim17612,0.0
sim17613,88.88888888888889
sim17614,0.0
sim17615,0.0
sim17616,0.0
sim17617,0.0
sim17618,0.0
sim17619,66.66666666666666
sim17620,0.0
sim17621,33.33333333333333
sim17622,33.33333333333333
sim17623,11.11111111111111
sim17624,0.0
sim17625,0.0
sim17626,0.0
sim17627,88.88888888888889
sim17628,0.0
sim17629,44.44444444444444
sim17630,0.0
sim17631,66.66666666666666
sim17632,0.0
sim17633,88.88888888888889
sim17634,0.0
sim17635,22.22222222222222
sim17636,0.0
sim17637,0.0
sim17638,0.0
sim17639,55.55555555555556
sim17640,0.0
sim17641,0.0
sim17642,0.0
sim17643,0.0
sim17644,0.0
sim17645,66.66666666666666
sim17646,0.0
sim17647,22.22222222222222
sim17648,0.0
sim17649,33.33333333333333
sim17650,0.0
sim17651,0.0
sim17652,0.0
sim17653,0.0
sim17654,0.0
sim17655,100.0
sim17656,0.0
sim17657,0.0
sim17658,0.0
sim17659,66.66666666666666
sim17660,0.0
sim17661,0.0
sim17662,0.0
sim17663,11.11111111111111
sim17664,33.33333333333333
sim17665,0.0
sim17666,0.0
sim17667,0.0
sim17668,11.11111111111111
sim17669,0.0
sim17670,0.0
sim17671,77.77777777777779
sim17672,0.0
sim17673,0.0
sim17674,0.0
sim17675,66.66666666666666
sim17676,0.0
sim17677,0.0
sim17678,0.0
sim17679,77.77777777777779
sim17680,0.0
sim17681,77.77777777777779
sim17682,33.33333333333333
sim17683,0.0
sim17684,0.0
sim17685,0.0
sim17686,0.0
sim17687,0.0
sim17688,0.0
sim17689,100.0
sim17690,0.0
sim17691,0.0
sim17692,0.0
sim17693,66.66666666666666
sim17694,0.0
sim17695,44.44444444444444
sim17696,0.0
sim17697,0.0
sim17698,0.0
sim17699,100.0
sim17700,0.0
sim17701,77.77777777777779
sim17702,0.0
sim17703,66.66666666666666
sim17704,0.0
sim17705,22.22222222222222
sim17706,0.0
sim17707,44.44444444444444
sim17708,0.0
sim17709,0.0
sim17710,0.0
sim17711,66.66666666666666
sim17712,0.0
sim17713,55.55555555555556
sim17714,0.0
sim17715,44.44444444444444
sim17716,0.0
sim17717,100.0
sim17718,0.0
sim17719,0.0
sim17720,0.0
sim17721,0.0
sim17722,0.0
sim17723,0.0
sim17724,0.0
sim17725,55.55555555555556
sim17726,0.0
sim17727,0.0
sim17728,0.0
sim17729,0.0
sim17730,66.66666666666666
sim17731,0.0
sim17732,0.0
sim17733,0.0
sim17734,22.22222222222222
sim17735,0.0
sim17736,0.0
sim17737,0.0
sim17738,77.77777777777779
sim17739,0.0
sim17740,33.33333333333333
sim17741,0.0
sim17742,11.11111111111111
sim17743,0.0
sim17744,55.55555555555556
sim17745,0.0
sim17746,22.22222222222222
sim17747,0.0
sim17748,88.88888888888889
sim17749,0.0
sim17750,0.0
sim17751,55.55555555555556
sim17752,66.66666666666666
sim17753,0.0
sim17754,0.0
sim17755,0.0
sim17756,77.77777777777779
sim17757,0.0
sim17758,0.0
sim17759,0.0
sim17760,44.44444444444444
sim17761,0.0
sim17762,0.0
sim17763,0.0
sim17764,0.0
sim17765,0.0
sim17766,77.77777777777779
sim17767,0.0
sim17768,0.0
sim17769,0.0
sim17770,0.0
sim17771,0.0
sim17772,11.11111111111111
sim17773,22.22222222222222
sim17774,88.88888888888889
sim17775,0.0
sim17776,100.0
sim17777,0.0
sim17778,0.0
sim17779,0.0
sim17780,33.33333333333333
sim17781,0.0
sim17782,44.44444444444444
sim17783,0.0
sim17784,55.55555555555556
sim17785,0.0
sim17786,33.33333333333333
sim17787,0.0
sim17788,11.11111111111111
sim17789,0.0
sim17790,0.0
sim17791,0.0
sim17792,77.77777777777779
sim17793,0.0
sim17794,0.0
sim17795,0.0
sim17796,55.55555555555556
sim17797,55.55555555555556
sim17798,44.44444444444444
sim17799,0.0
sim17800,77.77777777777779
sim17801,0.0
sim17802,0.0
sim17803,0.0
sim17804,22.22222222222222
sim17805,0.0
sim17806,0.0
sim17807,0.0
sim17808,22.22222222222222
sim17809,0.0
sim17810,44.44444444444444
sim17811,22.22222222222222
sim17812,0.0
sim17813,0.0
sim17814,22.22222222222222
sim17815,0.0
sim17816,11.11111111111111
sim17817,0.0
sim17818,0.0
sim17819,0.0
sim17820,0.0
sim17821,0.0
sim17822,88.88888888888889
sim17823,0.0
sim17824,0.0
sim17825,0.0
sim17826,77.77777777777779
sim17827,0.0
sim17828,100.0
sim17829,0.0
sim17830,0.0
sim17831,0.0
sim17832,77.77777777777779
sim17833,0.0
sim17834,0.0
sim17835,0.0
sim17836,22.22222222222222
sim17837,0.0
sim17838,0.0
sim17839,0.0
sim17840,0.0
sim17841,0.0
sim17842,77.77777777777779
sim17843,0.0
sim17844,33.33333333333333
sim17845,0.0
sim17846,0.0
sim17847,0.0
sim17848,0.0
sim17849,0.0
sim17850,33.33333333333333
sim17851,0.0
sim17852,55.55555555555556
sim17853,0.0
sim17854,66.66666666666666
sim17855,0.0
sim17856,0.0
sim17857,33.33333333333333
sim17858,0.0
sim17859,33.33333333333333
sim17860,0.0
sim17861,55.55555555555556
sim17862,0.0
sim17863,0.0
sim17864,0.0
sim17865,44.44444444444444
sim17866,0.0
sim17867,44.44444444444444
sim17868,0.0
sim17869,88.88888888888889
sim17870,0.0
sim17871,0.0
sim17872,0.0
sim17873,0.0
sim17874,0.0
sim17875,66.66666666666666
sim17876,0.0
sim17877,33.33333333333333
sim17878,33.33333333333333
sim17879,11.11111111111111
sim17880,0.0
sim17881,0.0
sim17882,0.0
sim17883,88.88888888888889
sim17884,0.0
sim17885,44.44444444444444
sim17886,0.0
sim17887,66.66666666666666
sim17888,0.0
sim17889,88.88888888888889
sim17890,0.0
sim17891,22.22222222222222
sim17892,0.0
sim17893,0.0
sim17894,0.0
sim17895,55.55555555555556
sim17896,0.0
sim17897,0.0
sim17898,0.0
sim17899,0.0
sim17900,0.0
sim17901,66.66666666666666
sim17902,0.0
sim17903,22.22222222222222
sim17904,0.0
sim17905,33.33333333333333
sim17906,0.0
sim17907,0.0
sim17908,0.0
sim17909,0.0
sim17910,0.0
sim17911,100.0
sim17912,0.0
sim17913,0.0
sim17914,0.0
sim17915,66.66666666666666
sim17916,0.0
sim17917,0.0
sim17918,0.0
sim17919,11.11111111111111
sim17920,33.33333333333333
sim17921,0.0
sim17922,0.0
sim17923,0.0
sim17924,11.11111111111111
sim17925,0.0
sim17926,0.0
sim17927,77.77777777777779
sim17928,0.0
sim17929,0.0
sim17930,0.0
sim17931,66.66666666666666
sim17932,0.0
sim17933,0.0
sim17934,0.0
sim17935,77.77777777777779
sim17936,0.0
sim17937,77.77777777777779
sim17938,33.33333333333333
sim17939,0.0
sim17940,0.0
sim17941,0.0
sim17942,0.0
sim17943,0.0
sim17944,0.0
sim17945,100.0
sim17946,0.0
sim17947,0.0
sim17948,0.0
sim17949,66.66666666666666
sim17950,0.0
sim17951,44.44444444444444
sim17952,0.0
sim17953,0.0
sim17954,0.0
sim17955,100.0
sim17956,0.0
sim17957,77.77777777777779
sim17958,0.0
sim17959,66.66666666666666
sim17960,0.0
sim17961,22.22222222222222
sim17962,0.0
sim17963,44.44444444444444
sim17964,0.0
sim17965,0.0
sim17966,0.0
sim17967,66.66666666666666
sim17968,0.0
sim17969,55.55555555555556
sim17970,0.0
sim17971,44.44444444444444
sim17972,0.0
sim17973,100.0
sim17974,0.0
sim17975,0.0
sim17976,0.0
sim17977,0.0
sim17978,0.0
sim17979,0.0
sim17980,0.0
sim17981,55.55555555555556
sim17982,0.0
sim17983,0.0
sim17984,0.0
sim17985,0.0
sim17986,66.66666666666666
sim17987,0.0
sim17988,0.0
sim17989,0.0
sim17990,22.22222222222222
sim17991,0.0
sim17992,0.0
sim17993,0.0
sim17994,77.77777777777779
sim17995,0.0
sim17996,33.33333333333333
sim17997,0.0
sim17998,11.11111111111111
sim17999,0.0
sim18000,55.55555555555556
sim18001,0.0
sim18002,22.22222222222222
sim18003,0.0
sim18004,88.88888888888889
sim18005,0.0
sim18006,0.0
sim18007,55.55555555555556
sim18008,66.66666666666666
sim18009,0.0
sim18010,0.0
sim18011,0.0
sim18012,77.77777777777779
sim18013,0.0
sim18014,0.0
sim18015,0.0
sim18016,44.44444444444444
sim18017,0.0
sim18018,0.0
sim18019,0.0
sim18020,0.0
sim18021,0.0
sim18022,77.77777777777779
sim18023,0.0
sim18024,0.0
sim18025,0.0
sim18026,0.0
sim18027,0.0
sim18028,11.11111111111111
sim18029,22.22222222222222
sim18030,88.88888888888889
sim18031,0.0
sim18032,100.0
sim18033,0.0
sim18034,0.0
sim18035,0.0
sim18036,33.33333333333333
sim18037,0.0
sim18038,44.44444444444444
sim18039,0.0
sim18040,55.55555555555556
sim18041,0.0
sim18042,33.33333333333333
sim18043,0.0
sim18044,11.11111111111111
sim18045,0.0
sim18046,0.0
sim18047,0.0
sim18048,77.77777777777779
sim18049,0.0
sim18050,0.0
sim18051,0.0
sim18052,55.55555555555556
sim18053,55.55555555555556
sim18054,44.44444444444444
sim18055,0.0
sim18056,77.77777777777779
sim18057,0.0
sim18058,0.0
sim18059,0.0
sim18060,22.22222222222222
sim18061,0.0
sim18062,0.0
sim18063,0.0
sim18064,22.22222222222222
sim18065,0.0
sim18066,44.44444444444444
sim18067,22.22222222222222
sim18068,0.0
sim18069,0.0
sim18070,22.22222222222222
sim18071,0.0
sim18072,11.11111111111111
sim18073,0.0
sim18074,0.0
sim18075,0.0
sim18076,0.0
sim18077,0.0
sim18078,88.88888888888889
sim18079,0.0
sim18080,0.0
sim18081,0.0
sim18082,77.77777777777779
sim18083,0.0
sim18084,100.0
sim18085,0.0
sim18086,0.0
sim18087,0.0
sim18088,77.77777777777779
sim18089,0.0
sim18090,0.0
sim18091,0.0
sim18092,22.22222222222222
sim18093,0.0
sim18094,0.0
sim18095,0.0
sim18096,0.0
sim18097,0.0
sim18098,77.77777777777779
sim18099,0.0
sim18100,33.33333333333333
sim18101,0.0
sim18102,0.0
sim18103,0.0
sim18104,0.0
sim18105,0.0
sim18106,33.33333333333333
sim18107,0.0
sim18108,55.55555555555556
sim18109,0.0
sim18110,66.66666666666666
sim18111,0.0
sim18112,0.0
sim18113,33.33333333333333
sim18114,0.0
sim18115,33.33333333333333
sim18116,0.0
sim18117,55.55555555555556
sim18118,0.0
sim18119,0.0
sim18120,0.0
sim18121,44.44444444444444
sim18122,0.0
sim18123,44.44444444444444
sim18124,0.0
sim18125,88.88888888888889
sim18126,0.0
sim18127,0.0
sim18128,0.0
sim18129,0.0
sim18130,0.0
sim18131,66.66666666666666
sim18132,0.0
sim18133,33.33333333333333
sim18134,33.33333333333333
sim18135,11.11111111111111
sim18136,0.0
sim18137,0.0
sim18138,0.0
sim18139,88.88888888888889
sim18140,0.0
sim18141,44.44444444444444
sim18142,0.0
sim18143,66.66666666666666
sim18144,0.0
sim18145,88.88888888888889
sim18146,0.0
sim18147,22.22222222222222
sim18148,0.0
sim18149,0.0
sim18150,0.0
sim18151,55.55555555555556
sim18152,0.0
sim18153,0.0
sim18154,0.0
sim18155,0.0
sim18156,0.0
sim18157,66.66666666666666
sim18158,0.0
sim18159,22.22222222222222
sim18160,0.0
sim18161,33.33333333333333
sim18162,0.0
sim18163,0.0
sim18164,0.0
sim18165,0.0
sim18166,0.0
sim18167,100.0
sim18168,0.0
sim18169,0.0
sim18170,0.0
sim18171,66.66666666666666
sim18172,0.0
sim18173,0.0
sim18174,0.0
sim18175,11.11111111111111
sim18176,33.33333333333333
sim18177,0.0
sim18178,0.0
sim18179,0.0
sim18180,11.11111111111111
sim18181,0.0
sim18182,0.0
sim18183,77.77777777777779
sim18184,0.0
sim18185,0.0
sim18186,0.0
sim18187,66.66666666666666
sim18188,0.0
sim18189,0.0
sim18190,0.0
sim18191,77.77777777777779
sim18192,0.0
sim18193,77.77777777777779
sim18194,33.33333333333333
sim18195,0.0
sim18196,0.0
sim18197,0.0
sim18198,0.0
sim18199,0.0
sim18200,0.0
sim18201,100.0
sim18202,0.0
sim18203,0.0
sim18204,0.0
sim18205,66.66666666666666
sim18206,0.0
sim18207,44.44444444444444
sim18208,0.0
sim18209,0.0
sim18210,0.0
sim18211,100.0
sim18212,0.0
sim18213,77.77777777777779
sim18214,0.0
sim18215,66.66666666666666
sim18216,0.0
sim18217,22.22222222222222
sim18218,0.0
sim18219,44.44444444444444
sim18220,0.0
sim18221,0.0
sim18222,0.0
sim18223,66.66666666666666
sim18224,0.0
sim18225,55.55555555555556
sim18226,0.0
sim18227,44.44444444444444
sim18228,0.0
sim18229,100.0
sim18230,0.0
sim18231,0.0
sim18232,0.0
sim18233,0.0
sim18234,0.0
sim18235,0.0
sim18236,0.0
sim18237,55.55555555555556
sim18238,0.0
sim18239,0.0
sim18240,0.0
sim18241,0.0
sim18242,66.66666666666666
sim18243,0.0
sim18244,0.0
sim18245,0.0
sim18246,22.22222222222222
sim18247,0.0
sim18248,0.0
sim18249,0.0
sim18250,77.77777777777779
sim18251,0.0
sim18252,33.33333333333333
sim18253,0.0
sim18254,11.11111111111111
sim18255,0.0
sim18256,55.55555555555556
sim18257,0.0
sim18258,22.22222222222222
sim18259,0.0
sim18260,88.88888888888889
sim18261,0.0
sim18262,0.0
sim18263,55.55555555555556
sim18264,66.66666666666666
sim18265,0.0
sim18266,0.0
sim18267,0.0
sim18268,77.77777777777779
sim18269,0.0
sim18270,0.0
sim18271,0.0
sim18272,44.44444444444444
sim18273,0.0
sim18274,0.0
sim18275,0.0
sim18276,0.0
sim18277,0.0
sim18278,77.77777777777779
sim18279,0.0
sim18280,0.0
sim18281,0.0
sim18282,0.0
sim18283,0.0
sim18284,11.11111111111111
sim18285,22.22222222222222
sim18286,88.88888888888889
sim18287,0.0
sim18288,100.0
sim18289,0.0
sim18290,0.0
sim18291,0.0
sim18292,33.33333333333333
sim18293,0.0
sim18294,44.44444444444444
sim18295,0.0
sim18296,55.55555555555556
sim18297,0.0
sim18298,33.33333333333333
sim18299,0.0
sim18300,22.22222222222222
sim18301,0.0
sim18302,0.0
sim18303,0.0
sim18304,77.77777777777779
sim18305,0.0
sim18306,0.0
sim18307,0.0
sim18308,55.55555555555556
sim18309,55.55555555555556
sim18310,44.44444444444444
sim18311,0.0
sim18312,77.77777777777779
sim18313,0.0
sim18314,0.0
sim18315,0.0
sim18316,22.22222222222222
sim18317,0.0
sim18318,0.0
sim18319,0.0
sim18320,22.22222222222222
sim18321,0.0
sim18322,44.44444444444444
sim18323,22.22222222222222
sim18324,0.0
sim18325,0.0
sim18326,22.22222222222222
sim18327,0.0
sim18328,11.11111111111111
sim18329,0.0
sim18330,0.0
sim18331,0.0
sim18332,0.0
sim18333,0.0
sim18334,88.88888888888889
sim18335,0.0
sim18336,0.0
sim18337,0.0
sim18338,77.77777777777779
sim18339,0.0
sim18340,100.0
sim18341,0.0
sim18342,0.0
sim18343,0.0
sim18344,77.77777777777779
sim18345,0.0
sim18346,0.0
sim18347,0.0
sim18348,22.22222222222222
sim18349,0.0
sim18350,0.0
sim18351,0.0
sim18352,0.0
sim18353,0.0
sim18354,77.77777777777779
sim18355,0.0
sim18356,33.33333333333333
sim18357,0.0
sim18358,0.0
sim18359,0.0
sim18360,0.0
sim18361,0.0
sim18362,33.33333333333333
sim18363,0.0
sim18364,55.55555555555556
sim18365,0.0
sim18366,66.66666666666666
sim18367,0.0
sim18368,0.0
sim18369,33.33333333333333
sim18370,0.0
sim18371,33.33333333333333
sim18372,0.0
sim18373,55.55555555555556
sim18374,0.0
sim18375,0.0
sim18376,0.0
sim18377,44.44444444444444
sim18378,0.0
sim18379,44.44444444444444
sim18380,0.0
sim18381,88.88888888888889
sim18382,0.0
sim18383,0.0
sim18384,0.0
sim18385,0.0
sim18386,0.0
sim18387,66.66666666666666
sim18388,0.0
sim18389,33.33333333333333
sim18390,33.33333333333333
sim18391,11.11111111111111
sim18392,0.0
sim18393,0.0
sim18394,0.0
sim18395,88.88888888888889
sim18396,0.0
sim18397,44.44444444444444
sim18398,0.0
sim18399,66.66666666666666
sim18400,0.0
sim18401,88.88888888888889
sim18402,0.0
sim18403,22.22222222222222
sim18404,0.0
sim18405,0.0
sim18406,0.0
sim18407,55.55555555555556
sim18408,0.0
sim18409,0.0
sim18410,0.0
sim18411,0.0
sim18412,0.0
sim18413,66.66666666666666
sim18414,0.0
sim18415,22.22222222222222
sim18416,0.0
sim18417,33.33333333333333
sim18418,0.0
sim18419,0.0
sim18420,0.0
sim18421,0.0
sim18422,0.0
sim18423,100.0
sim18424,0.0
sim18425,0.0
sim18426,0.0
sim18427,66.66666666666666
sim18428,0.0
sim18429,0.0
sim18430,0.0
sim18431,11.11111111111111
sim18432,33.33333333333333
sim18433,0.0
sim18434,0.0
sim18435,0.0
sim18436,11.11111111111111
sim18437,0.0
sim18438,0.0
sim18439,77.77777777777779
sim18440,0.0
sim18441,0.0
sim18442,0.0
sim18443,66.66666666666666
sim18444,0.0
sim18445,0.0
sim18446,0.0
sim18447,77.77777777777779
sim18448,0.0
sim18449,77.77777777777779
sim18450,33.33333333333333
sim18451,0.0
sim18452,0.0
sim18453,0.0
sim18454,0.0
sim18455,0.0
sim18456,0.0
sim18457,100.0
sim18458,0.0
sim18459,0.0
sim18460,0.0
sim18461,66.66666666666666
sim18462,0.0
sim18463,44.44444444444444
sim18464,0.0
sim18465,0.0
sim18466,0.0
sim18467,100.0
sim18468,0.0
sim18469,77.77777777777779
sim18470,0.0
sim18471,66.66666666666666
sim18472,0.0
sim18473,22.22222222222222
sim18474,0.0
sim18475,44.44444444444444
sim18476,0.0
sim18477,0.0
sim18478,0.0
sim18479,66.66666666666666
sim18480,0.0
sim18481,55.55555555555556
sim18482,0.0
sim18483,44.44444444444444
sim18484,0.0
sim18485,100.0
sim18486,0.0
sim18487,0.0
sim18488,0.0
sim18489,0.0
sim18490,0.0
sim18491,0.0
sim18492,0.0
sim18493,55.55555555555556
sim18494,0.0
sim18495,0.0
sim18496,0.0
sim18497,0.0
sim18498,66.66666666666666
sim18499,0.0
sim18500,0.0
sim18501,0.0
sim18502,22.22222222222222
sim18503,0.0
sim18504,0.0
sim18505,0.0
sim18506,77.77777777777779
sim18507,0.0
sim18508,33.33333333333333
sim18509,0.0
sim18510,11.11111111111111
sim18511,0.0
sim18512,55.55555555555556
sim18513,0.0
sim18514,22.22222222222222
sim18515,0.0
sim18516,88.88888888888889
sim18517,0.0
sim18518,0.0
sim18519,55.55555555555556
sim18520,66.66666666666666
sim18521,0.0
sim18522,0.0
sim18523,0.0
sim18524,77.77777777777779
sim18525,0.0
sim18526,0.0
sim18527,0.0
sim18528,44.44444444444444
sim18529,0.0
sim18530,0.0
sim18531,0.0
sim18532,0.0
sim18533,0.0
sim18534,77.77777777777779
sim18535,0.0
sim18536,0.0
sim18537,0.0
sim18538,0.0
sim18539,0.0
sim18540,11.11111111111111
sim18541,22.22222222222222
sim18542,88.88888888888889
sim18543,0.0
sim18544,100.0
sim18545,0.0
sim18546,0.0
sim18547,0.0
sim18548,33.33333333333333
sim18549,0.0
sim18550,44.44444444444444
sim18551,0.0
sim18552,55.55555555555556
sim18553,0.0
sim18554,33.33333333333333
sim18555,0.0
sim18556,22.22222222222222
sim18557,0.0
sim18558,0.0
sim18559,0.0
sim18560,77.77777777777779
sim18561,0.0
sim18562,0.0
sim18563,0.0
sim18564,55.55555555555556
sim18565,55.55555555555556
sim18566,44.44444444444444
sim18567,0.0
sim18568,77.77777777777779
sim18569,0.0
sim18570,0.0
sim18571,0.0
sim18572,22.22222222222222
sim18573,0.0
sim18574,0.0
sim18575,0.0
sim18576,22.22222222222222
sim18577,0.0
sim18578,44.44444444444444
sim18579,22.22222222222222
sim18580,0.0
sim18581,0.0
sim18582,22.22222222222222
sim18583,0.0
sim18584,11.11111111111111
sim18585,0.0
sim18586,0.0
sim18587,0.0
sim18588,0.0
sim18589,0.0
sim18590,88.88888888888889
sim18591,0.0
sim18592,0.0
sim18593,0.0
sim18594,77.77777777777779
sim18595,0.0
sim18596,100.0
sim18597,0.0
sim18598,0.0
sim18599,0.0
sim18600,77.77777777777779
sim18601,0.0
sim18602,0.0
sim18603,0.0
sim18604,22.22222222222222
sim18605,0.0
sim18606,0.0
sim18607,0.0
sim18608,0.0
sim18609,0.0
sim18610,77.77777777777779
sim18611,0.0
sim18612,33.33333333333333
sim18613,0.0
sim18614,0.0
sim18615,0.0
sim18616,0.0
sim18617,0.0
sim18618,33.33333333333333
sim18619,0.0
sim18620,55.55555555555556
sim18621,0.0
sim18622,66.66666666666666
sim18623,0.0
sim18624,0.0
sim18625,33.33333333333333
sim18626,0.0
sim18627,33.33333333333333
sim18628,0.0
sim18629,55.55555555555556
sim18630,0.0
sim18631,0.0
sim18632,0.0
sim18633,44.44444444444444
sim18634,0.0
sim18635,44.44444444444444
sim18636,0.0
sim18637,88.88888888888889
sim18638,0.0
sim18639,0.0
sim18640,0.0
sim18641,0.0
sim18642,0.0
sim18643,66.66666666666666
sim18644,0.0
sim18645,33.33333333333333
sim18646,33.33333333333333
sim18647,11.11111111111111
sim18648,0.0
sim18649,0.0
sim18650,0.0
sim18651,88.88888888888889
sim18652,0.0
sim18653,44.44444444444444
sim18654,0.0
sim18655,66.66666666666666
sim18656,0.0
sim18657,88.88888888888889
sim18658,0.0
sim18659,22.22222222222222
sim18660,0.0
sim18661,0.0
sim18662,0.0
sim18663,55.55555555555556
sim18664,0.0
sim18665,0.0
sim18666,0.0
sim18667,0.0
sim18668,0.0
sim18669,66.66666666666666
sim18670,0.0
sim18671,22.22222222222222
sim18672,0.0
sim18673,33.33333333333333
sim18674,0.0
sim18675,0.0
sim18676,0.0
sim18677,0.0
sim18678,0.0
sim18679,100.0
sim18680,0.0
sim18681,0.0
sim18682,0.0
sim18683,66.66666666666666
sim18684,0.0
sim18685,0.0
sim18686,0.0
sim18687,11.11111111111111
sim18688,33.33333333333333
sim18689,0.0
sim18690,0.0
sim18691,0.0
sim18692,11.11111111111111
sim18693,0.0
sim18694,0.0
sim18695,77.77777777777779
sim18696,0.0
sim18697,0.0
sim18698,0.0
sim18699,66.66666666666666
sim18700,0.0
sim18701,0.0
sim18702,0.0
sim18703,77.77777777777779
sim18704,0.0
sim18705,77.77777777777779
sim18706,33.33333333333333
sim18707,0.0
sim18708,0.0
sim18709,0.0
sim18710,0.0
sim18711,0.0
sim18712,0.0
sim18713,100.0
sim18714,0.0
sim18715,0.0
sim18716,0.0
sim18717,66.66666666666666
sim18718,0.0
sim18719,44.44444444444444
sim18720,0.0
sim18721,0.0
sim18722,0.0
sim18723,100.0
sim18724,0.0
sim18725,77.77777777777779
sim18726,0.0
sim18727,66.66666666666666
sim18728,0.0
sim18729,22.22222222222222
sim18730,0.0
sim18731,44.44444444444444
sim18732,0.0
sim18733,0.0
sim18734,0.0
sim18735,66.66666666666666
sim18736,0.0
sim18737,55.55555555555556
sim18738,0.0
sim18739,44.44444444444444
sim18740,0.0
sim18741,100.0
sim18742,0.0
sim18743,0.0
sim18744,0.0
sim18745,0.0
sim18746,0.0
sim18747,0.0
sim18748,0.0
sim18749,55.55555555555556
sim18750,0.0
sim18751,0.0
sim18752,0.0
sim18753,0.0
sim18754,66.66666666666666
sim18755,0.0
sim18756,0.0
sim18757,0.0
sim18758,22.22222222222222
sim18759,0.0
sim18760,0.0
sim18761,0.0
sim18762,77.77777777777779
sim18763,0.0
sim18764,33.33333333333333
sim18765,0.0
sim18766,11.11111111111111
sim18767,0.0
sim18768,55.55555555555556
sim18769,0.0
sim18770,22.22222222222222
sim18771,0.0
sim18772,88.88888888888889
sim18773,0.0
sim18774,0.0
sim18775,55.55555555555556
sim18776,66.66666666666666
sim18777,0.0
sim18778,0.0
sim18779,0.0
sim18780,77.77777777777779
sim18781,0.0
sim18782,0.0
sim18783,0.0
sim18784,44.44444444444444
sim18785,0.0
sim18786,0.0
sim18787,0.0
sim18788,0.0
sim18789,0.0
sim18790,77.77777777777779
sim18791,0.0
sim18792,0.0
sim18793,0.0
sim18794,0.0
sim18795,0.0
sim18796,11.11111111111111
sim18797,22.22222222222222
sim18798,88.88888888888889
sim18799,0.0
sim18800,100.0
sim18801,0.0
sim18802,0.0
sim18803,0.0
sim18804,33.33333333333333
sim18805,0.0
sim18806,44.44444444444444
sim18807,0.0
sim18808,55.55555555555556
sim18809,0.0
sim18810,33.33333333333333
sim18811,0.0
sim18812,22.22222222222222
sim18813,0.0
sim18814,0.0
sim18815,0.0
sim18816,77.77777777777779
sim18817,0.0
sim18818,0.0
sim18819,0.0
sim18820,55.55555555555556
sim18821,55.55555555555556
sim18822,44.44444444444444
sim18823,0.0
sim18824,77.77777777777779
sim18825,0.0
sim18826,0.0
sim18827,0.0
sim18828,22.22222222222222
sim18829,0.0
sim18830,0.0
sim18831,0.0
sim18832,33.33333333333333
sim18833,0.0
sim18834,44.44444444444444
sim18835,22.22222222222222
sim18836,0.0
sim18837,0.0
sim18838,22.22222222222222
sim18839,0.0
sim18840,11.11111111111111
sim18841,0.0
sim18842,0.0
sim18843,0.0
sim18844,0.0
sim18845,0.0
sim18846,88.88888888888889
sim18847,0.0
sim18848,0.0
sim18849,0.0
sim18850,77.77777777777779
sim18851,0.0
sim18852,100.0
sim18853,0.0
sim18854,0.0
sim18855,0.0
sim18856,77.77777777777779
sim18857,0.0
sim18858,0.0
sim18859,0.0
sim18860,22.22222222222222
sim18861,0.0
sim18862,0.0
sim18863,0.0
sim18864,0.0
sim18865,0.0
sim18866,77.77777777777779
sim18867,0.0
sim18868,33.33333333333333
sim18869,0.0
sim18870,0.0
sim18871,0.0
sim18872,0.0
sim18873,0.0
sim18874,33.33333333333333
sim18875,0.0
sim18876,55.55555555555556
sim18877,0.0
sim18878,66.66666666666666
sim18879,0.0
sim18880,0.0
sim18881,33.33333333333333
sim18882,0.0
sim18883,33.33333333333333
sim18884,0.0
sim18885,55.55555555555556
sim18886,0.0
sim18887,0.0
sim18888,0.0
sim18889,44.44444444444444
sim18890,0.0
sim18891,44.44444444444444
sim18892,0.0
sim18893,88.88888888888889
sim18894,0.0
sim18895,0.0
sim18896,0.0
sim18897,0.0
sim18898,0.0
sim18899,66.66666666666666
sim18900,0.0
sim18901,33.33333333333333
sim18902,33.33333333333333
sim18903,11.11111111111111
sim18904,0.0
sim18905,0.0
sim18906,0.0
sim18907,88.88888888888889
sim18908,0.0
sim18909,44.44444444444444
sim18910,0.0
sim18911,66.66666666666666
sim18912,0.0
sim18913,88.88888888888889
sim18914,0.0
sim18915,22.22222222222222
sim18916,0.0
sim18917,0.0
sim18918,0.0
sim18919,55.55555555555556
sim18920,0.0
sim18921,0.0
sim18922,0.0
sim18923,0.0
sim18924,0.0
sim18925,66.66666666666666
sim18926,0.0
sim18927,22.22222222222222
sim18928,0.0
sim18929,33.33333333333333
sim18930,0.0
sim18931,0.0
sim18932,0.0
sim18933,0.0
sim18934,0.0
sim18935,100.0
sim18936,0.0
sim18937,0.0
sim18938,0.0
sim18939,66.66666666666666
sim18940,0.0
sim18941,0.0
sim18942,0.0
sim18943,11.11111111111111
sim18944,33.33333333333333
sim18945,0.0
sim18946,0.0
sim18947,0.0
sim18948,11.11111111111111
sim18949,0.0
sim18950,0.0
sim18951,77.77777777777779
sim18952,0.0
sim18953,0.0
sim18954,0.0
sim18955,66.66666666666666
sim18956,0.0
sim18957,0.0
sim18958,0.0
sim18959,77.77777777777779
sim18960,0.0
sim18961,77.77777777777779
sim18962,33.33333333333333
sim18963,0.0
sim18964,0.0
sim18965,0.0
sim18966,0.0
sim18967,0.0
sim18968,0.0
sim18969,100.0
sim18970,0.0
sim18971,0.0
sim18972,0.0
sim18973,66.66666666666666
sim18974,0.0
sim18975,44.44444444444444
sim18976,0.0
sim18977,0.0
sim18978,0.0
sim18979,100.0
sim18980,0.0
sim18981,77.77777777777779
sim18982,0.0
sim18983,66.66666666666666
sim18984,0.0
sim18985,22.22222222222222
sim18986,0.0
sim18987,44.44444444444444
sim18988,0.0
sim18989,0.0
sim18990,0.0
sim18991,66.66666666666666
sim18992,0.0
sim18993,55.55555555555556
sim18994,0.0
sim18995,44.44444444444444
sim18996,0.0
sim18997,100.0
sim18998,0.0
sim18999,0.0
sim19000,0.0
sim19001,0.0
sim19002,0.0
sim19003,0.0
sim19004,0.0
sim19005,55.55555555555556
sim19006,0.0
sim19007,0.0
sim19008,0.0
sim19009,0.0
sim19010,66.66666666666666
sim19011,0.0
sim19012,0.0
sim19013,0.0
sim19014,22.22222222222222
sim19015,0.0
sim19016,0.0
sim19017,0.0
sim19018,77.77777777777779
sim19019,0.0
sim19020,33.33333333333333
sim19021,0.0
sim19022,11.11111111111111
sim19023,0.0
sim19024,55.55555555555556
sim19025,0.0
sim19026,22.22222222222222
sim19027,0.0
sim19028,88.88888888888889
sim19029,0.0
sim19030,0.0
sim19031,55.55555555555556
sim19032,66.66666666666666
sim19033,0.0
sim19034,0.0
sim19035,0.0
sim19036,77.77777777777779
sim19037,0.0
sim19038,0.0
sim19039,0.0
sim19040,44.44444444444444
sim19041,0.0
sim19042,0.0
sim19043,0.0
sim19044,0.0
sim19045,0.0
sim19046,77.77777777777779
sim19047,0.0
sim19048,0.0
sim19049,0.0
sim19050,0.0
sim19051,0.0
sim19052,11.11111111111111
sim19053,22.22222222222222
sim19054,88.88888888888889
sim19055,0.0
sim19056,100.0
sim19057,0.0
sim19058,0.0
sim19059,0.0
sim19060,33.33333333333333
sim19061,0.0
sim19062,44.44444444444444
sim19063,0.0
sim19064,55.55555555555556
sim19065,0.0
sim19066,33.33333333333333
sim19067,0.0
sim19068,22.22222222222222
sim19069,0.0
sim19070,0.0
sim19071,0.0
sim19072,77.77777777777779
sim19073,0.0
sim19074,0.0
sim19075,0.0
sim19076,55.55555555555556
sim19077,55.55555555555556
sim19078,44.44444444444444
sim19079,0.0
sim19080,77.77777777777779
sim19081,0.0
sim19082,0.0
sim19083,0.0
sim19084,22.22222222222222
sim19085,0.0
sim19086,0.0
sim19087,0.0
sim19088,22.22222222222222
sim19089,0.0
sim19090,44.44444444444444
sim19091,22.22222222222222
sim19092,0.0
sim19093,0.0
sim19094,22.22222222222222
sim19095,0.0
sim19096,11.11111111111111
sim19097,0.0
sim19098,0.0
sim19099,0.0
sim19100,0.0
sim19101,0.0
sim19102,88.88888888888889
sim19103,0.0
sim19104,0.0
sim19105,0.0
sim19106,77.77777777777779
sim19107,0.0
sim19108,100.0
sim19109,0.0
sim19110,0.0
sim19111,0.0
sim19112,77.77777777777779
sim19113,0.0
sim19114,0.0
sim19115,0.0
sim19116,22.22222222222222
sim19117,0.0
sim19118,0.0
sim19119,0.0
sim19120,0.0
sim19121,0.0
sim19122,77.77777777777779
sim19123,0.0
sim19124,33.33333333333333
sim19125,0.0
sim19126,0.0
sim19127,0.0
sim19128,0.0
sim19129,0.0
sim19130,33.33333333333333
sim19131,0.0
sim19132,55.55555555555556
sim19133,0.0
sim19134,66.66666666666666
sim19135,0.0
sim19136,0.0
sim19137,33.33333333333333
sim19138,0.0
sim19139,33.33333333333333
sim19140,0.0
sim19141,55.55555555555556
sim19142,0.0
sim19143,0.0
sim19144,0.0
sim19145,44.44444444444444
sim19146,0.0
sim19147,44.44444444444444
sim19148,0.0
sim19149,88.88888888888889
sim19150,0.0
sim19151,0.0
sim19152,0.0
sim19153,0.0
sim19154,0.0
sim19155,66.66666666666666
sim19156,0.0
sim19157,33.33333333333333
sim19158,33.33333333333333
sim19159,11.11111111111111
sim19160,0.0
sim19161,0.0
sim19162,0.0
sim19163,88.88888888888889
sim19164,0.0
sim19165,44.44444444444444
sim19166,0.0
sim19167,66.66666666666666
sim19168,0.0
sim19169,88.88888888888889
sim19170,0.0
sim19171,22.22222222222222
sim19172,0.0
sim19173,0.0
sim19174,0.0
sim19175,55.55555555555556
sim19176,0.0
sim19177,0.0
sim19178,0.0
sim19179,0.0
sim19180,0.0
sim19181,66.66666666666666
sim19182,0.0
sim19183,22.22222222222222
sim19184,0.0
sim19185,33.33333333333333
sim19186,0.0
sim19187,0.0
sim19188,0.0
sim19189,0.0
sim19190,0.0
sim19191,100.0
sim19192,0.0
sim19193,0.0
sim19194,0.0
sim19195,66.66666666666666
sim19196,0.0
sim19197,0.0
sim19198,0.0
sim19199,11.11111111111111
sim19200,33.33333333333333
sim19201,0.0
sim19202,0.0
sim19203,0.0
sim19204,11.11111111111111
sim19205,0.0
sim19206,0.0
sim19207,77.77777777777779
sim19208,0.0
sim19209,0.0
sim19210,0.0
sim19211,66.66666666666666
sim19212,0.0
sim19213,0.0
sim19214,0.0
sim19215,77.77777777777779
sim19216,0.0
sim19217,77.77777777777779
sim19218,33.33333333333333
sim19219,0.0
sim19220,0.0
sim19221,0.0
sim19222,0.0
sim19223,0.0
sim19224,0.0
sim19225,100.0
sim19226,0.0
sim19227,0.0
sim19228,0.0
sim19229,66.66666666666666
sim19230,0.0
sim19231,44.44444444444444
sim19232,0.0
sim19233,0.0
sim19234,0.0
sim19235,100.0
sim19236,0.0
sim19237,77.77777777777779
sim19238,0.0
sim19239,66.66666666666666
sim19240,0.0
sim19241,22.22222222222222
sim19242,0.0
sim19243,44.44444444444444
sim19244,0.0
sim19245,0.0
sim19246,0.0
sim19247,66.66666666666666
sim19248,0.0
sim19249,55.55555555555556
sim19250,0.0
sim19251,44.44444444444444
sim19252,0.0
sim19253,100.0
sim19254,0.0
sim19255,0.0
sim19256,0.0
sim19257,0.0
sim19258,0.0
sim19259,0.0
sim19260,0.0
sim19261,55.55555555555556
sim19262,0.0
sim19263,0.0
sim19264,0.0
sim19265,0.0
sim19266,66.66666666666666
sim19267,0.0
sim19268,0.0
sim19269,0.0
sim19270,22.22222222222222
sim19271,0.0
sim19272,0.0
sim19273,0.0
sim19274,77.77777777777779
sim19275,0.0
sim19276,33.33333333333333
sim19277,0.0
sim19278,11.11111111111111
sim19279,0.0
sim19280,55.55555555555556
sim19281,0.0
sim19282,22.22222222222222
sim19283,0.0
sim19284,88.88888888888889
sim19285,0.0
sim19286,0.0
sim19287,55.55555555555556
sim19288,66.66666666666666
sim19289,0.0
sim19290,0.0
sim19291,0.0
sim19292,77.77777777777779
sim19293,0.0
sim19294,0.0
sim19295,0.0
sim19296,44.44444444444444
sim19297,0.0
sim19298,0.0
sim19299,0.0
sim19300,0.0
sim19301,0.0
sim19302,77.77777777777779
sim19303,0.0
sim19304,0.0
sim19305,0.0
sim19306,0.0
sim19307,0.0
sim19308,11.11111111111111
sim19309,22.22222222222222
sim19310,88.88888888888889
sim19311,0.0
sim19312,100.0
sim19313,0.0
sim19314,0.0
sim19315,0.0
sim19316,33.33333333333333
sim19317,0.0
sim19318,44.44444444444444
sim19319,0.0
sim19320,55.55555555555556
sim19321,0.0
sim19322,33.33333333333333
sim19323,0.0
sim19324,11.11111111111111
sim19325,0.0
sim19326,0.0
sim19327,0.0
sim19328,77.77777777777779
sim19329,0.0
sim19330,0.0
sim19331,0.0
sim19332,55.55555555555556
sim19333,55.55555555555556
sim19334,44.44444444444444
sim19335,0.0
sim19336,77.77777777777779
sim19337,0.0
sim19338,0.0
sim19339,0.0
sim19340,22.22222222222222
sim19341,0.0
sim19342,0.0
sim19343,0.0
sim19344,22.22222222222222
sim19345,0.0
sim19346,44.44444444444444
sim19347,22.22222222222222
sim19348,0.0
sim19349,0.0
sim19350,22.22222222222222
sim19351,0.0
sim19352,11.11111111111111
sim19353,0.0
sim19354,0.0
sim19355,0.0
sim19356,0.0
sim19357,0.0
sim19358,88.88888888888889
sim19359,0.0
sim19360,0.0
sim19361,0.0
sim19362,77.77777777777779
sim19363,0.0
sim19364,100.0
sim19365,0.0
sim19366,0.0
sim19367,0.0
sim19368,77.77777777777779
sim19369,0.0
sim19370,0.0
sim19371,0.0
sim19372,22.22222222222222
sim19373,0.0
sim19374,0.0
sim19375,0.0
sim19376,0.0
sim19377,0.0
sim19378,77.77777777777779
sim19379,0.0
sim19380,33.33333333333333
sim19381,0.0
sim19382,0.0
sim19383,0.0
sim19384,0.0
sim19385,0.0
sim19386,33.33333333333333
sim19387,0.0
sim19388,55.55555555555556
sim19389,0.0
sim19390,66.66666666666666
sim19391,0.0
sim19392,0.0
sim19393,33.33333333333333
sim19394,0.0
sim19395,33.33333333333333
sim19396,0.0
sim19397,55.55555555555556
sim19398,0.0
sim19399,0.0
sim19400,0.0
sim19401,44.44444444444444
sim19402,0.0
sim19403,44.44444444444444
sim19404,0.0
sim19405,88.88888888888889
sim19406,0.0
sim19407,0.0
sim19408,0.0
sim19409,0.0
sim19410,0.0
sim19411,66.66666666666666
sim19412,0.0
sim19413,33.33333333333333
sim19414,33.33333333333333
sim19415,11.11111111111111
sim19416,0.0
sim19417,0.0
sim19418,0.0
sim19419,88.88888888888889
sim19420,0.0
sim19421,44.44444444444444
sim19422,0.0
sim19423,66.66666666666666
sim19424,0.0
sim19425,88.88888888888889
sim19426,0.0
sim19427,22.22222222222222
sim19428,0.0
sim19429,0.0
sim19430,0.0
sim19431,55.55555555555556
sim19432,0.0
sim19433,0.0
sim19434,0.0
sim19435,0.0
sim19436,0.0
sim19437,66.66666666666666
sim19438,0.0
sim19439,22.22222222222222
sim19440,0.0
sim19441,33.33333333333333
sim19442,0.0
sim19443,0.0
sim19444,0.0
sim19445,0.0
sim19446,0.0
sim19447,100.0
sim19448,0.0
sim19449,0.0
sim19450,0.0
sim19451,66.66666666666666
sim19452,0.0
sim19453,0.0
sim19454,0.0
sim19455,11.11111111111111
sim19456,33.33333333333333
sim19457,0.0
sim19458,0.0
sim19459,0.0
sim19460,11.11111111111111
sim19461,0.0
sim19462,0.0
sim19463,77.77777777777779
sim19464,0.0
sim19465,0.0
sim19466,0.0
sim19467,66.66666666666666
sim19468,0.0
sim19469,0.0
sim19470,0.0
sim19471,77.77777777777779
sim19472,0.0
sim19473,77.77777777777779
sim19474,33.33333333333333
sim19475,0.0
sim19476,0.0
sim19477,0.0
sim19478,0.0
sim19479,0.0
sim19480,0.0
sim19481,100.0
sim19482,0.0
sim19483,0.0
sim19484,0.0
sim19485,66.66666666666666
sim19486,0.0
sim19487,44.44444444444444
sim19488,0.0
sim19489,0.0
sim19490,0.0
sim19491,100.0
sim19492,0.0
sim19493,77.77777777777779
sim19494,0.0
sim19495,66.66666666666666
sim19496,0.0
sim19497,22.22222222222222
sim19498,0.0
sim19499,44.44444444444444
sim19500,0.0
sim19501,0.0
sim19502,0.0
sim19503,66.66666666666666
sim19504,0.0
sim19505,55.55555555555556
sim19506,0.0
sim19507,44.44444444444444
sim19508,0.0
sim19509,100.0
sim19510,0.0
sim19511,0.0
sim19512,0.0
sim19513,0.0
sim19514,0.0
sim19515,0.0
sim19516,0.0
sim19517,55.55555555555556
sim19518,0.0
sim19519,0.0
sim19520,0.0
sim19521,0.0
sim19522,66.66666666666666
sim19523,0.0
sim19524,0.0
sim19525,0.0
sim19526,22.22222222222222
sim19527,0.0
sim19528,0.0
sim19529,0.0
sim19530,77.77777777777779
sim19531,0.0
sim19532,33.33333333333333
sim19533,0.0
sim19534,11.11111111111111
sim19535,0.0
sim19536,55.55555555555556
sim19537,0.0
sim19538,22.22222222222222
sim19539,0.0
sim19540,88.88888888888889
sim19541,0.0
sim19542,0.0
sim19543,55.55555555555556
sim19544,66.66666666666666
sim19545,0.0
sim19546,0.0
sim19547,0.0
sim19548,77.77777777777779
sim19549,0.0
sim19550,0.0
sim19551,0.0
sim19552,44.44444444444444
sim19553,0.0
sim19554,0.0
sim19555,0.0
sim19556,0.0
sim19557,0.0
sim19558,77.77777777777779
sim19559,0.0
sim19560,0.0
sim19561,0.0
sim19562,0.0
sim19563,0.0
sim19564,11.11111111111111
sim19565,22.22222222222222
sim19566,88.88888888888889
sim19567,0.0
sim19568,100.0
sim19569,0.0
sim19570,0.0
sim19571,0.0
sim19572,33.33333333333333
sim19573,0.0
sim19574,44.44444444444444
sim19575,0.0
sim19576,55.55555555555556
sim19577,0.0
sim19578,33.33333333333333
sim19579,0.0
sim19580,22.22222222222222
sim19581,0.0
sim19582,0.0
sim19583,0.0
sim19584,77.77777777777779
sim19585,0.0
sim19586,0.0
sim19587,0.0
sim19588,55.55555555555556
sim19589,55.55555555555556
sim19590,44.44444444444444
sim19591,0.0
sim19592,77.77777777777779
sim19593,0.0
sim19594,0.0
sim19595,0.0
sim19596,22.22222222222222
sim19597,0.0
sim19598,0.0
sim19599,0.0
sim19600,22.22222222222222
sim19601,0.0
sim19602,44.44444444444444
sim19603,22.22222222222222
sim19604,0.0
sim19605,0.0
sim19606,22.22222222222222
sim19607,0.0
sim19608,11.11111111111111
sim19609,0.0
sim19610,0.0
sim19611,0.0
sim19612,0.0
sim19613,0.0
sim19614,88.88888888888889
sim19615,0.0
sim19616,0.0
sim19617,0.0
sim19618,77.77777777777779
sim19619,0.0
sim19620,100.0
sim19621,0.0
sim19622,0.0
sim19623,0.0
sim19624,77.77777777777779
sim19625,0.0
sim19626,0.0
sim19627,0.0
sim19628,22.22222222222222
sim19629,0.0
sim19630,0.0
sim19631,0.0
sim19632,0.0
sim19633,0.0
sim19634,77.77777777777779
sim19635,0.0
sim19636,33.33333333333333
sim19637,0.0
sim19638,0.0
sim19639,0.0
sim19640,0.0
sim19641,0.0
sim19642,33.33333333333333
sim19643,0.0
sim19644,55.55555555555556
sim19645,0.0
sim19646,66.66666666666666
sim19647,0.0
sim19648,0.0
sim19649,33.33333333333333
sim19650,0.0
sim19651,33.33333333333333
sim19652,0.0
sim19653,55.55555555555556
sim19654,0.0
sim19655,0.0
sim19656,0.0
sim19657,44.44444444444444
sim19658,0.0
sim19659,44.44444444444444
sim19660,0.0
sim19661,88.88888888888889
sim19662,0.0
sim19663,0.0
sim19664,0.0
sim19665,0.0
sim19666,0.0
sim19667,66.66666666666666
sim19668,0.0
sim19669,33.33333333333333
sim19670,33.33333333333333
sim19671,11.11111111111111
sim19672,0.0
sim19673,0.0
sim19674,0.0
sim19675,88.88888888888889
sim19676,0.0
sim19677,44.44444444444444
sim19678,0.0
sim19679,66.66666666666666
sim19680,0.0
sim19681,88.88888888888889
sim19682,0.0
sim19683,22.22222222222222
sim19684,0.0
sim19685,0.0
sim19686,0.0
sim19687,55.55555555555556
sim19688,0.0
sim19689,0.0
sim19690,0.0
sim19691,0.0
sim19692,0.0
sim19693,66.66666666666666
sim19694,0.0
sim19695,22.22222222222222
sim19696,0.0
sim19697,33.33333333333333
sim19698,0.0
sim19699,0.0
sim19700,0.0
sim19701,0.0
sim19702,0.0
sim19703,100.0
sim19704,0.0
sim19705,0.0
sim19706,0.0
sim19707,77.77777777777779
sim19708,0.0
sim19709,0.0
sim19710,0.0
sim19711,11.11111111111111
sim19712,33.33333333333333
sim19713,0.0
sim19714,0.0
sim19715,0.0
sim19716,11.11111111111111
sim19717,0.0
sim19718,0.0
sim19719,77.77777777777779
sim19720,0.0
sim19721,0.0
sim19722,0.0
sim19723,66.66666666666666
sim19724,0.0
sim19725,0.0
sim19726,0.0
sim19727,77.77777777777779
sim19728,0.0
sim19729,77.77777777777779
sim19730,33.33333333333333
sim19731,0.0
sim19732,0.0
sim19733,0.0
sim19734,0.0
sim19735,0.0
sim19736,0.0
sim19737,100.0
sim19738,0.0
sim19739,0.0
sim19740,0.0
sim19741,66.66666666666666
sim19742,0.0
sim19743,44.44444444444444
sim19744,0.0
sim19745,0.0
sim19746,0.0
sim19747,100.0
sim19748,0.0
sim19749,77.77777777777779
sim19750,0.0
sim19751,66.66666666666666
sim19752,0.0
sim19753,22.22222222222222
sim19754,0.0
sim19755,44.44444444444444
sim19756,0.0
sim19757,0.0
sim19758,0.0
sim19759,66.66666666666666
sim19760,0.0
sim19761,55.55555555555556
sim19762,0.0
sim19763,44.44444444444444
sim19764,0.0
sim19765,100.0
sim19766,0.0
sim19767,0.0
sim19768,0.0
sim19769,0.0
sim19770,0.0
sim19771,0.0
sim19772,0.0
sim19773,55.55555555555556
sim19774,0.0
sim19775,0.0
sim19776,0.0
sim19777,0.0
sim19778,66.66666666666666
sim19779,0.0
sim19780,0.0
sim19781,0.0
sim19782,22.22222222222222
sim19783,0.0
sim19784,0.0
sim19785,0.0
sim19786,77.77777777777779
sim19787,0.0
sim19788,33.33333333333333
sim19789,0.0
sim19790,11.11111111111111
sim19791,0.0
sim19792,55.55555555555556
sim19793,0.0
sim19794,22.22222222222222
sim19795,0.0
sim19796,88.88888888888889
sim19797,0.0
sim19798,0.0
sim19799,55.55555555555556
sim19800,66.66666666666666
sim19801,0.0
sim19802,0.0
sim19803,0.0
sim19804,77.77777777777779
sim19805,0.0
sim19806,0.0
sim19807,0.0
sim19808,44.44444444444444
sim19809,0.0
sim19810,0.0
sim19811,0.0
sim19812,0.0
sim19813,0.0
sim19814,77.77777777777779
sim19815,0.0
sim19816,0.0
sim19817,0.0
sim19818,0.0
sim19819,0.0
sim19820,11.11111111111111
sim19821,22.22222222222222
sim19822,88.88888888888889
sim19823,0.0
sim19824,100.0
sim19825,0.0
sim19826,0.0
sim19827,0.0
sim19828,33.33333333333333
sim19829,0.0
sim19830,44.44444444444444
sim19831,0.0
sim19832,55.55555555555556
sim19833,0.0
sim19834,33.33333333333333
sim19835,0.0
sim19836,22.22222222222222
sim19837,0.0
sim19838,0.0
sim19839,0.0
sim19840,77.77777777777779
sim19841,0.0
sim19842,0.0
sim19843,0.0
sim19844,55.55555555555556
sim19845,66.66666666666666
sim19846,44.44444444444444
sim19847,0.0
sim19848,77.77777777777779
sim19849,0.0
sim19850,0.0
sim19851,0.0
sim19852,22.22222222222222
sim19853,0.0
sim19854,0.0
sim19855,0.0
sim19856,22.22222222222222
sim19857,0.0
sim19858,44.44444444444444
sim19859,22.22222222222222
sim19860,0.0
sim19861,0.0
sim19862,22.22222222222222
sim19863,0.0
sim19864,11.11111111111111
sim19865,0.0
sim19866,0.0
sim19867,0.0
sim19868,0.0
sim19869,0.0
sim19870,88.88888888888889
sim19871,0.0
sim19872,0.0
sim19873,0.0
sim19874,77.77777777777779
sim19875,0.0
sim19876,100.0
sim19877,0.0
sim19878,0.0
sim19879,0.0
sim19880,77.77777777777779
sim19881,0.0
sim19882,0.0
sim19883,0.0
sim19884,22.22222222222222
sim19885,0.0
sim19886,0.0
sim19887,0.0
sim19888,0.0
sim19889,0.0
sim19890,77.77777777777779
sim19891,0.0
sim19892,33.33333333333333
sim19893,0.0
sim19894,0.0
sim19895,0.0
sim19896,0.0
sim19897,0.0
sim19898,33.33333333333333
sim19899,0.0
sim19900,55.55555555555556
sim19901,0.0
sim19902,66.66666666666666
sim19903,0.0
sim19904,0.0
sim19905,33.33333333333333
sim19906,0.0
sim19907,33.33333333333333
sim19908,0.0
sim19909,55.55555555555556
sim19910,0.0
sim19911,0.0
sim19912,0.0
sim19913,44.44444444444444
sim19914,0.0
sim19915,44.44444444444444
sim19916,0.0
sim19917,88.88888888888889
sim19918,0.0
sim19919,0.0
sim19920,0.0
sim19921,0.0
sim19922,0.0
sim19923,66.66666666666666
sim19924,0.0
sim19925,33.33333333333333
sim19926,33.33333333333333
sim19927,11.11111111111111
sim19928,0.0
sim19929,0.0
sim19930,0.0
sim19931,88.88888888888889
sim19932,0.0
sim19933,44.44444444444444
sim19934,0.0
sim19935,66.66666666666666
sim19936,0.0
sim19937,88.88888888888889
sim19938,0.0
sim19939,22.22222222222222
sim19940,0.0
sim19941,0.0
sim19942,0.0
sim19943,55.55555555555556
sim19944,0.0
sim19945,0.0
sim19946,0.0
sim19947,0.0
sim19948,0.0
sim19949,66.66666666666666
sim19950,0.0
sim19951,22.22222222222222
sim19952,0.0
sim19953,33.33333333333333
sim19954,0.0
sim19955,0.0
sim19956,0.0
sim19957,0.0
sim19958,0.0
sim19959,100.0
sim19960,0.0
sim19961,0.0
sim19962,0.0
sim19963,66.66666666666666
sim19964,0.0
sim19965,0.0
sim19966,0.0
sim19967,11.11111111111111
sim19968,33.33333333333333
sim19969,0.0
sim19970,0.0
sim19971,0.0
sim19972,11.11111111111111
sim19973,0.0
sim19974,0.0
sim19975,77.77777777777779
sim19976,0.0
sim19977,0.0
sim19978,0.0
sim19979,66.66666666666666
sim19980,0.0
sim19981,0.0
sim19982,0.0
sim19983,77.77777777777779
sim19984,0.0
sim19985,77.77777777777779
sim19986,33.33333333333333
sim19987,0.0
sim19988,0.0
sim19989,0.0
sim19990,0.0
sim19991,0.0
sim19992,0.0
sim19993,100.0
sim19994,0.0
sim19995,0.0
sim19996,0.0
sim19997,66.66666666666666
sim19998,0.0
sim19999,44.44444444444444
sim20000,0.0
sim20001,0.0
sim20002,0.0
sim20003,100.0
sim20004,0.0
sim20005,77.77777777777779
sim20006,0.0
sim20007,66.66666666666666
sim20008,0.0
sim20009,22.22222222222222
sim20010,0.0
sim20011,44.44444444444444
sim20012,0.0
sim20013,0.0
sim20014,0.0
sim20015,66.66666666666666
sim20016,0.0
sim20017,55.55555555555556
sim20018,0.0
sim20019,44.44444444444444
sim20020,0.0
sim20021,100.0
sim20022,0.0
sim20023,0.0
sim20024,0.0
sim20025,0.0
sim20026,0.0
sim20027,0.0
sim20028,0.0
sim20029,55.55555555555556
sim20030,0.0
sim20031,0.0
sim20032,0.0
sim20033,0.0
sim20034,66.66666666666666
sim20035,0.0
sim20036,0.0
sim20037,0.0
sim20038,22.22222222222222
sim20039,0.0
sim20040,0.0
sim20041,0.0
sim20042,77.77777777777779
sim20043,0.0
sim20044,33.33333333333333
sim20045,0.0
sim20046,11.11111111111111
sim20047,0.0
sim20048,55.55555555555556
sim20049,0.0
sim20050,22.22222222222222
sim20051,0.0
sim20052,88.88888888888889
sim20053,0.0
sim20054,0.0
sim20055,55.55555555555556
sim20056,66.66666666666666
sim20057,0.0
sim20058,0.0
sim20059,0.0
sim20060,77.77777777777779
sim20061,0.0
sim20062,0.0
sim20063,0.0
sim20064,44.44444444444444
sim20065,0.0
sim20066,0.0
sim20067,0.0
sim20068,0.0
sim20069,0.0
sim20070,77.77777777777779
sim20071,0.0
sim20072,0.0
sim20073,0.0
sim20074,0.0
sim20075,0.0
sim20076,11.11111111111111
sim20077,22.22222222222222
sim20078,88.88888888888889
sim20079,0.0
sim20080,100.0
sim20081,0.0
sim20082,0.0
sim20083,0.0
sim20084,33.33333333333333
sim20085,0.0
sim20086,44.44444444444444
sim20087,0.0
sim20088,55.55555555555556
sim20089,0.0
sim20090,33.33333333333333
sim20091,0.0
sim20092,11.11111111111111
sim20093,0.0
sim20094,0.0
sim20095,0.0
sim20096,77.77777777777779
sim20097,0.0
sim20098,0.0
sim20099,0.0
sim20100,55.55555555555556
sim20101,55.55555555555556
sim20102,44.44444444444444
sim20103,0.0
sim20104,77.77777777777779
sim20105,0.0
sim20106,0.0
sim20107,0.0
sim20108,11.11111111111111
sim20109,0.0
sim20110,0.0
sim20111,0.0
sim20112,22.22222222222222
sim20113,0.0
sim20114,44.44444444444444
sim20115,22.22222222222222
sim20116,0.0
sim20117,0.0
sim20118,22.22222222222222
sim20119,0.0
sim20120,11.11111111111111
sim20121,0.0
sim20122,0.0
sim20123,0.0
sim20124,0.0
sim20125,0.0
sim20126,88.88888888888889
sim20127,0.0
sim20128,0.0
sim20129,0.0
sim20130,77.77777777777779
sim20131,0.0
sim20132,100.0
sim20133,0.0
sim20134,0.0
sim20135,0.0
sim20136,77.77777777777779
sim20137,0.0
sim20138,0.0
sim20139,0.0
sim20140,22.22222222222222
sim20141,0.0
sim20142,0.0
sim20143,0.0
sim20144,0.0
sim20145,0.0
sim20146,77.77777777777779
sim20147,0.0
sim20148,33.33333333333333
sim20149,0.0
sim20150,0.0
sim20151,0.0
sim20152,0.0
sim20153,0.0
sim20154,33.33333333333333
sim20155,0.0
sim20156,55.55555555555556
sim20157,0.0
sim20158,66.66666666666666
sim20159,0.0
sim20160,0.0
sim20161,33.33333333333333
sim20162,0.0
sim20163,33.33333333333333
sim20164,0.0
sim20165,55.55555555555556
sim20166,0.0
sim20167,0.0
sim20168,0.0
sim20169,44.44444444444444
sim20170,0.0
sim20171,44.44444444444444
sim20172,0.0
sim20173,88.88888888888889
sim20174,0.0
sim20175,0.0
sim20176,0.0
sim20177,0.0
sim20178,0.0
sim20179,66.66666666666666
sim20180,0.0
sim20181,44.44444444444444
sim20182,33.33333333333333
sim20183,11.11111111111111
sim20184,0.0
sim20185,0.0
sim20186,0.0
sim20187,88.88888888888889
sim20188,0.0
sim20189,44.44444444444444
sim20190,0.0
sim20191,66.66666666666666
sim20192,0.0
sim20193,88.88888888888889
sim20194,0.0
sim20195,22.22222222222222
sim20196,0.0
sim20197,0.0
sim20198,0.0
sim20199,55.55555555555556
sim20200,0.0
sim20201,0.0
sim20202,0.0
sim20203,0.0
sim20204,0.0
sim20205,66.66666666666666
sim20206,0.0
sim20207,22.22222222222222
sim20208,0.0
sim20209,33.33333333333333
sim20210,0.0
sim20211,0.0
sim20212,0.0
sim20213,0.0
sim20214,0.0
sim20215,100.0
sim20216,0.0
sim20217,0.0
sim20218,0.0
sim20219,66.66666666666666
sim20220,0.0
sim20221,0.0
sim20222,0.0
sim20223,11.11111111111111
sim20224,33.33333333333333
sim20225,0.0
sim20226,0.0
sim20227,0.0
sim20228,11.11111111111111
sim20229,0.0
sim20230,0.0
sim20231,77.77777777777779
sim20232,0.0
sim20233,0.0
sim20234,0.0
sim20235,66.66666666666666
sim20236,0.0
sim20237,0.0
sim20238,0.0
sim20239,77.77777777777779
sim20240,0.0
sim20241,77.77777777777779
sim20242,33.33333333333333
sim20243,0.0
sim20244,0.0
sim20245,0.0
sim20246,0.0
sim20247,0.0
sim20248,0.0
sim20249,100.0
sim20250,0.0
sim20251,0.0
sim20252,0.0
sim20253,66.66666666666666
sim20254,0.0
sim20255,44.44444444444444
sim20256,0.0
sim20257,0.0
sim20258,0.0
sim20259,100.0
sim20260,0.0
sim20261,77.77777777777779
sim20262,0.0
sim20263,66.66666666666666
sim20264,0.0
sim20265,22.22222222222222
sim20266,0.0
sim20267,44.44444444444444
sim20268,0.0
sim20269,0.0
sim20270,0.0
sim20271,66.66666666666666
sim20272,0.0
sim20273,55.55555555555556
sim20274,0.0
sim20275,44.44444444444444
sim20276,0.0
sim20277,100.0
sim20278,0.0
sim20279,0.0
sim20280,0.0
sim20281,0.0
sim20282,0.0
sim20283,0.0
sim20284,0.0
sim20285,55.55555555555556
sim20286,0.0
sim20287,0.0
sim20288,0.0
sim20289,0.0
sim20290,66.66666666666666
sim20291,0.0
sim20292,0.0
sim20293,0.0
sim20294,22.22222222222222
sim20295,0.0
sim20296,0.0
sim20297,0.0
sim20298,77.77777777777779
sim20299,0.0
sim20300,33.33333333333333
sim20301,0.0
sim20302,11.11111111111111
sim20303,0.0
sim20304,55.55555555555556
sim20305,0.0
sim20306,33.33333333333333
sim20307,0.0
sim20308,88.88888888888889
sim20309,0.0
sim20310,0.0
sim20311,55.55555555555556
sim20312,66.66666666666666
sim20313,0.0
sim20314,0.0
sim20315,0.0
sim20316,77.77777777777779
sim20317,0.0
sim20318,0.0
sim20319,0.0
sim20320,44.44444444444444
sim20321,0.0
sim20322,0.0
sim20323,0.0
sim20324,0.0
sim20325,0.0
sim20326,77.77777777777779
sim20327,0.0
sim20328,0.0
sim20329,0.0
sim20330,0.0
sim20331,0.0
sim20332,11.11111111111111
sim20333,22.22222222222222
sim20334,88.88888888888889
sim20335,0.0
sim20336,100.0
sim20337,0.0
sim20338,0.0
sim20339,0.0
sim20340,33.33333333333333
sim20341,0.0
sim20342,44.44444444444444
sim20343,0.0
sim20344,55.55555555555556
sim20345,0.0
sim20346,33.33333333333333
sim20347,0.0
sim20348,11.11111111111111
sim20349,0.0
sim20350,0.0
sim20351,0.0
sim20352,77.77777777777779
sim20353,0.0
sim20354,0.0
sim20355,0.0
sim20356,55.55555555555556
sim20357,55.55555555555556
sim20358,44.44444444444444
sim20359,0.0
sim20360,77.77777777777779
sim20361,0.0
sim20362,0.0
sim20363,0.0
sim20364,11.11111111111111
sim20365,0.0
sim20366,0.0
sim20367,0.0
sim20368,22.22222222222222
sim20369,0.0
sim20370,44.44444444444444
sim20371,22.22222222222222
sim20372,0.0
sim20373,0.0
sim20374,22.22222222222222
sim20375,0.0
sim20376,11.11111111111111
sim20377,0.0
sim20378,0.0
sim20379,0.0
sim20380,0.0
sim20381,0.0
sim20382,88.88888888888889
sim20383,0.0
sim20384,0.0
sim20385,0.0
sim20386,77.77777777777779
sim20387,0.0
sim20388,100.0
sim20389,0.0
sim20390,0.0
sim20391,0.0
sim20392,77.77777777777779
sim20393,0.0
sim20394,0.0
sim20395,0.0
sim20396,22.22222222222222
sim20397,0.0
sim20398,0.0
sim20399,0.0
sim20400,0.0
sim20401,0.0
sim20402,77.77777777777779
sim20403,0.0
sim20404,33.33333333333333
sim20405,0.0
sim20406,0.0
sim20407,0.0
sim20408,0.0
sim20409,0.0
sim20410,33.33333333333333
sim20411,0.0
sim20412,55.55555555555556
sim20413,0.0
sim20414,66.66666666666666
sim20415,0.0
sim20416,0.0
sim20417,33.33333333333333
sim20418,0.0
sim20419,33.33333333333333
sim20420,0.0
sim20421,55.55555555555556
sim20422,0.0
sim20423,0.0
sim20424,0.0
sim20425,44.44444444444444
sim20426,0.0
sim20427,44.44444444444444
sim20428,0.0
sim20429,88.88888888888889
sim20430,0.0
sim20431,0.0
sim20432,0.0
sim20433,0.0
sim20434,0.0
sim20435,66.66666666666666
sim20436,0.0
sim20437,33.33333333333333
sim20438,33.33333333333333
sim20439,11.11111111111111
sim20440,0.0
sim20441,0.0
sim20442,0.0
sim20443,88.88888888888889
sim20444,0.0
sim20445,44.44444444444444
sim20446,0.0
sim20447,66.66666666666666
sim20448,0.0
sim20449,88.88888888888889
sim20450,0.0
sim20451,22.22222222222222
sim20452,0.0
sim20453,0.0
sim20454,0.0
sim20455,55.55555555555556
sim20456,0.0
sim20457,0.0
sim20458,0.0
sim20459,0.0
sim20460,0.0
sim20461,66.66666666666666
sim20462,0.0
sim20463,22.22222222222222
sim20464,0.0
sim20465,33.33333333333333
sim20466,0.0
sim20467,0.0
sim20468,0.0
sim20469,0.0
sim20470,0.0
sim20471,100.0
sim20472,0.0
sim20473,0.0
sim20474,0.0
sim20475,66.66666666666666
sim20476,0.0
sim20477,0.0
sim20478,0.0
sim20479,11.11111111111111
sim20480,33.33333333333333
sim20481,0.0
sim20482,0.0
sim20483,0.0
sim20484,11.11111111111111
sim20485,0.0
sim20486,0.0
sim20487,77.77777777777779
sim20488,0.0
sim20489,0.0
sim20490,0.0
sim20491,66.66666666666666
sim20492,0.0
sim20493,0.0
sim20494,0.0
sim20495,77.77777777777779
sim20496,0.0
sim20497,77.77777777777779
sim20498,33.33333333333333
sim20499,0.0
sim20500,0.0
sim20501,0.0
sim20502,0.0
sim20503,0.0
sim20504,0.0
sim20505,100.0
sim20506,0.0
sim20507,0.0
sim20508,0.0
sim20509,66.66666666666666
sim20510,0.0
sim20511,44.44444444444444
sim20512,0.0
sim20513,0.0
sim20514,0.0
sim20515,100.0
sim20516,0.0
sim20517,77.77777777777779
sim20518,0.0
sim20519,66.66666666666666
sim20520,0.0
sim20521,22.22222222222222
sim20522,0.0
sim20523,44.44444444444444
sim20524,0.0
sim20525,0.0
sim20526,0.0
sim20527,66.66666666666666
sim20528,0.0
sim20529,55.55555555555556
sim20530,0.0
sim20531,44.44444444444444
sim20532,0.0
sim20533,100.0
sim20534,0.0
sim20535,0.0
sim20536,0.0
sim20537,0.0
sim20538,0.0
sim20539,0.0
sim20540,0.0
sim20541,55.55555555555556
sim20542,0.0
sim20543,0.0
sim20544,0.0
sim20545,0.0
sim20546,66.66666666666666
sim20547,0.0
sim20548,0.0
sim20549,0.0
sim20550,22.22222222222222
sim20551,0.0
sim20552,0.0
sim20553,0.0
sim20554,77.77777777777779
sim20555,0.0
sim20556,33.33333333333333
sim20557,0.0
sim20558,11.11111111111111
sim20559,0.0
sim20560,55.55555555555556
sim20561,0.0
sim20562,22.22222222222222
sim20563,0.0
sim20564,88.88888888888889
sim20565,0.0
sim20566,0.0
sim20567,55.55555555555556
sim20568,66.66666666666666
sim20569,0.0
sim20570,0.0
sim20571,0.0
sim20572,77.77777777777779
sim20573,0.0
sim20574,0.0
sim20575,0.0
sim20576,44.44444444444444
sim20577,0.0
sim20578,0.0
sim20579,0.0
sim20580,0.0
sim20581,0.0
sim20582,77.77777777777779
sim20583,0.0
sim20584,0.0
sim20585,0.0
sim20586,0.0
sim20587,0.0
sim20588,11.11111111111111
sim20589,22.22222222222222
sim20590,88.88888888888889
sim20591,0.0
sim20592,100.0
sim20593,0.0
sim20594,0.0
sim20595,0.0
sim20596,33.33333333333333
sim20597,0.0
sim20598,44.44444444444444
sim20599,0.0
sim20600,55.55555555555556
sim20601,0.0
sim20602,33.33333333333333
sim20603,0.0
sim20604,11.11111111111111
sim20605,0.0
sim20606,0.0
sim20607,0.0
sim20608,77.77777777777779
sim20609,0.0
sim20610,0.0
sim20611,0.0
sim20612,55.55555555555556
sim20613,55.55555555555556
sim20614,44.44444444444444
sim20615,0.0
sim20616,77.77777777777779
sim20617,0.0
sim20618,0.0
sim20619,0.0
sim20620,22.22222222222222
sim20621,0.0
sim20622,0.0
sim20623,0.0
sim20624,22.22222222222222
sim20625,0.0
sim20626,44.44444444444444
sim20627,22.22222222222222
sim20628,0.0
sim20629,0.0
sim20630,22.22222222222222
sim20631,0.0
sim20632,11.11111111111111
sim20633,0.0
sim20634,0.0
sim20635,0.0
sim20636,0.0
sim20637,0.0
sim20638,88.88888888888889
sim20639,0.0
sim20640,0.0
sim20641,0.0
sim20642,77.77777777777779
sim20643,0.0
sim20644,100.0
sim20645,0.0
sim20646,0.0
sim20647,0.0
sim20648,77.77777777777779
sim20649,0.0
sim20650,0.0
sim20651,0.0
sim20652,22.22222222222222
sim20653,0.0
sim20654,0.0
sim20655,0.0
sim20656,0.0
sim20657,0.0
sim20658,77.77777777777779
sim20659,0.0
sim20660,33.33333333333333
sim20661,0.0
sim20662,0.0
sim20663,0.0
sim20664,0.0
sim20665,0.0
sim20666,33.33333333333333
sim20667,0.0
sim20668,55.55555555555556
sim20669,0.0
sim20670,66.66666666666666
sim20671,0.0
sim20672,0.0
sim20673,33.33333333333333
sim20674,0.0
sim20675,33.33333333333333
sim20676,0.0
sim20677,55.55555555555556
sim20678,0.0
sim20679,0.0
sim20680,0.0
sim20681,44.44444444444444
sim20682,0.0
sim20683,44.44444444444444
sim20684,0.0
sim20685,88.88888888888889
sim20686,0.0
sim20687,0.0
sim20688,0.0
sim20689,0.0
sim20690,0.0
sim20691,66.66666666666666
sim20692,0.0
sim20693,33.33333333333333
sim20694,33.33333333333333
sim20695,11.11111111111111
sim20696,0.0
sim20697,0.0
sim20698,0.0
sim20699,88.88888888888889
sim20700,0.0
sim20701,44.44444444444444
sim20702,0.0
sim20703,66.66666666666666
sim20704,0.0
sim20705,88.88888888888889
sim20706,0.0
sim20707,22.22222222222222
sim20708,0.0
sim20709,0.0
sim20710,0.0
sim20711,55.55555555555556
sim20712,0.0
sim20713,0.0
sim20714,0.0
sim20715,0.0
sim20716,0.0
sim20717,66.66666666666666
sim20718,0.0
sim20719,22.22222222222222
sim20720,0.0
sim20721,33.33333333333333
sim20722,0.0
sim20723,0.0
sim20724,0.0
sim20725,0.0
sim20726,0.0
sim20727,100.0
sim20728,0.0
sim20729,0.0
sim20730,0.0
sim20731,66.66666666666666
sim20732,0.0
sim20733,0.0
sim20734,0.0
sim20735,11.11111111111111
sim20736,33.33333333333333
sim20737,0.0
sim20738,0.0
sim20739,0.0
sim20740,11.11111111111111
sim20741,0.0
sim20742,0.0
sim20743,77.77777777777779
sim20744,0.0
sim20745,0.0
sim20746,0.0
sim20747,66.66666666666666
sim20748,0.0
sim20749,0.0
sim20750,0.0
sim20751,77.77777777777779
sim20752,0.0
sim20753,77.77777777777779
sim20754,33.33333333333333
sim20755,0.0
sim20756,0.0
sim20757,0.0
sim20758,0.0
sim20759,0.0
sim20760,0.0
sim20761,100.0
sim20762,0.0
sim20763,0.0
sim20764,0.0
sim20765,66.66666666666666
sim20766,0.0
sim20767,44.44444444444444
sim20768,0.0
sim20769,0.0
sim20770,0.0
sim20771,100.0
sim20772,0.0
sim20773,77.77777777777779
sim20774,0.0
sim20775,66.66666666666666
sim20776,0.0
sim20777,22.22222222222222
sim20778,0.0
sim20779,44.44444444444444
sim20780,0.0
sim20781,0.0
sim20782,0.0
sim20783,66.66666666666666
sim20784,0.0
sim20785,55.55555555555556
sim20786,0.0
sim20787,44.44444444444444
sim20788,0.0
sim20789,100.0
sim20790,0.0
sim20791,0.0
sim20792,0.0
sim20793,0.0
sim20794,0.0
sim20795,0.0
sim20796,0.0
sim20797,55.55555555555556
sim20798,0.0
sim20799,0.0
sim20800,0.0
sim20801,0.0
sim20802,66.66666666666666
sim20803,0.0
sim20804,0.0
sim20805,0.0
sim20806,22.22222222222222
sim20807,0.0
sim20808,0.0
sim20809,0.0
sim20810,77.77777777777779
sim20811,0.0
sim20812,33.33333333333333
sim20813,0.0
sim20814,11.11111111111111
sim20815,0.0
sim20816,55.55555555555556
sim20817,0.0
sim20818,22.22222222222222
sim20819,0.0
sim20820,88.88888888888889
sim20821,0.0
sim20822,0.0
sim20823,55.55555555555556
sim20824,66.66666666666666
sim20825,0.0
sim20826,0.0
sim20827,0.0
sim20828,77.77777777777779
sim20829,0.0
sim20830,0.0
sim20831,0.0
sim20832,44.44444444444444
sim20833,0.0
sim20834,0.0
sim20835,0.0
sim20836,0.0
sim20837,0.0
sim20838,77.77777777777779
sim20839,0.0
sim20840,0.0
sim20841,0.0
sim20842,0.0
sim20843,0.0
sim20844,11.11111111111111
sim20845,22.22222222222222
sim20846,88.88888888888889
sim20847,0.0
sim20848,100.0
sim20849,0.0
sim20850,0.0
sim20851,0.0
sim20852,33.33333333333333
sim20853,0.0
sim20854,44.44444444444444
sim20855,0.0
sim20856,55.55555555555556
sim20857,0.0
sim20858,33.33333333333333
sim20859,0.0
sim20860,11.11111111111111
sim20861,0.0
sim20862,0.0
sim20863,0.0
sim20864,77.77777777777779
sim20865,0.0
sim20866,0.0
sim20867,0.0
sim20868,55.55555555555556
sim20869,55.55555555555556
sim20870,44.44444444444444
sim20871,0.0
sim20872,77.77777777777779
sim20873,0.0
sim20874,0.0
sim20875,0.0
sim20876,11.11111111111111
sim20877,0.0
sim20878,0.0
sim20879,0.0
sim20880,22.22222222222222
sim20881,0.0
sim20882,44.44444444444444
sim20883,22.22222222222222
sim20884,0.0
sim20885,0.0
sim20886,22.22222222222222
sim20887,0.0
sim20888,11.11111111111111
sim20889,0.0
sim20890,0.0
sim20891,0.0
sim20892,0.0
sim20893,0.0
sim20894,88.88888888888889
sim20895,0.0
sim20896,0.0
sim20897,0.0
sim20898,77.77777777777779
sim20899,0.0
sim20900,100.0
sim20901,0.0
sim20902,0.0
sim20903,0.0
sim20904,77.77777777777779
sim20905,0.0
sim20906,0.0
sim20907,0.0
sim20908,22.22222222222222
sim20909,0.0
sim20910,0.0
sim20911,0.0
sim20912,0.0
sim20913,0.0
sim20914,77.77777777777779
sim20915,0.0
sim20916,33.33333333333333
sim20917,0.0
sim20918,0.0
sim20919,0.0
sim20920,0.0
sim20921,0.0
sim20922,33.33333333333333
sim20923,0.0
sim20924,55.55555555555556
sim20925,0.0
sim20926,66.66666666666666
sim20927,0.0
sim20928,0.0
sim20929,33.33333333333333
sim20930,0.0
sim20931,33.33333333333333
sim20932,0.0
sim20933,55.55555555555556
sim20934,0.0
sim20935,0.0
sim20936,0.0
sim20937,44.44444444444444
sim20938,0.0
sim20939,44.44444444444444
sim20940,0.0
sim20941,88.88888888888889
sim20942,0.0
sim20943,0.0
sim20944,0.0
sim20945,0.0
sim20946,0.0
sim20947,66.66666666666666
sim20948,0.0
sim20949,33.33333333333333
sim20950,33.33333333333333
sim20951,11.11111111111111
sim20952,0.0
sim20953,0.0
sim20954,0.0
sim20955,88.88888888888889
sim20956,0.0
sim20957,44.44444444444444
sim20958,0.0
sim20959,66.66666666666666
sim20960,0.0
sim20961,88.88888888888889
sim20962,0.0
sim20963,22.22222222222222
sim20964,0.0
sim20965,0.0
sim20966,0.0
sim20967,55.55555555555556
sim20968,0.0
sim20969,0.0
sim20970,0.0
sim20971,0.0
sim20972,0.0
sim20973,66.66666666666666
sim20974,0.0
sim20975,22.22222222222222
sim20976,0.0
sim20977,33.33333333333333
sim20978,0.0
sim20979,0.0
sim20980,0.0
sim20981,0.0
sim20982,0.0
sim20983,100.0
sim20984,0.0
sim20985,0.0
sim20986,0.0
sim20987,66.66666666666666
sim20988,0.0
sim20989,0.0
sim20990,0.0
sim20991,11.11111111111111
sim20992,33.33333333333333
sim20993,0.0
sim20994,0.0
sim20995,0.0
sim20996,11.11111111111111
sim20997,0.0
sim20998,0.0
sim20999,77.77777777777779
sim21000,0.0
sim21001,0.0
sim21002,0.0
sim21003,66.66666666666666
sim21004,0.0
sim21005,0.0
sim21006,0.0
sim21007,77.77777777777779
sim21008,0.0
sim21009,77.77777777777779
sim21010,33.33333333333333
sim21011,0.0
sim21012,0.0
sim21013,0.0
sim21014,0.0
sim21015,0.0
sim21016,0.0
sim21017,100.0
sim21018,0.0
sim21019,0.0
sim21020,0.0
sim21021,66.66666666666666
sim21022,0.0
sim21023,44.44444444444444
sim21024,0.0
sim21025,0.0
sim21026,0.0
sim21027,100.0
sim21028,0.0
sim21029,77.77777777777779
sim21030,0.0
sim21031,66.66666666666666
sim21032,0.0
sim21033,22.22222222222222
sim21034,0.0
sim21035,44.44444444444444
sim21036,0.0
sim21037,0.0
sim21038,0.0
sim21039,66.66666666666666
sim21040,0.0
sim21041,55.55555555555556
sim21042,0.0
sim21043,44.44444444444444
sim21044,0.0
sim21045,100.0
sim21046,0.0
sim21047,0.0
sim21048,0.0
sim21049,0.0
sim21050,0.0
sim21051,0.0
sim21052,0.0
sim21053,55.55555555555556
sim21054,0.0
sim21055,0.0
sim21056,0.0
sim21057,0.0
sim21058,66.66666666666666
sim21059,0.0
sim21060,0.0
sim21061,0.0
sim21062,22.22222222222222
sim21063,0.0
sim21064,0.0
sim21065,0.0
sim21066,77.77777777777779
sim21067,0.0
sim21068,33.33333333333333
sim21069,0.0
sim21070,11.11111111111111
sim21071,0.0
sim21072,44.44444444444444
sim21073,0.0
sim21074,22.22222222222222
sim21075,0.0
sim21076,88.88888888888889
sim21077,0.0
sim21078,0.0
sim21079,55.55555555555556
sim21080,66.66666666666666
sim21081,0.0
sim21082,0.0
sim21083,0.0
sim21084,77.77777777777779
sim21085,0.0
sim21086,0.0
sim21087,0.0
sim21088,44.44444444444444
sim21089,0.0
sim21090,11.11111111111111
sim21091,0.0
sim21092,0.0
sim21093,0.0
sim21094,77.77777777777779
sim21095,0.0
sim21096,0.0
sim21097,0.0
sim21098,0.0
sim21099,0.0
sim21100,11.11111111111111
sim21101,22.22222222222222
sim21102,88.88888888888889
sim21103,0.0
sim21104,100.0
sim21105,0.0
sim21106,0.0
sim21107,0.0
sim21108,33.33333333333333
sim21109,0.0
sim21110,44.44444444444444
sim21111,0.0
sim21112,55.55555555555556
sim21113,0.0
sim21114,33.33333333333333
sim21115,0.0
sim21116,22.22222222222222
sim21117,0.0
sim21118,0.0
sim21119,0.0
sim21120,77.77777777777779
sim21121,0.0
sim21122,0.0
sim21123,0.0
sim21124,55.55555555555556
sim21125,55.55555555555556
sim21126,44.44444444444444
sim21127,0.0
sim21128,77.77777777777779
sim21129,0.0
sim21130,0.0
sim21131,0.0
sim21132,11.11111111111111
sim21133,0.0
sim21134,0.0
sim21135,0.0
sim21136,22.22222222222222
sim21137,0.0
sim21138,44.44444444444444
sim21139,22.22222222222222
sim21140,0.0
sim21141,0.0
sim21142,22.22222222222222
sim21143,0.0
sim21144,11.11111111111111
sim21145,0.0
sim21146,0.0
sim21147,0.0
sim21148,0.0
sim21149,0.0
sim21150,88.88888888888889
sim21151,0.0
sim21152,0.0
sim21153,0.0
sim21154,77.77777777777779
sim21155,0.0
sim21156,100.0
sim21157,0.0
sim21158,0.0
sim21159,0.0
sim21160,77.77777777777779
sim21161,0.0
sim21162,0.0
sim21163,0.0
sim21164,22.22222222222222
sim21165,0.0
sim21166,0.0
sim21167,0.0
sim21168,0.0
sim21169,0.0
sim21170,77.77777777777779
sim21171,0.0
sim21172,33.33333333333333
sim21173,0.0
sim21174,0.0
sim21175,0.0
sim21176,0.0
sim21177,0.0
sim21178,33.33333333333333
sim21179,0.0
sim21180,55.55555555555556
sim21181,0.0
sim21182,66.66666666666666
sim21183,0.0
sim21184,0.0
sim21185,33.33333333333333
sim21186,0.0
sim21187,33.33333333333333
sim21188,0.0
sim21189,55.55555555555556
sim21190,0.0
sim21191,0.0
sim21192,0.0
sim21193,44.44444444444444
sim21194,0.0
sim21195,44.44444444444444
sim21196,0.0
sim21197,88.88888888888889
sim21198,0.0
sim21199,0.0
sim21200,0.0
sim21201,0.0
sim21202,0.0
sim21203,66.66666666666666
sim21204,0.0
sim21205,44.44444444444444
sim21206,33.33333333333333
sim21207,11.11111111111111
sim21208,0.0
sim21209,0.0
sim21210,0.0
sim21211,88.88888888888889
sim21212,0.0
sim21213,44.44444444444444
sim21214,0.0
sim21215,66.66666666666666
sim21216,0.0
sim21217,88.88888888888889
sim21218,0.0
sim21219,22.22222222222222
sim21220,0.0
sim21221,0.0
sim21222,0.0
sim21223,55.55555555555556
sim21224,0.0
sim21225,0.0
sim21226,0.0
sim21227,0.0
sim21228,0.0
sim21229,66.66666666666666
sim21230,0.0
sim21231,22.22222222222222
sim21232,0.0
sim21233,33.33333333333333
sim21234,0.0
sim21235,0.0
sim21236,0.0
sim21237,0.0
sim21238,0.0
sim21239,100.0
sim21240,0.0
sim21241,0.0
sim21242,0.0
sim21243,66.66666666666666
sim21244,0.0
sim21245,0.0
sim21246,0.0
sim21247,11.11111111111111
sim21248,33.33333333333333
sim21249,0.0
sim21250,0.0
sim21251,0.0
sim21252,11.11111111111111
sim21253,0.0
sim21254,0.0
sim21255,77.77777777777779
sim21256,0.0
sim21257,0.0
sim21258,0.0
sim21259,66.66666666666666
sim21260,0.0
sim21261,0.0
sim21262,0.0
sim21263,77.77777777777779
sim21264,0.0
sim21265,77.77777777777779
sim21266,33.33333333333333
sim21267,0.0
sim21268,0.0
sim21269,0.0
sim21270,0.0
sim21271,0.0
sim21272,0.0
sim21273,100.0
sim21274,0.0
sim21275,0.0
sim21276,0.0
sim21277,66.66666666666666
sim21278,0.0
sim21279,44.44444444444444
sim21280,0.0
sim21281,0.0
sim21282,0.0
sim21283,100.0
sim21284,0.0
sim21285,77.77777777777779
sim21286,0.0
sim21287,66.66666666666666
sim21288,0.0
sim21289,22.22222222222222
sim21290,0.0
sim21291,44.44444444444444
sim21292,0.0
sim21293,0.0
sim21294,0.0
sim21295,66.66666666666666
sim21296,0.0
sim21297,55.55555555555556
sim21298,0.0
sim21299,44.44444444444444
sim21300,0.0
sim21301,100.0
sim21302,0.0
sim21303,0.0
sim21304,0.0
sim21305,0.0
sim21306,0.0
sim21307,0.0
sim21308,0.0
sim21309,55.55555555555556
sim21310,0.0
sim21311,0.0
sim21312,0.0
sim21313,0.0
sim21314,66.66666666666666
sim21315,0.0
sim21316,0.0
sim21317,0.0
sim21318,22.22222222222222
sim21319,0.0
sim21320,0.0
sim21321,0.0
sim21322,77.77777777777779
sim21323,0.0
sim21324,33.33333333333333
sim21325,0.0
sim21326,11.11111111111111
sim21327,0.0
sim21328,55.55555555555556
sim21329,0.0
sim21330,22.22222222222222
sim21331,0.0
sim21332,88.88888888888889
sim21333,0.0
sim21334,0.0
sim21335,55.55555555555556
sim21336,66.66666666666666
sim21337,0.0
sim21338,0.0
sim21339,0.0
sim21340,77.77777777777779
sim21341,0.0
sim21342,0.0
sim21343,0.0
sim21344,44.44444444444444
sim21345,0.0
sim21346,0.0
sim21347,0.0
sim21348,0.0
sim21349,0.0
sim21350,77.77777777777779
sim21351,0.0
sim21352,0.0
sim21353,0.0
sim21354,0.0
sim21355,0.0
sim21356,11.11111111111111
sim21357,22.22222222222222
sim21358,88.88888888888889
sim21359,0.0
sim21360,100.0
sim21361,0.0
sim21362,0.0
sim21363,0.0
sim21364,11.11111111111111
sim21365,0.0
sim21366,44.44444444444444
sim21367,0.0
sim21368,55.55555555555556
sim21369,0.0
sim21370,33.33333333333333
sim21371,0.0
sim21372,22.22222222222222
sim21373,0.0
sim21374,0.0
sim21375,0.0
sim21376,77.77777777777779
sim21377,0.0
sim21378,0.0
sim21379,0.0
sim21380,55.55555555555556
sim21381,55.55555555555556
sim21382,44.44444444444444
sim21383,0.0
sim21384,77.77777777777779
sim21385,0.0
sim21386,0.0
sim21387,0.0
sim21388,11.11111111111111
sim21389,0.0
sim21390,0.0
sim21391,0.0
sim21392,22.22222222222222
sim21393,0.0
sim21394,44.44444444444444
sim21395,22.22222222222222
sim21396,0.0
sim21397,0.0
sim21398,22.22222222222222
sim21399,0.0
sim21400,11.11111111111111
sim21401,0.0
sim21402,0.0
sim21403,0.0
sim21404,0.0
sim21405,0.0
sim21406,88.88888888888889
sim21407,0.0
sim21408,0.0
sim21409,0.0
sim21410,77.77777777777779
sim21411,0.0
sim21412,100.0
sim21413,0.0
sim21414,0.0
sim21415,0.0
sim21416,77.77777777777779
sim21417,0.0
sim21418,0.0
sim21419,0.0
sim21420,22.22222222222222
sim21421,0.0
sim21422,0.0
sim21423,0.0
sim21424,0.0
sim21425,0.0
sim21426,77.77777777777779
sim21427,0.0
sim21428,33.33333333333333
sim21429,0.0
sim21430,0.0
sim21431,0.0
sim21432,0.0
sim21433,0.0
sim21434,33.33333333333333
sim21435,0.0
sim21436,55.55555555555556
sim21437,0.0
sim21438,66.66666666666666
sim21439,0.0
sim21440,0.0
sim21441,33.33333333333333
sim21442,0.0
sim21443,33.33333333333333
sim21444,0.0
sim21445,55.55555555555556
sim21446,0.0
sim21447,0.0
sim21448,0.0
sim21449,44.44444444444444
sim21450,0.0
sim21451,44.44444444444444
sim21452,0.0
sim21453,88.88888888888889
sim21454,0.0
sim21455,0.0
sim21456,0.0
sim21457,0.0
sim21458,0.0
sim21459,66.66666666666666
sim21460,0.0
sim21461,33.33333333333333
sim21462,33.33333333333333
sim21463,11.11111111111111
sim21464,0.0
sim21465,0.0
sim21466,0.0
sim21467,88.88888888888889
sim21468,0.0
sim21469,44.44444444444444
sim21470,0.0
sim21471,66.66666666666666
sim21472,0.0
sim21473,88.88888888888889
sim21474,0.0
sim21475,22.22222222222222
sim21476,0.0
sim21477,0.0
sim21478,0.0
sim21479,55.55555555555556
sim21480,0.0
sim21481,0.0
sim21482,0.0
sim21483,0.0
sim21484,0.0
sim21485,66.66666666666666
sim21486,0.0
sim21487,22.22222222222222
sim21488,0.0
sim21489,33.33333333333333
sim21490,0.0
sim21491,0.0
sim21492,0.0
sim21493,0.0
sim21494,0.0
sim21495,100.0
sim21496,0.0
sim21497,0.0
sim21498,0.0
sim21499,66.66666666666666
sim21500,0.0
sim21501,0.0
sim21502,0.0
sim21503,11.11111111111111
sim21504,33.33333333333333
sim21505,0.0
sim21506,0.0
sim21507,0.0
sim21508,11.11111111111111
sim21509,0.0
sim21510,0.0
sim21511,77.77777777777779
sim21512,0.0
sim21513,0.0
sim21514,0.0
sim21515,66.66666666666666
sim21516,0.0
sim21517,0.0
sim21518,0.0
sim21519,77.77777777777779
sim21520,0.0
sim21521,77.77777777777779
sim21522,33.33333333333333
sim21523,0.0
sim21524,0.0
sim21525,0.0
sim21526,0.0
sim21527,0.0
sim21528,0.0
sim21529,100.0
sim21530,0.0
sim21531,0.0
sim21532,0.0
sim21533,66.66666666666666
sim21534,0.0
sim21535,44.44444444444444
sim21536,0.0
sim21537,0.0
sim21538,0.0
sim21539,100.0
sim21540,0.0
sim21541,77.77777777777779
sim21542,0.0
sim21543,66.66666666666666
sim21544,0.0
sim21545,22.22222222222222
sim21546,0.0
sim21547,44.44444444444444
sim21548,0.0
sim21549,0.0
sim21550,0.0
sim21551,66.66666666666666
sim21552,0.0
sim21553,55.55555555555556
sim21554,0.0
sim21555,44.44444444444444
sim21556,0.0
sim21557,100.0
sim21558,0.0
sim21559,0.0
sim21560,0.0
sim21561,0.0
sim21562,0.0
sim21563,0.0
sim21564,0.0
sim21565,55.55555555555556
sim21566,0.0
sim21567,0.0
sim21568,0.0
sim21569,0.0
sim21570,66.66666666666666
sim21571,0.0
sim21572,0.0
sim21573,0.0
sim21574,22.22222222222222
sim21575,0.0
sim21576,0.0
sim21577,0.0
sim21578,77.77777777777779
sim21579,0.0
sim21580,33.33333333333333
sim21581,0.0
sim21582,11.11111111111111
sim21583,0.0
sim21584,55.55555555555556
sim21585,0.0
sim21586,22.22222222222222
sim21587,0.0
sim21588,88.88888888888889
sim21589,0.0
sim21590,0.0
sim21591,55.55555555555556
sim21592,66.66666666666666
sim21593,0.0
sim21594,0.0
sim21595,0.0
sim21596,77.77777777777779
sim21597,0.0
sim21598,0.0
sim21599,0.0
sim21600,44.44444444444444
sim21601,0.0
sim21602,0.0
sim21603,0.0
sim21604,0.0
sim21605,0.0
sim21606,77.77777777777779
sim21607,0.0
sim21608,0.0
sim21609,0.0
sim21610,0.0
sim21611,0.0
sim21612,11.11111111111111
sim21613,22.22222222222222
sim21614,88.88888888888889
sim21615,0.0
sim21616,100.0
sim21617,0.0
sim21618,0.0
sim21619,0.0
sim21620,33.33333333333333
sim21621,0.0
sim21622,44.44444444444444
sim21623,0.0
sim21624,55.55555555555556
sim21625,0.0
sim21626,33.33333333333333
sim21627,0.0
sim21628,11.11111111111111
sim21629,0.0
sim21630,0.0
sim21631,0.0
sim21632,77.77777777777779
sim21633,0.0
sim21634,0.0
sim21635,0.0
sim21636,55.55555555555556
sim21637,55.55555555555556
sim21638,44.44444444444444
sim21639,0.0
sim21640,77.77777777777779
sim21641,0.0
sim21642,0.0
sim21643,0.0
sim21644,11.11111111111111
sim21645,0.0
sim21646,0.0
sim21647,0.0
sim21648,22.22222222222222
sim21649,0.0
sim21650,44.44444444444444
sim21651,22.22222222222222
sim21652,0.0
sim21653,0.0
sim21654,22.22222222222222
sim21655,0.0
sim21656,11.11111111111111
sim21657,0.0
sim21658,0.0
sim21659,0.0
sim21660,0.0
sim21661,0.0
sim21662,88.88888888888889
sim21663,0.0
sim21664,0.0
sim21665,0.0
sim21666,77.77777777777779
sim21667,0.0
sim21668,100.0
sim21669,0.0
sim21670,0.0
sim21671,0.0
sim21672,77.77777777777779
sim21673,0.0
sim21674,0.0
sim21675,0.0
sim21676,22.22222222222222
sim21677,0.0
sim21678,0.0
sim21679,0.0
sim21680,0.0
sim21681,0.0
sim21682,77.77777777777779
sim21683,0.0
sim21684,33.33333333333333
sim21685,0.0
sim21686,0.0
sim21687,0.0
sim21688,0.0
sim21689,0.0
sim21690,33.33333333333333
sim21691,0.0
sim21692,55.55555555555556
sim21693,0.0
sim21694,66.66666666666666
sim21695,0.0
sim21696,0.0
sim21697,33.33333333333333
sim21698,0.0
sim21699,33.33333333333333
sim21700,0.0
sim21701,55.55555555555556
sim21702,0.0
sim21703,0.0
sim21704,0.0
sim21705,44.44444444444444
sim21706,0.0
sim21707,44.44444444444444
sim21708,0.0
sim21709,88.88888888888889
sim21710,0.0
sim21711,0.0
sim21712,0.0
sim21713,0.0
sim21714,0.0
sim21715,66.66666666666666
sim21716,0.0
sim21717,33.33333333333333
sim21718,33.33333333333333
sim21719,11.11111111111111
sim21720,0.0
sim21721,0.0
sim21722,0.0
sim21723,88.88888888888889
sim21724,0.0
sim21725,44.44444444444444
sim21726,0.0
sim21727,66.66666666666666
sim21728,0.0
sim21729,88.88888888888889
sim21730,0.0
sim21731,22.22222222222222
sim21732,0.0
sim21733,0.0
sim21734,0.0
sim21735,55.55555555555556
sim21736,0.0
sim21737,0.0
sim21738,0.0
sim21739,0.0
sim21740,0.0
sim21741,66.66666666666666
sim21742,0.0
sim21743,22.22222222222222
sim21744,0.0
sim21745,33.33333333333333
sim21746,0.0
sim21747,0.0
sim21748,0.0
sim21749,0.0
sim21750,0.0
sim21751,100.0
sim21752,0.0
sim21753,0.0
sim21754,0.0
sim21755,66.66666666666666
sim21756,0.0
sim21757,0.0
sim21758,0.0
sim21759,11.11111111111111
sim21760,33.33333333333333
sim21761,0.0
sim21762,0.0
sim21763,0.0
sim21764,11.11111111111111
sim21765,0.0
sim21766,0.0
sim21767,77.77777777777779
sim21768,0.0
sim21769,0.0
sim21770,0.0
sim21771,66.66666666666666
sim21772,0.0
sim21773,0.0
sim21774,0.0
sim21775,77.77777777777779
sim21776,0.0
sim21777,77.77777777777779
sim21778,33.33333333333333
sim21779,0.0
sim21780,0.0
sim21781,0.0
sim21782,0.0
sim21783,0.0
sim21784,0.0
sim21785,100.0
sim21786,0.0
sim21787,0.0
sim21788,0.0
sim21789,66.66666666666666
sim21790,0.0
sim21791,44.44444444444444
sim21792,0.0
sim21793,0.0
sim21794,0.0
sim21795,100.0
sim21796,0.0
sim21797,77.77777777777779
sim21798,0.0
sim21799,66.66666666666666
sim21800,0.0
sim21801,22.22222222222222
sim21802,0.0
sim21803,44.44444444444444
sim21804,0.0
sim21805,0.0
sim21806,0.0
sim21807,66.66666666666666
sim21808,0.0
sim21809,55.55555555555556
sim21810,0.0
sim21811,44.44444444444444
sim21812,0.0
sim21813,100.0
sim21814,0.0
sim21815,0.0
sim21816,0.0
sim21817,0.0
sim21818,0.0
sim21819,0.0
sim21820,0.0
sim21821,55.55555555555556
sim21822,0.0
sim21823,0.0
sim21824,0.0
sim21825,0.0
sim21826,66.66666666666666
sim21827,0.0
sim21828,0.0
sim21829,0.0
sim21830,22.22222222222222
sim21831,0.0
sim21832,0.0
sim21833,0.0
sim21834,77.77777777777779
sim21835,0.0
sim21836,33.33333333333333
sim21837,0.0
sim21838,11.11111111111111
sim21839,0.0
sim21840,55.55555555555556
sim21841,0.0
sim21842,22.22222222222222
sim21843,0.0
sim21844,88.88888888888889
sim21845,0.0
sim21846,0.0
sim21847,55.55555555555556
sim21848,66.66666666666666
sim21849,0.0
sim21850,0.0
sim21851,0.0
sim21852,77.77777777777779
sim21853,0.0
sim21854,0.0
sim21855,0.0
sim21856,44.44444444444444
sim21857,0.0
sim21858,0.0
sim21859,0.0
sim21860,0.0
sim21861,0.0
sim21862,77.77777777777779
sim21863,0.0
sim21864,0.0
sim21865,0.0
sim21866,0.0
sim21867,0.0
sim21868,11.11111111111111
sim21869,22.22222222222222
sim21870,88.88888888888889
sim21871,0.0
sim21872,100.0
sim21873,0.0
sim21874,0.0
sim21875,0.0
sim21876,33.33333333333333
sim21877,0.0
sim21878,44.44444444444444
sim21879,0.0
sim21880,55.55555555555556
sim21881,0.0
sim21882,33.33333333333333
sim21883,0.0
sim21884,11.11111111111111
sim21885,0.0
sim21886,0.0
sim21887,0.0
sim21888,77.77777777777779
sim21889,0.0
sim21890,0.0
sim21891,0.0
sim21892,55.55555555555556
sim21893,55.55555555555556
sim21894,44.44444444444444
sim21895,0.0
sim21896,77.77777777777779
sim21897,0.0
sim21898,0.0
sim21899,0.0
sim21900,11.11111111111111
sim21901,0.0
sim21902,0.0
sim21903,0.0
sim21904,22.22222222222222
sim21905,0.0
sim21906,44.44444444444444
sim21907,22.22222222222222
sim21908,0.0
sim21909,0.0
sim21910,22.22222222222222
sim21911,0.0
sim21912,11.11111111111111
sim21913,0.0
sim21914,0.0
sim21915,0.0
sim21916,0.0
sim21917,0.0
sim21918,88.88888888888889
sim21919,0.0
sim21920,0.0
sim21921,0.0
sim21922,77.77777777777779
sim21923,0.0
sim21924,100.0
sim21925,0.0
sim21926,0.0
sim21927,0.0
sim21928,77.77777777777779
sim21929,0.0
sim21930,0.0
sim21931,0.0
sim21932,22.22222222222222
sim21933,0.0
sim21934,0.0
sim21935,0.0
sim21936,0.0
sim21937,0.0
sim21938,77.77777777777779
sim21939,0.0
sim21940,33.33333333333333
sim21941,0.0
sim21942,0.0
sim21943,0.0
sim21944,0.0
sim21945,0.0
sim21946,33.33333333333333
sim21947,0.0
sim21948,55.55555555555556
sim21949,0.0
sim21950,66.66666666666666
sim21951,0.0
sim21952,0.0
sim21953,33.33333333333333
sim21954,0.0
sim21955,33.33333333333333
sim21956,0.0
sim21957,55.55555555555556
sim21958,0.0
sim21959,0.0
sim21960,0.0
sim21961,44.44444444444444
sim21962,0.0
sim21963,44.44444444444444
sim21964,0.0
sim21965,88.88888888888889
sim21966,0.0
sim21967,0.0
sim21968,0.0
sim21969,0.0
sim21970,0.0
sim21971,66.66666666666666
sim21972,0.0
sim21973,33.33333333333333
sim21974,33.33333333333333
sim21975,11.11111111111111
sim21976,0.0
sim21977,0.0
sim21978,0.0
sim21979,88.88888888888889
sim21980,0.0
sim21981,44.44444444444444
sim21982,0.0
sim21983,66.66666666666666
sim21984,0.0
sim21985,88.88888888888889
sim21986,0.0
sim21987,22.22222222222222
sim21988,0.0
sim21989,0.0
sim21990,0.0
sim21991,55.55555555555556
sim21992,0.0
sim21993,0.0
sim21994,0.0
sim21995,0.0
sim21996,0.0
sim21997,66.66666666666666
sim21998,0.0
sim21999,22.22222222222222
sim22000,0.0
sim22001,33.33333333333333
sim22002,0.0
sim22003,0.0
sim22004,0.0
sim22005,0.0
sim22006,0.0
sim22007,100.0
sim22008,0.0
sim22009,0.0
sim22010,0.0
sim22011,66.66666666666666
sim22012,0.0
sim22013,0.0
sim22014,0.0
sim22015,11.11111111111111
sim22016,33.33333333333333
sim22017,0.0
sim22018,0.0
sim22019,0.0
sim22020,11.11111111111111
sim22021,0.0
sim22022,0.0
sim22023,77.77777777777779
sim22024,0.0
sim22025,0.0
sim22026,0.0
sim22027,66.66666666666666
sim22028,0.0
sim22029,0.0
sim22030,0.0
sim22031,77.77777777777779
sim22032,0.0
sim22033,77.77777777777779
sim22034,33.33333333333333
sim22035,0.0
sim22036,0.0
sim22037,0.0
sim22038,0.0
sim22039,0.0
sim22040,0.0
sim22041,100.0
sim22042,0.0
sim22043,0.0
sim22044,0.0
sim22045,66.66666666666666
sim22046,0.0
sim22047,44.44444444444444
sim22048,0.0
sim22049,0.0
sim22050,0.0
sim22051,100.0
sim22052,0.0
sim22053,77.77777777777779
sim22054,0.0
sim22055,66.66666666666666
sim22056,0.0
sim22057,22.22222222222222
sim22058,0.0
sim22059,44.44444444444444
sim22060,0.0
sim22061,0.0
sim22062,0.0
sim22063,66.66666666666666
sim22064,0.0
sim22065,55.55555555555556
sim22066,0.0
sim22067,44.44444444444444
sim22068,0.0
sim22069,100.0
sim22070,0.0
sim22071,0.0
sim22072,0.0
sim22073,0.0
sim22074,0.0
sim22075,0.0
sim22076,0.0
sim22077,55.55555555555556
sim22078,0.0
sim22079,0.0
sim22080,0.0
sim22081,0.0
sim22082,66.66666666666666
sim22083,0.0
sim22084,0.0
sim22085,0.0
sim22086,22.22222222222222
sim22087,0.0
sim22088,0.0
sim22089,0.0
sim22090,77.77777777777779
sim22091,0.0
sim22092,33.33333333333333
sim22093,0.0
sim22094,11.11111111111111
sim22095,0.0
sim22096,55.55555555555556
sim22097,0.0
sim22098,22.22222222222222
sim22099,0.0
sim22100,88.88888888888889
sim22101,0.0
sim22102,0.0
sim22103,55.55555555555556
sim22104,66.66666666666666
sim22105,0.0
sim22106,0.0
sim22107,0.0
sim22108,77.77777777777779
sim22109,0.0
sim22110,0.0
sim22111,0.0
sim22112,44.44444444444444
sim22113,0.0
sim22114,0.0
sim22115,0.0
sim22116,0.0
sim22117,0.0
sim22118,77.77777777777779
sim22119,0.0
sim22120,0.0
sim22121,0.0
sim22122,0.0
sim22123,0.0
sim22124,11.11111111111111
sim22125,22.22222222222222
sim22126,88.88888888888889
sim22127,0.0
sim22128,100.0
sim22129,0.0
sim22130,0.0
sim22131,0.0
sim22132,11.11111111111111
sim22133,0.0
sim22134,44.44444444444444
sim22135,0.0
sim22136,55.55555555555556
sim22137,0.0
sim22138,33.33333333333333
sim22139,0.0
sim22140,11.11111111111111
sim22141,0.0
sim22142,0.0
sim22143,0.0
sim22144,77.77777777777779
sim22145,0.0
sim22146,0.0
sim22147,0.0
sim22148,55.55555555555556
sim22149,55.55555555555556
sim22150,44.44444444444444
sim22151,0.0
sim22152,77.77777777777779
sim22153,0.0
sim22154,0.0
sim22155,0.0
sim22156,22.22222222222222
sim22157,0.0
sim22158,0.0
sim22159,0.0
sim22160,22.22222222222222
sim22161,0.0
sim22162,44.44444444444444
sim22163,22.22222222222222
sim22164,0.0
sim22165,0.0
sim22166,22.22222222222222
sim22167,0.0
sim22168,11.11111111111111
sim22169,0.0
sim22170,0.0
sim22171,0.0
sim22172,0.0
sim22173,0.0
sim22174,88.88888888888889
sim22175,0.0
sim22176,0.0
sim22177,0.0
sim22178,77.77777777777779
sim22179,0.0
sim22180,100.0
sim22181,0.0
sim22182,0.0
sim22183,0.0
sim22184,77.77777777777779
sim22185,0.0
sim22186,0.0
sim22187,0.0
sim22188,22.22222222222222
sim22189,0.0
sim22190,0.0
sim22191,0.0
sim22192,0.0
sim22193,0.0
sim22194,77.77777777777779
sim22195,0.0
sim22196,33.33333333333333
sim22197,0.0
sim22198,0.0
sim22199,0.0
sim22200,0.0
sim22201,0.0
sim22202,33.33333333333333
sim22203,0.0
sim22204,55.55555555555556
sim22205,0.0
sim22206,66.66666666666666
sim22207,0.0
sim22208,0.0
sim22209,33.33333333333333
sim22210,0.0
sim22211,33.33333333333333
sim22212,0.0
sim22213,55.55555555555556
sim22214,0.0
sim22215,0.0
sim22216,0.0
sim22217,44.44444444444444
sim22218,0.0
sim22219,44.44444444444444
sim22220,0.0
sim22221,88.88888888888889
sim22222,0.0
sim22223,0.0
sim22224,0.0
sim22225,0.0
sim22226,0.0
sim22227,66.66666666666666
sim22228,0.0
sim22229,33.33333333333333
sim22230,33.33333333333333
sim22231,11.11111111111111
sim22232,0.0
sim22233,0.0
sim22234,0.0
sim22235,88.88888888888889
sim22236,0.0
sim22237,44.44444444444444
sim22238,0.0
sim22239,66.66666666666666
sim22240,0.0
sim22241,88.88888888888889
sim22242,0.0
sim22243,22.22222222222222
sim22244,0.0
sim22245,0.0
sim22246,0.0
sim22247,55.55555555555556
sim22248,0.0
sim22249,0.0
sim22250,0.0
sim22251,0.0
sim22252,0.0
sim22253,66.66666666666666
sim22254,0.0
sim22255,22.22222222222222
sim22256,0.0
sim22257,33.33333333333333
sim22258,0.0
sim22259,0.0
sim22260,0.0
sim22261,0.0
sim22262,0.0
sim22263,100.0
sim22264,0.0
sim22265,0.0
sim22266,0.0
sim22267,77.77777777777779
sim22268,0.0
sim22269,0.0
sim22270,0.0
sim22271,11.11111111111111
sim22272,33.33333333333333
sim22273,0.0
sim22274,0.0
sim22275,0.0
sim22276,11.11111111111111
sim22277,0.0
sim22278,0.0
sim22279,77.77777777777779
sim22280,0.0
sim22281,0.0
sim22282,0.0
sim22283,66.66666666666666
sim22284,0.0
sim22285,0.0
sim22286,0.0
sim22287,77.77777777777779
sim22288,0.0
sim22289,77.77777777777779
sim22290,33.33333333333333
sim22291,0.0
sim22292,0.0
sim22293,0.0
sim22294,0.0
sim22295,0.0
sim22296,0.0
sim22297,100.0
sim22298,0.0
sim22299,0.0
sim22300,0.0
sim22301,66.66666666666666
sim22302,0.0
sim22303,44.44444444444444
sim22304,0.0
sim22305,0.0
sim22306,0.0
sim22307,100.0
sim22308,0.0
sim22309,77.77777777777779
sim22310,0.0
sim22311,66.66666666666666
sim22312,0.0
sim22313,22.22222222222222
sim22314,0.0
sim22315,44.44444444444444
sim22316,0.0
sim22317,0.0
sim22318,0.0
sim22319,66.66666666666666
sim22320,0.0
sim22321,55.55555555555556
sim22322,0.0
sim22323,44.44444444444444
sim22324,0.0
sim22325,100.0
sim22326,0.0
sim22327,0.0
sim22328,0.0
sim22329,0.0
sim22330,0.0
sim22331,0.0
sim22332,0.0
sim22333,55.55555555555556
sim22334,0.0
sim22335,0.0
sim22336,0.0
sim22337,0.0
sim22338,66.66666666666666
sim22339,0.0
sim22340,0.0
sim22341,0.0
sim22342,22.22222222222222
sim22343,0.0
sim22344,0.0
sim22345,0.0
sim22346,77.77777777777779
sim22347,0.0
sim22348,33.33333333333333
sim22349,0.0
sim22350,11.11111111111111
sim22351,0.0
sim22352,44.44444444444444
sim22353,0.0
sim22354,22.22222222222222
sim22355,0.0
sim22356,88.88888888888889
sim22357,0.0
sim22358,0.0
sim22359,55.55555555555556
sim22360,66.66666666666666
sim22361,0.0
sim22362,0.0
sim22363,0.0
sim22364,77.77777777777779
sim22365,0.0
sim22366,0.0
sim22367,0.0
sim22368,44.44444444444444
sim22369,0.0
sim22370,0.0
sim22371,0.0
sim22372,0.0
sim22373,0.0
sim22374,77.77777777777779
sim22375,0.0
sim22376,0.0
sim22377,0.0
sim22378,0.0
sim22379,0.0
sim22380,11.11111111111111
sim22381,22.22222222222222
sim22382,88.88888888888889
sim22383,0.0
sim22384,100.0
sim22385,0.0
sim22386,0.0
sim22387,0.0
sim22388,33.33333333333333
sim22389,0.0
sim22390,44.44444444444444
sim22391,0.0
sim22392,55.55555555555556
sim22393,0.0
sim22394,33.33333333333333
sim22395,0.0
sim22396,11.11111111111111
sim22397,0.0
sim22398,0.0
sim22399,0.0
sim22400,77.77777777777779
sim22401,0.0
sim22402,0.0
sim22403,0.0
sim22404,55.55555555555556
sim22405,55.55555555555556
sim22406,44.44444444444444
sim22407,0.0
sim22408,77.77777777777779
sim22409,0.0
sim22410,0.0
sim22411,0.0
sim22412,22.22222222222222
sim22413,0.0
sim22414,0.0
sim22415,0.0
sim22416,22.22222222222222
sim22417,0.0
sim22418,44.44444444444444
sim22419,22.22222222222222
sim22420,0.0
sim22421,0.0
sim22422,22.22222222222222
sim22423,0.0
sim22424,11.11111111111111
sim22425,0.0
sim22426,0.0
sim22427,0.0
sim22428,0.0
sim22429,0.0
sim22430,88.88888888888889
sim22431,0.0
sim22432,0.0
sim22433,0.0
sim22434,77.77777777777779
sim22435,0.0
sim22436,100.0
sim22437,0.0
sim22438,0.0
sim22439,0.0
sim22440,77.77777777777779
sim22441,0.0
sim22442,0.0
sim22443,0.0
sim22444,22.22222222222222
sim22445,0.0
sim22446,0.0
sim22447,0.0
sim22448,0.0
sim22449,0.0
sim22450,77.77777777777779
sim22451,0.0
sim22452,33.33333333333333
sim22453,0.0
sim22454,0.0
sim22455,0.0
sim22456,0.0
sim22457,0.0
sim22458,33.33333333333333
sim22459,0.0
sim22460,55.55555555555556
sim22461,0.0
sim22462,66.66666666666666
sim22463,0.0
sim22464,0.0
sim22465,33.33333333333333
sim22466,0.0
sim22467,33.33333333333333
sim22468,0.0
sim22469,55.55555555555556
sim22470,0.0
sim22471,0.0
sim22472,0.0
sim22473,44.44444444444444
sim22474,0.0
sim22475,44.44444444444444
sim22476,0.0
sim22477,88.88888888888889
sim22478,0.0
sim22479,0.0
sim22480,0.0
sim22481,0.0
sim22482,0.0
sim22483,66.66666666666666
sim22484,0.0
sim22485,44.44444444444444
sim22486,33.33333333333333
sim22487,11.11111111111111
sim22488,0.0
sim22489,0.0
sim22490,0.0
sim22491,88.88888888888889
sim22492,0.0
sim22493,44.44444444444444
sim22494,0.0
sim22495,66.66666666666666
sim22496,0.0
sim22497,88.88888888888889
sim22498,0.0
sim22499,22.22222222222222
sim22500,0.0
sim22501,0.0
sim22502,0.0
sim22503,55.55555555555556
sim22504,0.0
sim22505,0.0
sim22506,0.0
sim22507,0.0
sim22508,0.0
sim22509,66.66666666666666
sim22510,0.0
sim22511,22.22222222222222
sim22512,0.0
sim22513,33.33333333333333
sim22514,0.0
sim22515,0.0
sim22516,0.0
sim22517,0.0
sim22518,0.0
sim22519,100.0
sim22520,0.0
sim22521,0.0
sim22522,0.0
sim22523,77.77777777777779
sim22524,0.0
sim22525,0.0
sim22526,0.0
sim22527,11.11111111111111
sim22528,33.33333333333333
sim22529,0.0
sim22530,0.0
sim22531,0.0
sim22532,11.11111111111111
sim22533,0.0
sim22534,0.0
sim22535,77.77777777777779
sim22536,0.0
sim22537,0.0
sim22538,0.0
sim22539,66.66666666666666
sim22540,0.0
sim22541,0.0
sim22542,0.0
sim22543,77.77777777777779
sim22544,0.0
sim22545,77.77777777777779
sim22546,33.33333333333333
sim22547,0.0
sim22548,0.0
sim22549,0.0
sim22550,0.0
sim22551,0.0
sim22552,0.0
sim22553,100.0
sim22554,0.0
sim22555,0.0
sim22556,0.0
sim22557,66.66666666666666
sim22558,0.0
sim22559,44.44444444444444
sim22560,0.0
sim22561,0.0
sim22562,0.0
sim22563,100.0
sim22564,0.0
sim22565,77.77777777777779
sim22566,0.0
sim22567,66.66666666666666
sim22568,0.0
sim22569,22.22222222222222
sim22570,0.0
sim22571,44.44444444444444
sim22572,0.0
sim22573,0.0
sim22574,0.0
sim22575,66.66666666666666
sim22576,0.0
sim22577,55.55555555555556
sim22578,0.0
sim22579,44.44444444444444
sim22580,0.0
sim22581,100.0
sim22582,0.0
sim22583,0.0
sim22584,0.0
sim22585,0.0
sim22586,0.0
sim22587,0.0
sim22588,0.0
sim22589,55.55555555555556
sim22590,0.0
sim22591,0.0
sim22592,0.0
sim22593,0.0
sim22594,66.66666666666666
sim22595,0.0
sim22596,0.0
sim22597,0.0
sim22598,22.22222222222222
sim22599,0.0
sim22600,0.0
sim22601,0.0
sim22602,77.77777777777779
sim22603,0.0
sim22604,33.33333333333333
sim22605,0.0
sim22606,11.11111111111111
sim22607,0.0
sim22608,55.55555555555556
sim22609,0.0
sim22610,22.22222222222222
sim22611,0.0
sim22612,88.88888888888889
sim22613,0.0
sim22614,0.0
sim22615,55.55555555555556
sim22616,66.66666666666666
sim22617,0.0
sim22618,0.0
sim22619,0.0
sim22620,77.77777777777779
sim22621,0.0
sim22622,0.0
sim22623,0.0
sim22624,44.44444444444444
sim22625,0.0
sim22626,0.0
sim22627,0.0
sim22628,0.0
sim22629,0.0
sim22630,77.77777777777779
sim22631,0.0
sim22632,0.0
sim22633,0.0
sim22634,0.0
sim22635,0.0
sim22636,11.11111111111111
sim22637,22.22222222222222
sim22638,88.88888888888889
sim22639,0.0
sim22640,100.0
sim22641,0.0
sim22642,0.0
sim22643,0.0
sim22644,33.33333333333333
sim22645,0.0
sim22646,44.44444444444444
sim22647,0.0
sim22648,55.55555555555556
sim22649,0.0
sim22650,33.33333333333333
sim22651,0.0
sim22652,11.11111111111111
sim22653,0.0
sim22654,0.0
sim22655,0.0
sim22656,77.77777777777779
sim22657,0.0
sim22658,0.0
sim22659,0.0
sim22660,55.55555555555556
sim22661,55.55555555555556
sim22662,44.44444444444444
sim22663,0.0
sim22664,77.77777777777779
sim22665,0.0
sim22666,0.0
sim22667,0.0
sim22668,11.11111111111111
sim22669,0.0
sim22670,0.0
sim22671,0.0
sim22672,22.22222222222222
sim22673,0.0
sim22674,44.44444444444444
sim22675,22.22222222222222
sim22676,0.0
sim22677,0.0
sim22678,22.22222222222222
sim22679,0.0
sim22680,11.11111111111111
sim22681,0.0
sim22682,0.0
sim22683,0.0
sim22684,0.0
sim22685,0.0
sim22686,88.88888888888889
sim22687,0.0
sim22688,0.0
sim22689,0.0
sim22690,77.77777777777779
sim22691,0.0
sim22692,100.0
sim22693,0.0
sim22694,0.0
sim22695,0.0
sim22696,77.77777777777779
sim22697,0.0
sim22698,0.0
sim22699,0.0
sim22700,22.22222222222222
sim22701,0.0
sim22702,0.0
sim22703,0.0
sim22704,0.0
sim22705,0.0
sim22706,77.77777777777779
sim22707,0.0
sim22708,33.33333333333333
sim22709,0.0
sim22710,0.0
sim22711,0.0
sim22712,0.0
sim22713,0.0
sim22714,33.33333333333333
sim22715,0.0
sim22716,55.55555555555556
sim22717,0.0
sim22718,66.66666666666666
sim22719,0.0
sim22720,0.0
sim22721,33.33333333333333
sim22722,0.0
sim22723,33.33333333333333
sim22724,0.0
sim22725,55.55555555555556
sim22726,0.0
sim22727,0.0
sim22728,0.0
sim22729,44.44444444444444
sim22730,0.0
sim22731,44.44444444444444
sim22732,0.0
sim22733,88.88888888888889
sim22734,0.0
sim22735,0.0
sim22736,0.0
sim22737,0.0
sim22738,0.0
sim22739,66.66666666666666
sim22740,0.0
sim22741,33.33333333333333
sim22742,33.33333333333333
sim22743,11.11111111111111
sim22744,0.0
sim22745,0.0
sim22746,0.0
sim22747,88.88888888888889
sim22748,0.0
sim22749,44.44444444444444
sim22750,0.0
sim22751,66.66666666666666
sim22752,0.0
sim22753,88.88888888888889
sim22754,0.0
sim22755,22.22222222222222
sim22756,0.0
sim22757,0.0
sim22758,0.0
sim22759,55.55555555555556
sim22760,0.0
sim22761,0.0
sim22762,0.0
sim22763,0.0
sim22764,0.0
sim22765,66.66666666666666
sim22766,0.0
sim22767,22.22222222222222
sim22768,0.0
sim22769,33.33333333333333
sim22770,0.0
sim22771,0.0
sim22772,0.0
sim22773,0.0
sim22774,0.0
sim22775,100.0
sim22776,0.0
sim22777,0.0
sim22778,0.0
sim22779,66.66666666666666
sim22780,0.0
sim22781,0.0
sim22782,0.0
sim22783,11.11111111111111
sim22784,33.33333333333333
sim22785,0.0
sim22786,0.0
sim22787,0.0
sim22788,11.11111111111111
sim22789,0.0
sim22790,0.0
sim22791,77.77777777777779
sim22792,0.0
sim22793,0.0
sim22794,0.0
sim22795,66.66666666666666
sim22796,0.0
sim22797,0.0
sim22798,0.0
sim22799,77.77777777777779
sim22800,0.0
sim22801,77.77777777777779
sim22802,33.33333333333333
sim22803,0.0
sim22804,0.0
sim22805,0.0
sim22806,0.0
sim22807,0.0
sim22808,0.0
sim22809,100.0
sim22810,0.0
sim22811,0.0
sim22812,0.0
sim22813,66.66666666666666
sim22814,0.0
sim22815,44.44444444444444
sim22816,0.0
sim22817,0.0
sim22818,0.0
sim22819,100.0
sim22820,0.0
sim22821,77.77777777777779
sim22822,0.0
sim22823,66.66666666666666
sim22824,0.0
sim22825,22.22222222222222
sim22826,0.0
sim22827,44.44444444444444
sim22828,0.0
sim22829,0.0
sim22830,0.0
sim22831,66.66666666666666
sim22832,0.0
sim22833,55.55555555555556
sim22834,0.0
sim22835,44.44444444444444
sim22836,0.0
sim22837,100.0
sim22838,0.0
sim22839,0.0
sim22840,0.0
sim22841,0.0
sim22842,0.0
sim22843,0.0
sim22844,0.0
sim22845,55.55555555555556
sim22846,0.0
sim22847,0.0
sim22848,0.0
sim22849,0.0
sim22850,66.66666666666666
sim22851,0.0
sim22852,0.0
sim22853,0.0
sim22854,22.22222222222222
sim22855,0.0
sim22856,0.0
sim22857,0.0
sim22858,77.77777777777779
sim22859,0.0
sim22860,33.33333333333333
sim22861,0.0
sim22862,11.11111111111111
sim22863,0.0
sim22864,44.44444444444444
sim22865,0.0
sim22866,22.22222222222222
sim22867,0.0
sim22868,88.88888888888889
sim22869,0.0
sim22870,0.0
sim22871,55.55555555555556
sim22872,66.66666666666666
sim22873,0.0
sim22874,0.0
sim22875,0.0
sim22876,77.77777777777779
sim22877,0.0
sim22878,0.0
sim22879,0.0
sim22880,44.44444444444444
sim22881,0.0
sim22882,0.0
sim22883,0.0
sim22884,0.0
sim22885,0.0
sim22886,77.77777777777779
sim22887,0.0
sim22888,0.0
sim22889,0.0
sim22890,0.0
sim22891,0.0
sim22892,11.11111111111111
sim22893,22.22222222222222
sim22894,88.88888888888889
sim22895,0.0
sim22896,100.0
sim22897,0.0
sim22898,0.0
sim22899,0.0
sim22900,33.33333333333333
sim22901,0.0
sim22902,44.44444444444444
sim22903,0.0
sim22904,55.55555555555556
sim22905,0.0
sim22906,33.33333333333333
sim22907,0.0
sim22908,22.22222222222222
sim22909,0.0
sim22910,0.0
sim22911,0.0
sim22912,77.77777777777779
sim22913,0.0
sim22914,0.0
sim22915,0.0
sim22916,55.55555555555556
sim22917,55.55555555555556
sim22918,44.44444444444444
sim22919,0.0
sim22920,77.77777777777779
sim22921,0.0
sim22922,0.0
sim22923,0.0
sim22924,22.22222222222222
sim22925,0.0
sim22926,0.0
sim22927,0.0
sim22928,22.22222222222222
sim22929,0.0
sim22930,44.44444444444444
sim22931,22.22222222222222
sim22932,0.0
sim22933,0.0
sim22934,22.22222222222222
sim22935,0.0
sim22936,11.11111111111111
sim22937,0.0
sim22938,0.0
sim22939,0.0
sim22940,0.0
sim22941,0.0
sim22942,88.88888888888889
sim22943,0.0
sim22944,0.0
sim22945,0.0
sim22946,77.77777777777779
sim22947,0.0
sim22948,100.0
sim22949,0.0
sim22950,0.0
sim22951,0.0
sim22952,77.77777777777779
sim22953,0.0
sim22954,0.0
sim22955,0.0
sim22956,22.22222222222222
sim22957,0.0
sim22958,0.0
sim22959,0.0
sim22960,0.0
sim22961,0.0
sim22962,77.77777777777779
sim22963,0.0
sim22964,33.33333333333333
sim22965,0.0
sim22966,0.0
sim22967,0.0
sim22968,0.0
sim22969,0.0
sim22970,33.33333333333333
sim22971,0.0
sim22972,55.55555555555556
sim22973,0.0
sim22974,66.66666666666666
sim22975,0.0
sim22976,0.0
sim22977,33.33333333333333
sim22978,0.0
sim22979,33.33333333333333
sim22980,0.0
sim22981,55.55555555555556
sim22982,0.0
sim22983,0.0
sim22984,0.0
sim22985,44.44444444444444
sim22986,0.0
sim22987,44.44444444444444
sim22988,0.0
sim22989,88.88888888888889
sim22990,0.0
sim22991,0.0
sim22992,0.0
sim22993,0.0
sim22994,0.0
sim22995,66.66666666666666
sim22996,0.0
sim22997,33.33333333333333
sim22998,33.33333333333333
sim22999,11.11111111111111
sim23000,0.0
sim23001,0.0
sim23002,0.0
sim23003,88.88888888888889
sim23004,0.0
sim23005,44.44444444444444
sim23006,0.0
sim23007,66.66666666666666
sim23008,0.0
sim23009,88.88888888888889
sim23010,0.0
sim23011,22.22222222222222
sim23012,0.0
sim23013,0.0
sim23014,0.0
sim23015,55.55555555555556
sim23016,0.0
sim23017,0.0
sim23018,0.0
sim23019,0.0
sim23020,0.0
sim23021,66.66666666666666
sim23022,0.0
sim23023,22.22222222222222
sim23024,0.0
sim23025,33.33333333333333
sim23026,0.0
sim23027,0.0
sim23028,0.0
sim23029,0.0
sim23030,0.0
sim23031,100.0
sim23032,0.0
sim23033,0.0
sim23034,0.0
sim23035,66.66666666666666
sim23036,0.0
sim23037,0.0
sim23038,0.0
sim23039,11.11111111111111
sim23040,33.33333333333333
sim23041,0.0
sim23042,0.0
sim23043,0.0
sim23044,11.11111111111111
sim23045,0.0
sim23046,0.0
sim23047,77.77777777777779
sim23048,0.0
sim23049,0.0
sim23050,0.0
sim23051,66.66666666666666
sim23052,0.0
sim23053,0.0
sim23054,0.0
sim23055,77.77777777777779
sim23056,0.0
sim23057,77.77777777777779
sim23058,33.33333333333333
sim23059,0.0
sim23060,0.0
sim23061,0.0
sim23062,0.0
sim23063,0.0
sim23064,0.0
sim23065,100.0
sim23066,0.0
sim23067,0.0
sim23068,0.0
sim23069,66.66666666666666
sim23070,0.0
sim23071,44.44444444444444
sim23072,0.0
sim23073,0.0
sim23074,0.0
sim23075,100.0
sim23076,0.0
sim23077,77.77777777777779
sim23078,0.0
sim23079,66.66666666666666
sim23080,0.0
sim23081,22.22222222222222
sim23082,0.0
sim23083,44.44444444444444
sim23084,0.0
sim23085,0.0
sim23086,0.0
sim23087,66.66666666666666
sim23088,0.0
sim23089,55.55555555555556
sim23090,0.0
sim23091,44.44444444444444
sim23092,0.0
sim23093,100.0
sim23094,0.0
sim23095,0.0
sim23096,0.0
sim23097,0.0
sim23098,0.0
sim23099,0.0
sim23100,0.0
sim23101,55.55555555555556
sim23102,0.0
sim23103,0.0
sim23104,0.0
sim23105,0.0
sim23106,66.66666666666666
sim23107,0.0
sim23108,0.0
sim23109,0.0
sim23110,22.22222222222222
sim23111,0.0
sim23112,0.0
sim23113,0.0
sim23114,77.77777777777779
sim23115,0.0
sim23116,33.33333333333333
sim23117,0.0
sim23118,11.11111111111111
sim23119,0.0
sim23120,55.55555555555556
sim23121,0.0
sim23122,22.22222222222222
sim23123,0.0
sim23124,88.88888888888889
sim23125,0.0
sim23126,0.0
sim23127,55.55555555555556
sim23128,66.66666666666666
sim23129,0.0
sim23130,0.0
sim23131,0.0
sim23132,77.77777777777779
sim23133,0.0
sim23134,0.0
sim23135,0.0
sim23136,44.44444444444444
sim23137,0.0
sim23138,0.0
sim23139,0.0
sim23140,0.0
sim23141,0.0
sim23142,77.77777777777779
sim23143,0.0
sim23144,0.0
sim23145,0.0
sim23146,0.0
sim23147,0.0
sim23148,11.11111111111111
sim23149,22.22222222222222
sim23150,88.88888888888889
sim23151,0.0
sim23152,100.0
sim23153,0.0
sim23154,0.0
sim23155,0.0
sim23156,33.33333333333333
sim23157,0.0
sim23158,44.44444444444444
sim23159,0.0
sim23160,55.55555555555556
sim23161,0.0
sim23162,33.33333333333333
sim23163,0.0
sim23164,11.11111111111111
sim23165,0.0
sim23166,0.0
sim23167,0.0
sim23168,77.77777777777779
sim23169,0.0
sim23170,0.0
sim23171,0.0
sim23172,55.55555555555556
sim23173,55.55555555555556
sim23174,44.44444444444444
sim23175,0.0
sim23176,77.77777777777779
sim23177,0.0
sim23178,0.0
sim23179,0.0
sim23180,11.11111111111111
sim23181,0.0
sim23182,0.0
sim23183,0.0
sim23184,33.33333333333333
sim23185,0.0
sim23186,44.44444444444444
sim23187,22.22222222222222
sim23188,0.0
sim23189,0.0
sim23190,22.22222222222222
sim23191,0.0
sim23192,11.11111111111111
sim23193,0.0
sim23194,0.0
sim23195,0.0
sim23196,0.0
sim23197,0.0
sim23198,88.88888888888889
sim23199,0.0
sim23200,0.0
sim23201,0.0
sim23202,77.77777777777779
sim23203,0.0
sim23204,100.0
sim23205,0.0
sim23206,0.0
sim23207,0.0
sim23208,77.77777777777779
sim23209,0.0
sim23210,0.0
sim23211,0.0
sim23212,22.22222222222222
sim23213,0.0
sim23214,0.0
sim23215,0.0
sim23216,0.0
sim23217,0.0
sim23218,77.77777777777779
sim23219,0.0
sim23220,33.33333333333333
sim23221,0.0
sim23222,0.0
sim23223,0.0
sim23224,0.0
sim23225,0.0
sim23226,33.33333333333333
sim23227,0.0
sim23228,55.55555555555556
sim23229,0.0
sim23230,66.66666666666666
sim23231,0.0
sim23232,0.0
sim23233,33.33333333333333
sim23234,0.0
sim23235,33.33333333333333
sim23236,0.0
sim23237,55.55555555555556
sim23238,0.0
sim23239,0.0
sim23240,0.0
sim23241,44.44444444444444
sim23242,0.0
sim23243,44.44444444444444
sim23244,0.0
sim23245,88.88888888888889
sim23246,0.0
sim23247,0.0
sim23248,0.0
sim23249,0.0
sim23250,0.0
sim23251,66.66666666666666
sim23252,0.0
sim23253,44.44444444444444
sim23254,33.33333333333333
sim23255,11.11111111111111
sim23256,0.0
sim23257,0.0
sim23258,0.0
sim23259,88.88888888888889
sim23260,0.0
sim23261,44.44444444444444
sim23262,0.0
sim23263,66.66666666666666
sim23264,0.0
sim23265,88.88888888888889
sim23266,0.0
sim23267,22.22222222222222
sim23268,0.0
sim23269,0.0
sim23270,0.0
sim23271,55.55555555555556
sim23272,0.0
sim23273,0.0
sim23274,0.0
sim23275,0.0
sim23276,0.0
sim23277,66.66666666666666
sim23278,0.0
sim23279,22.22222222222222
sim23280,0.0
sim23281,22.22222222222222
sim23282,0.0
sim23283,0.0
sim23284,0.0
sim23285,0.0
sim23286,0.0
sim23287,100.0
sim23288,0.0
sim23289,0.0
sim23290,0.0
sim23291,66.66666666666666
sim23292,0.0
sim23293,0.0
sim23294,0.0
sim23295,11.11111111111111
sim23296,33.33333333333333
sim23297,0.0
sim23298,0.0
sim23299,0.0
sim23300,11.11111111111111
sim23301,0.0
sim23302,0.0
sim23303,77.77777777777779
sim23304,0.0
sim23305,0.0
sim23306,0.0
sim23307,66.66666666666666
sim23308,0.0
sim23309,0.0
sim23310,0.0
sim23311,77.77777777777779
sim23312,0.0
sim23313,77.77777777777779
sim23314,33.33333333333333
sim23315,0.0
sim23316,0.0
sim23317,0.0
sim23318,0.0
sim23319,0.0
sim23320,0.0
sim23321,100.0
sim23322,0.0
sim23323,0.0
sim23324,0.0
sim23325,66.66666666666666
sim23326,0.0
sim23327,44.44444444444444
sim23328,0.0
sim23329,0.0
sim23330,0.0
sim23331,100.0
sim23332,0.0
sim23333,77.77777777777779
sim23334,0.0
sim23335,66.66666666666666
sim23336,0.0
sim23337,22.22222222222222
sim23338,0.0
sim23339,44.44444444444444
sim23340,0.0
sim23341,0.0
sim23342,0.0
sim23343,66.66666666666666
sim23344,0.0
sim23345,55.55555555555556
sim23346,0.0
sim23347,44.44444444444444
sim23348,0.0
sim23349,100.0
sim23350,0.0
sim23351,0.0
sim23352,0.0
sim23353,0.0
sim23354,0.0
sim23355,0.0
sim23356,0.0
sim23357,55.55555555555556
sim23358,0.0
sim23359,0.0
sim23360,0.0
sim23361,0.0
sim23362,66.66666666666666
sim23363,0.0
sim23364,0.0
sim23365,0.0
sim23366,22.22222222222222
sim23367,0.0
sim23368,0.0
sim23369,0.0
sim23370,77.77777777777779
sim23371,0.0
sim23372,33.33333333333333
sim23373,0.0
sim23374,11.11111111111111
sim23375,0.0
sim23376,55.55555555555556
sim23377,0.0
sim23378,22.22222222222222
sim23379,0.0
sim23380,88.88888888888889
sim23381,0.0
sim23382,0.0
sim23383,55.55555555555556
sim23384,66.66666666666666
sim23385,0.0
sim23386,0.0
sim23387,0.0
sim23388,77.77777777777779
sim23389,0.0
sim23390,0.0
sim23391,0.0
sim23392,44.44444444444444
sim23393,0.0
sim23394,0.0
sim23395,0.0
sim23396,0.0
sim23397,0.0
sim23398,77.77777777777779
sim23399,0.0
sim23400,0.0
sim23401,0.0
sim23402,0.0
sim23403,0.0
sim23404,11.11111111111111
sim23405,22.22222222222222
sim23406,88.88888888888889
sim23407,0.0
sim23408,100.0
sim23409,0.0
sim23410,0.0
sim23411,0.0
sim23412,33.33333333333333
sim23413,0.0
sim23414,44.44444444444444
sim23415,0.0
sim23416,55.55555555555556
sim23417,0.0
sim23418,33.33333333333333
sim23419,0.0
sim23420,11.11111111111111
sim23421,0.0
sim23422,0.0
sim23423,0.0
sim23424,77.77777777777779
sim23425,0.0
sim23426,0.0
sim23427,0.0
sim23428,55.55555555555556
sim23429,55.55555555555556
sim23430,44.44444444444444
sim23431,0.0
sim23432,77.77777777777779
sim23433,0.0
sim23434,0.0
sim23435,0.0
sim23436,22.22222222222222
sim23437,0.0
sim23438,0.0
sim23439,0.0
sim23440,22.22222222222222
sim23441,0.0
sim23442,44.44444444444444
sim23443,22.22222222222222
sim23444,0.0
sim23445,0.0
sim23446,22.22222222222222
sim23447,0.0
sim23448,11.11111111111111
sim23449,0.0
sim23450,0.0
sim23451,0.0
sim23452,0.0
sim23453,0.0
sim23454,88.88888888888889
sim23455,0.0
sim23456,0.0
sim23457,0.0
sim23458,77.77777777777779
sim23459,0.0
sim23460,100.0
sim23461,0.0
sim23462,0.0
sim23463,0.0
sim23464,77.77777777777779
sim23465,0.0
sim23466,0.0
sim23467,0.0
sim23468,22.22222222222222
sim23469,0.0
sim23470,0.0
sim23471,0.0
sim23472,0.0
sim23473,0.0
sim23474,77.77777777777779
sim23475,0.0
sim23476,33.33333333333333
sim23477,0.0
sim23478,0.0
sim23479,0.0
sim23480,0.0
sim23481,0.0
sim23482,33.33333333333333
sim23483,0.0
sim23484,55.55555555555556
sim23485,0.0
sim23486,66.66666666666666
sim23487,0.0
sim23488,0.0
sim23489,33.33333333333333
sim23490,0.0
sim23491,33.33333333333333
sim23492,0.0
sim23493,55.55555555555556
sim23494,0.0
sim23495,0.0
sim23496,0.0
sim23497,44.44444444444444
sim23498,0.0
sim23499,44.44444444444444
sim23500,0.0
sim23501,88.88888888888889
sim23502,0.0
sim23503,0.0
sim23504,0.0
sim23505,0.0
sim23506,0.0
sim23507,66.66666666666666
sim23508,0.0
sim23509,33.33333333333333
sim23510,33.33333333333333
sim23511,11.11111111111111
sim23512,0.0
sim23513,0.0
sim23514,0.0
sim23515,88.88888888888889
sim23516,0.0
sim23517,44.44444444444444
sim23518,0.0
sim23519,66.66666666666666
sim23520,0.0
sim23521,88.88888888888889
sim23522,0.0
sim23523,22.22222222222222
sim23524,0.0
sim23525,0.0
sim23526,0.0
sim23527,55.55555555555556
sim23528,0.0
sim23529,0.0
sim23530,0.0
sim23531,0.0
sim23532,0.0
sim23533,66.66666666666666
sim23534,0.0
sim23535,22.22222222222222
sim23536,0.0
sim23537,33.33333333333333
sim23538,0.0
sim23539,0.0
sim23540,0.0
sim23541,0.0
sim23542,0.0
sim23543,100.0
sim23544,0.0
sim23545,0.0
sim23546,0.0
sim23547,66.66666666666666
sim23548,0.0
sim23549,0.0
sim23550,0.0
sim23551,11.11111111111111
sim23552,33.33333333333333
sim23553,0.0
sim23554,0.0
sim23555,0.0
sim23556,11.11111111111111
sim23557,0.0
sim23558,0.0
sim23559,77.77777777777779
sim23560,0.0
sim23561,0.0
sim23562,0.0
sim23563,66.66666666666666
sim23564,0.0
sim23565,0.0
sim23566,0.0
sim23567,77.77777777777779
sim23568,0.0
sim23569,77.77777777777779
sim23570,33.33333333333333
sim23571,0.0
sim23572,0.0
sim23573,0.0
sim23574,0.0
sim23575,0.0
sim23576,0.0
sim23577,100.0
sim23578,0.0
sim23579,0.0
sim23580,0.0
sim23581,66.66666666666666
sim23582,0.0
sim23583,44.44444444444444
sim23584,0.0
sim23585,0.0
sim23586,0.0
sim23587,100.0
sim23588,0.0
sim23589,77.77777777777779
sim23590,0.0
sim23591,66.66666666666666
sim23592,0.0
sim23593,11.11111111111111
sim23594,0.0
sim23595,55.55555555555556
sim23596,0.0
sim23597,0.0
sim23598,0.0
sim23599,66.66666666666666
sim23600,0.0
sim23601,55.55555555555556
sim23602,0.0
sim23603,44.44444444444444
sim23604,0.0
sim23605,100.0
sim23606,0.0
sim23607,0.0
sim23608,0.0
sim23609,0.0
sim23610,0.0
sim23611,0.0
sim23612,0.0
sim23613,66.66666666666666
sim23614,0.0
sim23615,0.0
sim23616,0.0
sim23617,0.0
sim23618,66.66666666666666
sim23619,0.0
sim23620,0.0
sim23621,0.0
sim23622,11.11111111111111
sim23623,0.0
sim23624,0.0
sim23625,0.0
sim23626,77.77777777777779
sim23627,0.0
sim23628,33.33333333333333
sim23629,0.0
sim23630,33.33333333333333
sim23631,0.0
sim23632,44.44444444444444
sim23633,0.0
sim23634,22.22222222222222
sim23635,0.0
sim23636,88.88888888888889
sim23637,0.0
sim23638,0.0
sim23639,55.55555555555556
sim23640,66.66666666666666
sim23641,0.0
sim23642,0.0
sim23643,0.0
sim23644,77.77777777777779
sim23645,0.0
sim23646,0.0
sim23647,0.0
sim23648,44.44444444444444
sim23649,0.0
sim23650,44.44444444444444
sim23651,0.0
sim23652,0.0
sim23653,0.0
sim23654,66.66666666666666
sim23655,0.0
sim23656,0.0
sim23657,0.0
sim23658,11.11111111111111
sim23659,0.0
sim23660,11.11111111111111
sim23661,22.22222222222222
sim23662,88.88888888888889
sim23663,0.0
sim23664,100.0
sim23665,0.0
sim23666,0.0
sim23667,0.0
sim23668,44.44444444444444
sim23669,0.0
sim23670,44.44444444444444
sim23671,0.0
sim23672,44.44444444444444
sim23673,0.0
sim23674,33.33333333333333
sim23675,0.0
sim23676,11.11111111111111
sim23677,0.0
sim23678,0.0
sim23679,0.0
sim23680,77.77777777777779
sim23681,0.0
sim23682,0.0
sim23683,0.0
sim23684,55.55555555555556
sim23685,66.66666666666666
sim23686,44.44444444444444
sim23687,0.0
sim23688,77.77777777777779
sim23689,0.0
sim23690,0.0
sim23691,0.0
sim23692,33.33333333333333
sim23693,0.0
sim23694,0.0
sim23695,0.0
sim23696,33.33333333333333
sim23697,0.0
sim23698,33.33333333333333
sim23699,22.22222222222222
sim23700,0.0
sim23701,0.0
sim23702,33.33333333333333
sim23703,0.0
sim23704,22.22222222222222
sim23705,0.0
sim23706,0.0
sim23707,0.0
sim23708,0.0
sim23709,0.0
sim23710,88.88888888888889
sim23711,0.0
sim23712,0.0
sim23713,0.0
sim23714,77.77777777777779
sim23715,0.0
sim23716,100.0
sim23717,0.0
sim23718,0.0
sim23719,0.0
sim23720,77.77777777777779
sim23721,0.0
sim23722,0.0
sim23723,0.0
sim23724,22.22222222222222
sim23725,0.0
sim23726,0.0
sim23727,0.0
sim23728,0.0
sim23729,0.0
sim23730,77.77777777777779
sim23731,0.0
sim23732,33.33333333333333
sim23733,0.0
sim23734,0.0
sim23735,0.0
sim23736,0.0
sim23737,0.0
sim23738,22.22222222222222
sim23739,0.0
sim23740,55.55555555555556
sim23741,0.0
sim23742,66.66666666666666
sim23743,0.0
sim23744,0.0
sim23745,33.33333333333333
sim23746,0.0
sim23747,33.33333333333333
sim23748,0.0
sim23749,44.44444444444444
sim23750,0.0
sim23751,0.0
sim23752,0.0
sim23753,66.66666666666666
sim23754,0.0
sim23755,44.44444444444444
sim23756,0.0
sim23757,88.88888888888889
sim23758,0.0
sim23759,0.0
sim23760,0.0
sim23761,0.0
sim23762,0.0
sim23763,66.66666666666666
sim23764,0.0
sim23765,33.33333333333333
sim23766,33.33333333333333
sim23767,22.22222222222222
sim23768,0.0
sim23769,0.0
sim23770,0.0
sim23771,88.88888888888889
sim23772,0.0
sim23773,44.44444444444444
sim23774,0.0
sim23775,66.66666666666666
sim23776,0.0
sim23777,88.88888888888889
sim23778,0.0
sim23779,22.22222222222222
sim23780,0.0
sim23781,0.0
sim23782,0.0
sim23783,55.55555555555556
sim23784,0.0
sim23785,0.0
sim23786,0.0
sim23787,0.0
sim23788,0.0
sim23789,66.66666666666666
sim23790,0.0
sim23791,22.22222222222222
sim23792,0.0
sim23793,33.33333333333333
sim23794,0.0
sim23795,0.0
sim23796,0.0
sim23797,0.0
sim23798,0.0
sim23799,100.0
sim23800,0.0
sim23801,0.0
sim23802,0.0
sim23803,66.66666666666666
sim23804,0.0
sim23805,0.0
sim23806,0.0
sim23807,11.11111111111111
sim23808,33.33333333333333
sim23809,0.0
sim23810,0.0
sim23811,0.0
sim23812,11.11111111111111
sim23813,0.0
sim23814,0.0
sim23815,77.77777777777779
sim23816,0.0
sim23817,0.0
sim23818,0.0
sim23819,66.66666666666666
sim23820,0.0
sim23821,0.0
sim23822,0.0
sim23823,77.77777777777779
sim23824,0.0
sim23825,77.77777777777779
sim23826,33.33333333333333
sim23827,0.0
sim23828,0.0
sim23829,0.0
sim23830,0.0
sim23831,0.0
sim23832,0.0
sim23833,100.0
sim23834,0.0
sim23835,0.0
sim23836,0.0
sim23837,66.66666666666666
sim23838,0.0
sim23839,44.44444444444444
sim23840,0.0
sim23841,0.0
sim23842,0.0
sim23843,100.0
sim23844,0.0
sim23845,77.77777777777779
sim23846,0.0
sim23847,66.66666666666666
sim23848,0.0
sim23849,22.22222222222222
sim23850,0.0
sim23851,44.44444444444444
sim23852,0.0
sim23853,0.0
sim23854,0.0
sim23855,66.66666666666666
sim23856,0.0
sim23857,55.55555555555556
sim23858,0.0
sim23859,44.44444444444444
sim23860,0.0
sim23861,100.0
sim23862,0.0
sim23863,0.0
sim23864,0.0
sim23865,0.0
sim23866,0.0
sim23867,0.0
sim23868,0.0
sim23869,55.55555555555556
sim23870,0.0
sim23871,0.0
sim23872,0.0
sim23873,0.0
sim23874,66.66666666666666
sim23875,0.0
sim23876,0.0
sim23877,0.0
sim23878,22.22222222222222
sim23879,0.0
sim23880,0.0
sim23881,0.0
sim23882,77.77777777777779
sim23883,0.0
sim23884,33.33333333333333
sim23885,0.0
sim23886,11.11111111111111
sim23887,0.0
sim23888,44.44444444444444
sim23889,0.0
sim23890,22.22222222222222
sim23891,0.0
sim23892,88.88888888888889
sim23893,0.0
sim23894,0.0
sim23895,55.55555555555556
sim23896,66.66666666666666
sim23897,0.0
sim23898,0.0
sim23899,0.0
sim23900,77.77777777777779
sim23901,0.0
sim23902,0.0
sim23903,0.0
sim23904,44.44444444444444
sim23905,0.0
sim23906,0.0
sim23907,0.0
sim23908,0.0
sim23909,0.0
sim23910,77.77777777777779
sim23911,0.0
sim23912,0.0
sim23913,0.0
sim23914,0.0
sim23915,0.0
sim23916,11.11111111111111
sim23917,22.22222222222222
sim23918,88.88888888888889
sim23919,0.0
sim23920,100.0
sim23921,0.0
sim23922,0.0
sim23923,0.0
sim23924,33.33333333333333
sim23925,0.0
sim23926,44.44444444444444
sim23927,0.0
sim23928,55.55555555555556
sim23929,0.0
sim23930,33.33333333333333
sim23931,0.0
sim23932,22.22222222222222
sim23933,0.0
sim23934,0.0
sim23935,0.0
sim23936,77.77777777777779
sim23937,0.0
sim23938,0.0
sim23939,0.0
sim23940,55.55555555555556
sim23941,55.55555555555556
sim23942,44.44444444444444
sim23943,0.0
sim23944,77.77777777777779
sim23945,0.0
sim23946,0.0
sim23947,0.0
sim23948,22.22222222222222
sim23949,0.0
sim23950,0.0
sim23951,0.0
sim23952,33.33333333333333
sim23953,0.0
sim23954,33.33333333333333
sim23955,22.22222222222222
sim23956,0.0
sim23957,0.0
sim23958,22.22222222222222
sim23959,0.0
sim23960,11.11111111111111
sim23961,0.0
sim23962,0.0
sim23963,0.0
sim23964,0.0
sim23965,0.0
sim23966,88.88888888888889
sim23967,0.0
sim23968,0.0
sim23969,0.0
sim23970,77.77777777777779
sim23971,0.0
sim23972,100.0
sim23973,0.0
sim23974,0.0
sim23975,0.0
sim23976,77.77777777777779
sim23977,0.0
sim23978,0.0
sim23979,0.0
sim23980,22.22222222222222
sim23981,0.0
sim23982,0.0
sim23983,0.0
sim23984,0.0
sim23985,0.0
sim23986,77.77777777777779
sim23987,0.0
sim23988,33.33333333333333
sim23989,0.0
sim23990,0.0
sim23991,0.0
sim23992,0.0
sim23993,0.0
sim23994,33.33333333333333
sim23995,0.0
sim23996,55.55555555555556
sim23997,0.0
sim23998,66.66666666666666
sim23999,0.0
sim24000,0.0
sim24001,33.33333333333333
sim24002,0.0
sim24003,33.33333333333333
sim24004,0.0
sim24005,55.55555555555556
sim24006,0.0
sim24007,0.0
sim24008,0.0
sim24009,44.44444444444444
sim24010,0.0
sim24011,44.44444444444444
sim24012,0.0
sim24013,88.88888888888889
sim24014,0.0
sim24015,0.0
sim24016,0.0
sim24017,0.0
sim24018,0.0
sim24019,66.66666666666666
sim24020,0.0
sim24021,33.33333333333333
sim24022,33.33333333333333
sim24023,11.11111111111111
sim24024,0.0
sim24025,0.0
sim24026,0.0
sim24027,88.88888888888889
sim24028,0.0
sim24029,44.44444444444444
sim24030,0.0
sim24031,66.66666666666666
sim24032,0.0
sim24033,88.88888888888889
sim24034,0.0
sim24035,22.22222222222222
sim24036,0.0
sim24037,0.0
sim24038,0.0
sim24039,55.55555555555556
sim24040,0.0
sim24041,0.0
sim24042,0.0
sim24043,0.0
sim24044,0.0
sim24045,66.66666666666666
sim24046,0.0
sim24047,22.22222222222222
sim24048,0.0
sim24049,33.33333333333333
sim24050,0.0
sim24051,0.0
sim24052,0.0
sim24053,0.0
sim24054,0.0
sim24055,100.0
sim24056,0.0
sim24057,0.0
sim24058,0.0
sim24059,66.66666666666666
sim24060,0.0
sim24061,0.0
sim24062,0.0
sim24063,0.0
sim24064,33.33333333333333
sim24065,0.0
sim24066,0.0
sim24067,0.0
sim24068,11.11111111111111
sim24069,0.0
sim24070,0.0
sim24071,77.77777777777779
sim24072,0.0
sim24073,0.0
sim24074,0.0
sim24075,66.66666666666666
sim24076,0.0
sim24077,0.0
sim24078,0.0
sim24079,77.77777777777779
sim24080,0.0
sim24081,77.77777777777779
sim24082,33.33333333333333
sim24083,0.0
sim24084,0.0
sim24085,0.0
sim24086,0.0
sim24087,0.0
sim24088,0.0
sim24089,100.0
sim24090,0.0
sim24091,0.0
sim24092,0.0
sim24093,66.66666666666666
sim24094,0.0
sim24095,44.44444444444444
sim24096,0.0
sim24097,0.0
sim24098,0.0
sim24099,100.0
sim24100,0.0
sim24101,77.77777777777779
sim24102,0.0
sim24103,66.66666666666666
sim24104,0.0
sim24105,22.22222222222222
sim24106,0.0
sim24107,44.44444444444444
sim24108,0.0
sim24109,0.0
sim24110,0.0
sim24111,66.66666666666666
sim24112,0.0
sim24113,55.55555555555556
sim24114,0.0
sim24115,44.44444444444444
sim24116,0.0
sim24117,100.0
sim24118,0.0
sim24119,0.0
sim24120,0.0
sim24121,0.0
sim24122,0.0
sim24123,0.0
sim24124,0.0
sim24125,55.55555555555556
sim24126,0.0
sim24127,0.0
sim24128,0.0
sim24129,0.0
sim24130,66.66666666666666
sim24131,0.0
sim24132,0.0
sim24133,0.0
sim24134,22.22222222222222
sim24135,0.0
sim24136,0.0
sim24137,0.0
sim24138,77.77777777777779
sim24139,0.0
sim24140,33.33333333333333
sim24141,0.0
sim24142,11.11111111111111
sim24143,0.0
sim24144,55.55555555555556
sim24145,0.0
sim24146,22.22222222222222
sim24147,0.0
sim24148,88.88888888888889
sim24149,0.0
sim24150,0.0
sim24151,55.55555555555556
sim24152,66.66666666666666
sim24153,0.0
sim24154,0.0
sim24155,0.0
sim24156,77.77777777777779
sim24157,0.0
sim24158,0.0
sim24159,0.0
sim24160,44.44444444444444
sim24161,0.0
sim24162,0.0
sim24163,0.0
sim24164,0.0
sim24165,0.0
sim24166,77.77777777777779
sim24167,0.0
sim24168,0.0
sim24169,0.0
sim24170,0.0
sim24171,0.0
sim24172,11.11111111111111
sim24173,22.22222222222222
sim24174,88.88888888888889
sim24175,0.0
sim24176,100.0
sim24177,0.0
sim24178,0.0
sim24179,0.0
sim24180,33.33333333333333
sim24181,0.0
sim24182,44.44444444444444
sim24183,0.0
sim24184,55.55555555555556
sim24185,0.0
sim24186,33.33333333333333
sim24187,0.0
sim24188,11.11111111111111
sim24189,0.0
sim24190,0.0
sim24191,0.0
sim24192,77.77777777777779
sim24193,0.0
sim24194,0.0
sim24195,0.0
sim24196,55.55555555555556
sim24197,55.55555555555556
sim24198,44.44444444444444
sim24199,0.0
sim24200,77.77777777777779
sim24201,0.0
sim24202,0.0
sim24203,0.0
sim24204,11.11111111111111
sim24205,0.0
sim24206,0.0
sim24207,0.0
sim24208,22.22222222222222
sim24209,0.0
sim24210,44.44444444444444
sim24211,22.22222222222222
sim24212,0.0
sim24213,0.0
sim24214,22.22222222222222
sim24215,0.0
sim24216,11.11111111111111
sim24217,0.0
sim24218,0.0
sim24219,0.0
sim24220,0.0
sim24221,0.0
sim24222,88.88888888888889
sim24223,0.0
sim24224,0.0
sim24225,0.0
sim24226,77.77777777777779
sim24227,0.0
sim24228,100.0
sim24229,0.0
sim24230,0.0
sim24231,0.0
sim24232,77.77777777777779
sim24233,0.0
sim24234,0.0
sim24235,0.0
sim24236,22.22222222222222
sim24237,0.0
sim24238,0.0
sim24239,0.0
sim24240,0.0
sim24241,0.0
sim24242,77.77777777777779
sim24243,0.0
sim24244,33.33333333333333
sim24245,0.0
sim24246,0.0
sim24247,0.0
sim24248,0.0
sim24249,0.0
sim24250,33.33333333333333
sim24251,0.0
sim24252,55.55555555555556
sim24253,0.0
sim24254,66.66666666666666
sim24255,0.0
sim24256,0.0
sim24257,33.33333333333333
sim24258,0.0
sim24259,33.33333333333333
sim24260,0.0
sim24261,55.55555555555556
sim24262,0.0
sim24263,0.0
sim24264,0.0
sim24265,44.44444444444444
sim24266,0.0
sim24267,44.44444444444444
sim24268,0.0
sim24269,88.88888888888889
sim24270,0.0
sim24271,0.0
sim24272,0.0
sim24273,0.0
sim24274,0.0
sim24275,66.66666666666666
sim24276,0.0
sim24277,33.33333333333333
sim24278,33.33333333333333
sim24279,11.11111111111111
sim24280,0.0
sim24281,0.0
sim24282,0.0
sim24283,88.88888888888889
sim24284,0.0
sim24285,44.44444444444444
sim24286,0.0
sim24287,66.66666666666666
sim24288,0.0
sim24289,88.88888888888889
sim24290,0.0
sim24291,22.22222222222222
sim24292,0.0
sim24293,0.0
sim24294,0.0
sim24295,55.55555555555556
sim24296,0.0
sim24297,0.0
sim24298,0.0
sim24299,0.0
sim24300,0.0
sim24301,66.66666666666666
sim24302,0.0
sim24303,22.22222222222222
sim24304,0.0
sim24305,33.33333333333333
sim24306,0.0
sim24307,0.0
sim24308,0.0
sim24309,0.0
sim24310,0.0
sim24311,100.0
sim24312,0.0
sim24313,0.0
sim24314,0.0
sim24315,66.66666666666666
sim24316,0.0
sim24317,0.0
sim24318,0.0
sim24319,11.11111111111111
sim24320,33.33333333333333
sim24321,0.0
sim24322,0.0
sim24323,0.0
sim24324,11.11111111111111
sim24325,0.0
sim24326,0.0
sim24327,77.77777777777779
sim24328,0.0
sim24329,0.0
sim24330,0.0
sim24331,66.66666666666666
sim24332,0.0
sim24333,0.0
sim24334,0.0
sim24335,77.77777777777779
sim24336,0.0
sim24337,77.77777777777779
sim24338,33.33333333333333
sim24339,0.0
sim24340,0.0
sim24341,0.0
sim24342,0.0
sim24343,0.0
sim24344,0.0
sim24345,100.0
sim24346,0.0
sim24347,0.0
sim24348,0.0
sim24349,66.66666666666666
sim24350,0.0
sim24351,44.44444444444444
sim24352,0.0
sim24353,0.0
sim24354,0.0
sim24355,100.0
sim24356,0.0
sim24357,77.77777777777779
sim24358,0.0
sim24359,66.66666666666666
sim24360,0.0
sim24361,22.22222222222222
sim24362,0.0
sim24363,44.44444444444444
sim24364,0.0
sim24365,0.0
sim24366,0.0
sim24367,66.66666666666666
sim24368,0.0
sim24369,55.55555555555556
sim24370,0.0
sim24371,44.44444444444444
sim24372,0.0
sim24373,100.0
sim24374,0.0
sim24375,0.0
sim24376,0.0
sim24377,0.0
sim24378,0.0
sim24379,0.0
sim24380,0.0
sim24381,55.55555555555556
sim24382,0.0
sim24383,0.0
sim24384,0.0
sim24385,0.0
sim24386,66.66666666666666
sim24387,0.0
sim24388,0.0
sim24389,0.0
sim24390,11.11111111111111
sim24391,0.0
sim24392,0.0
sim24393,0.0
sim24394,77.77777777777779
sim24395,0.0
sim24396,33.33333333333333
sim24397,0.0
sim24398,11.11111111111111
sim24399,0.0
sim24400,55.55555555555556
sim24401,0.0
sim24402,22.22222222222222
sim24403,0.0
sim24404,88.88888888888889
sim24405,0.0
sim24406,0.0
sim24407,66.66666666666666
sim24408,66.66666666666666
sim24409,0.0
sim24410,0.0
sim24411,0.0
sim24412,77.77777777777779
sim24413,0.0
sim24414,0.0
sim24415,0.0
sim24416,44.44444444444444
sim24417,0.0
sim24418,0.0
sim24419,0.0
sim24420,0.0
sim24421,0.0
sim24422,77.77777777777779
sim24423,0.0
sim24424,0.0
sim24425,0.0
sim24426,0.0
sim24427,0.0
sim24428,11.11111111111111
sim24429,22.22222222222222
sim24430,88.88888888888889
sim24431,0.0
sim24432,100.0
sim24433,0.0
sim24434,0.0
sim24435,0.0
sim24436,11.11111111111111
sim24437,0.0
sim24438,44.44444444444444
sim24439,0.0
sim24440,55.55555555555556
sim24441,0.0
sim24442,33.33333333333333
sim24443,0.0
sim24444,11.11111111111111
sim24445,0.0
sim24446,0.0
sim24447,0.0
sim24448,77.77777777777779
sim24449,0.0
sim24450,0.0
sim24451,0.0
sim24452,55.55555555555556
sim24453,55.55555555555556
sim24454,44.44444444444444
sim24455,0.0
sim24456,77.77777777777779
sim24457,0.0
sim24458,0.0
sim24459,0.0
sim24460,22.22222222222222
sim24461,0.0
sim24462,0.0
sim24463,0.0
sim24464,22.22222222222222
sim24465,0.0
sim24466,44.44444444444444
sim24467,22.22222222222222
sim24468,0.0
sim24469,0.0
sim24470,22.22222222222222
sim24471,0.0
sim24472,11.11111111111111
sim24473,0.0
sim24474,0.0
sim24475,0.0
sim24476,0.0
sim24477,0.0
sim24478,88.88888888888889
sim24479,0.0
sim24480,0.0
sim24481,0.0
sim24482,77.77777777777779
sim24483,0.0
sim24484,100.0
sim24485,0.0
sim24486,0.0
sim24487,0.0
sim24488,77.77777777777779
sim24489,0.0
sim24490,0.0
sim24491,0.0
sim24492,22.22222222222222
sim24493,0.0
sim24494,0.0
sim24495,0.0
sim24496,0.0
sim24497,0.0
sim24498,77.77777777777779
sim24499,0.0
sim24500,33.33333333333333
sim24501,0.0
sim24502,0.0
sim24503,0.0
sim24504,0.0
sim24505,0.0
sim24506,33.33333333333333
sim24507,0.0
sim24508,44.44444444444444
sim24509,0.0
sim24510,66.66666666666666
sim24511,0.0
sim24512,0.0
sim24513,33.33333333333333
sim24514,0.0
sim24515,33.33333333333333
sim24516,0.0
sim24517,55.55555555555556
sim24518,0.0
sim24519,0.0
sim24520,0.0
sim24521,44.44444444444444
sim24522,0.0
sim24523,44.44444444444444
sim24524,0.0
sim24525,88.88888888888889
sim24526,0.0
sim24527,0.0
sim24528,0.0
sim24529,0.0
sim24530,0.0
sim24531,66.66666666666666
sim24532,0.0
sim24533,33.33333333333333
sim24534,33.33333333333333
sim24535,11.11111111111111
sim24536,0.0
sim24537,0.0
sim24538,0.0
sim24539,88.88888888888889
sim24540,0.0
sim24541,44.44444444444444
sim24542,0.0
sim24543,66.66666666666666
sim24544,0.0
sim24545,88.88888888888889
sim24546,0.0
sim24547,22.22222222222222
sim24548,0.0
sim24549,0.0
sim24550,0.0
sim24551,55.55555555555556
sim24552,0.0
sim24553,0.0
sim24554,0.0
sim24555,0.0
sim24556,0.0
sim24557,66.66666666666666
sim24558,0.0
sim24559,22.22222222222222
sim24560,0.0
sim24561,33.33333333333333
sim24562,0.0
sim24563,0.0
sim24564,0.0
sim24565,0.0
sim24566,0.0
sim24567,100.0
sim24568,0.0
sim24569,0.0
sim24570,0.0
sim24571,77.77777777777779
sim24572,0.0
sim24573,0.0
sim24574,0.0
sim24575,11.11111111111111
sim24576,33.33333333333333
sim24577,0.0
sim24578,0.0
sim24579,0.0
sim24580,11.11111111111111
sim24581,0.0
sim24582,0.0
sim24583,77.77777777777779
sim24584,0.0
sim24585,0.0
sim24586,0.0
sim24587,66.66666666666666
sim24588,0.0
sim24589,0.0
sim24590,0.0
sim24591,77.77777777777779
sim24592,0.0
sim24593,77.77777777777779
sim24594,33.33333333333333
sim24595,0.0
sim24596,0.0
sim24597,0.0
sim24598,0.0
sim24599,0.0
sim24600,0.0
sim24601,100.0
sim24602,0.0
sim24603,0.0
sim24604,0.0
sim24605,66.66666666666666
sim24606,0.0
sim24607,44.44444444444444
sim24608,0.0
sim24609,0.0
sim24610,0.0
sim24611,100.0
sim24612,0.0
sim24613,77.77777777777779
sim24614,0.0
sim24615,66.66666666666666
sim24616,0.0
sim24617,22.22222222222222
sim24618,0.0
sim24619,44.44444444444444
sim24620,0.0
sim24621,0.0
sim24622,0.0
sim24623,66.66666666666666
sim24624,0.0
sim24625,55.55555555555556
sim24626,0.0
sim24627,44.44444444444444
sim24628,0.0
sim24629,100.0
sim24630,0.0
sim24631,0.0
sim24632,0.0
sim24633,0.0
sim24634,0.0
sim24635,0.0
sim24636,0.0
sim24637,55.55555555555556
sim24638,0.0
sim24639,0.0
sim24640,0.0
sim24641,0.0
sim24642,66.66666666666666
sim24643,0.0
sim24644,0.0
sim24645,0.0
sim24646,22.22222222222222
sim24647,0.0
sim24648,0.0
sim24649,0.0
sim24650,77.77777777777779
sim24651,0.0
sim24652,33.33333333333333
sim24653,0.0
sim24654,11.11111111111111
sim24655,0.0
sim24656,44.44444444444444
sim24657,0.0
sim24658,22.22222222222222
sim24659,0.0
sim24660,88.88888888888889
sim24661,0.0
sim24662,0.0
sim24663,55.55555555555556
sim24664,66.66666666666666
sim24665,0.0
sim24666,0.0
sim24667,0.0
sim24668,77.77777777777779
sim24669,0.0
sim24670,0.0
sim24671,0.0
sim24672,44.44444444444444
sim24673,0.0
sim24674,0.0
sim24675,0.0
sim24676,0.0
sim24677,0.0
sim24678,77.77777777777779
sim24679,0.0
sim24680,0.0
sim24681,0.0
sim24682,0.0
sim24683,0.0
sim24684,11.11111111111111
sim24685,22.22222222222222
sim24686,88.88888888888889
sim24687,0.0
sim24688,100.0
sim24689,0.0
sim24690,0.0
sim24691,0.0
sim24692,33.33333333333333
sim24693,0.0
sim24694,44.44444444444444
sim24695,0.0
sim24696,55.55555555555556
sim24697,0.0
sim24698,33.33333333333333
sim24699,0.0
sim24700,11.11111111111111
sim24701,0.0
sim24702,0.0
sim24703,0.0
sim24704,77.77777777777779
sim24705,0.0
sim24706,0.0
sim24707,0.0
sim24708,55.55555555555556
sim24709,55.55555555555556
sim24710,44.44444444444444
sim24711,0.0
sim24712,77.77777777777779
sim24713,0.0
sim24714,0.0
sim24715,0.0
sim24716,11.11111111111111
sim24717,0.0
sim24718,0.0
sim24719,0.0
sim24720,22.22222222222222
sim24721,0.0
sim24722,44.44444444444444
sim24723,22.22222222222222
sim24724,0.0
sim24725,0.0
sim24726,22.22222222222222
sim24727,0.0
sim24728,0.0
sim24729,0.0
sim24730,11.11111111111111
sim24731,0.0
sim24732,0.0
sim24733,0.0
sim24734,88.88888888888889
sim24735,0.0
sim24736,0.0
sim24737,0.0
sim24738,77.77777777777779
sim24739,0.0
sim24740,100.0
sim24741,0.0
sim24742,0.0
sim24743,0.0
sim24744,77.77777777777779
sim24745,0.0
sim24746,0.0
sim24747,0.0
sim24748,22.22222222222222
sim24749,0.0
sim24750,0.0
sim24751,0.0
sim24752,0.0
sim24753,0.0
sim24754,77.77777777777779
sim24755,0.0
sim24756,33.33333333333333
sim24757,0.0
sim24758,0.0
sim24759,0.0
sim24760,0.0
sim24761,0.0
sim24762,33.33333333333333
sim24763,0.0
sim24764,55.55555555555556
sim24765,0.0
sim24766,66.66666666666666
sim24767,0.0
sim24768,0.0
sim24769,33.33333333333333
sim24770,0.0
sim24771,33.33333333333333
sim24772,0.0
sim24773,55.55555555555556
sim24774,0.0
sim24775,0.0
sim24776,0.0
sim24777,44.44444444444444
sim24778,0.0
sim24779,44.44444444444444
sim24780,0.0
sim24781,88.88888888888889
sim24782,0.0
sim24783,0.0
sim24784,0.0
sim24785,0.0
sim24786,0.0
sim24787,66.66666666666666
sim24788,0.0
sim24789,33.33333333333333
sim24790,44.44444444444444
sim24791,11.11111111111111
sim24792,0.0
sim24793,0.0
sim24794,0.0
sim24795,88.88888888888889
sim24796,0.0
sim24797,44.44444444444444
sim24798,0.0
sim24799,66.66666666666666
sim24800,0.0
sim24801,88.88888888888889
sim24802,0.0
sim24803,22.22222222222222
sim24804,0.0
sim24805,0.0
sim24806,0.0
sim24807,55.55555555555556
sim24808,0.0
sim24809,0.0
sim24810,0.0
sim24811,0.0
sim24812,0.0
sim24813,66.66666666666666
sim24814,0.0
sim24815,22.22222222222222
sim24816,0.0
sim24817,33.33333333333333
sim24818,0.0
sim24819,0.0
sim24820,0.0
sim24821,0.0
sim24822,0.0
sim24823,100.0
sim24824,0.0
sim24825,0.0
sim24826,0.0
sim24827,77.77777777777779
sim24828,0.0
sim24829,0.0
sim24830,0.0
sim24831,0.0
sim24832,33.33333333333333
sim24833,0.0
sim24834,0.0
sim24835,0.0
sim24836,11.11111111111111
sim24837,0.0
sim24838,0.0
sim24839,77.77777777777779
sim24840,0.0
sim24841,0.0
sim24842,0.0
sim24843,66.66666666666666
sim24844,0.0
sim24845,0.0
sim24846,0.0
sim24847,77.77777777777779
sim24848,0.0
sim24849,77.77777777777779
sim24850,33.33333333333333
sim24851,0.0
sim24852,0.0
sim24853,0.0
sim24854,0.0
sim24855,0.0
sim24856,0.0
sim24857,100.0
sim24858,0.0
sim24859,0.0
sim24860,0.0
sim24861,66.66666666666666
sim24862,0.0
sim24863,44.44444444444444
sim24864,0.0
sim24865,0.0
sim24866,0.0
sim24867,100.0
sim24868,0.0
sim24869,77.77777777777779
sim24870,0.0
sim24871,66.66666666666666
sim24872,0.0
sim24873,22.22222222222222
sim24874,0.0
sim24875,44.44444444444444
sim24876,0.0
sim24877,0.0
sim24878,0.0
sim24879,66.66666666666666
sim24880,0.0
sim24881,55.55555555555556
sim24882,0.0
sim24883,44.44444444444444
sim24884,0.0
sim24885,100.0
sim24886,0.0
sim24887,0.0
sim24888,0.0
sim24889,0.0
sim24890,0.0
sim24891,0.0
sim24892,0.0
sim24893,55.55555555555556
sim24894,0.0
sim24895,0.0
sim24896,0.0
sim24897,0.0
sim24898,66.66666666666666
sim24899,0.0
sim24900,0.0
sim24901,0.0
sim24902,22.22222222222222
sim24903,0.0
sim24904,0.0
sim24905,0.0
sim24906,77.77777777777779
sim24907,0.0
sim24908,33.33333333333333
sim24909,0.0
sim24910,11.11111111111111
sim24911,0.0
sim24912,55.55555555555556
sim24913,0.0
sim24914,22.22222222222222
sim24915,0.0
sim24916,88.88888888888889
sim24917,0.0
sim24918,0.0
sim24919,55.55555555555556
sim24920,66.66666666666666
sim24921,0.0
sim24922,0.0
sim24923,0.0
sim24924,77.77777777777779
sim24925,0.0
sim24926,0.0
sim24927,0.0
sim24928,44.44444444444444
sim24929,0.0
sim24930,0.0
sim24931,0.0
sim24932,0.0
sim24933,0.0
sim24934,77.77777777777779
sim24935,0.0
sim24936,0.0
sim24937,0.0
sim24938,0.0
sim24939,0.0
sim24940,11.11111111111111
sim24941,22.22222222222222
sim24942,88.88888888888889
sim24943,0.0
sim24944,100.0
sim24945,0.0
sim24946,0.0
sim24947,0.0
sim24948,33.33333333333333
sim24949,0.0
sim24950,44.44444444444444
sim24951,0.0
sim24952,55.55555555555556
sim24953,0.0
sim24954,33.33333333333333
sim24955,0.0
sim24956,11.11111111111111
sim24957,0.0
sim24958,0.0
sim24959,0.0
sim24960,77.77777777777779
sim24961,0.0
sim24962,0.0
sim24963,0.0
sim24964,55.55555555555556
sim24965,55.55555555555556
sim24966,44.44444444444444
sim24967,0.0
sim24968,77.77777777777779
sim24969,0.0
sim24970,0.0
sim24971,0.0
sim24972,11.11111111111111
sim24973,0.0
sim24974,0.0
sim24975,0.0
sim24976,22.22222222222222
sim24977,0.0
sim24978,44.44444444444444
sim24979,22.22222222222222
sim24980,0.0
sim24981,0.0
sim24982,22.22222222222222
sim24983,0.0
sim24984,11.11111111111111
sim24985,0.0
sim24986,0.0
sim24987,0.0
sim24988,0.0
sim24989,0.0
sim24990,88.88888888888889
sim24991,0.0
sim24992,0.0
sim24993,0.0
sim24994,77.77777777777779
sim24995,0.0
sim24996,100.0
sim24997,0.0
sim24998,0.0
sim24999,0.0
sim25000,77.77777777777779
sim25001,0.0
sim25002,0.0
sim25003,0.0
sim25004,22.22222222222222
sim25005,0.0
sim25006,0.0
sim25007,0.0
sim25008,0.0
sim25009,0.0
sim25010,77.77777777777779
sim25011,0.0
sim25012,33.33333333333333
sim25013,0.0
sim25014,0.0
sim25015,0.0
sim25016,0.0
sim25017,0.0
sim25018,33.33333333333333
sim25019,0.0
sim25020,55.55555555555556
sim25021,0.0
sim25022,66.66666666666666
sim25023,0.0
sim25024,0.0
sim25025,33.33333333333333
sim25026,0.0
sim25027,33.33333333333333
sim25028,0.0
sim25029,55.55555555555556
sim25030,0.0
sim25031,0.0
sim25032,0.0
sim25033,44.44444444444444
sim25034,0.0
sim25035,44.44444444444444
sim25036,0.0
sim25037,88.88888888888889
sim25038,0.0
sim25039,0.0
sim25040,0.0
sim25041,0.0
sim25042,0.0
sim25043,66.66666666666666
sim25044,0.0
sim25045,33.33333333333333
sim25046,33.33333333333333
sim25047,11.11111111111111
sim25048,0.0
sim25049,0.0
sim25050,0.0
sim25051,88.88888888888889
sim25052,0.0
sim25053,44.44444444444444
sim25054,0.0
sim25055,66.66666666666666
sim25056,0.0
sim25057,88.88888888888889
sim25058,0.0
sim25059,22.22222222222222
sim25060,0.0
sim25061,0.0
sim25062,0.0
sim25063,55.55555555555556
sim25064,0.0
sim25065,0.0
sim25066,0.0
sim25067,0.0
sim25068,0.0
sim25069,66.66666666666666
sim25070,0.0
sim25071,22.22222222222222
sim25072,0.0
sim25073,33.33333333333333
sim25074,0.0
sim25075,0.0
sim25076,0.0
sim25077,0.0
sim25078,0.0
sim25079,100.0
sim25080,0.0
sim25081,0.0
sim25082,0.0
sim25083,66.66666666666666
sim25084,0.0
sim25085,0.0
sim25086,0.0
sim25087,11.11111111111111
sim25088,33.33333333333333
sim25089,0.0
sim25090,0.0
sim25091,0.0
sim25092,11.11111111111111
sim25093,0.0
sim25094,0.0
sim25095,77.77777777777779
sim25096,0.0
sim25097,0.0
sim25098,0.0
sim25099,66.66666666666666
sim25100,0.0
sim25101,0.0
sim25102,0.0
sim25103,77.77777777777779
sim25104,0.0
sim25105,77.77777777777779
sim25106,33.33333333333333
sim25107,0.0
sim25108,0.0
sim25109,0.0
sim25110,0.0
sim25111,0.0
sim25112,0.0
sim25113,100.0
sim25114,0.0
sim25115,0.0
sim25116,0.0
sim25117,66.66666666666666
sim25118,0.0
sim25119,44.44444444444444
sim25120,0.0
sim25121,0.0
sim25122,0.0
sim25123,100.0
sim25124,0.0
sim25125,77.77777777777779
sim25126,0.0
sim25127,66.66666666666666
sim25128,0.0
sim25129,22.22222222222222
sim25130,0.0
sim25131,44.44444444444444
sim25132,0.0
sim25133,0.0
sim25134,0.0
sim25135,66.66666666666666
sim25136,0.0
sim25137,55.55555555555556
sim25138,0.0
sim25139,44.44444444444444
sim25140,0.0
sim25141,100.0
sim25142,0.0
sim25143,0.0
sim25144,0.0
sim25145,0.0
sim25146,0.0
sim25147,0.0
sim25148,0.0
sim25149,66.66666666666666
sim25150,0.0
sim25151,0.0
sim25152,0.0
sim25153,0.0
sim25154,66.66666666666666
sim25155,0.0
sim25156,0.0
sim25157,0.0
sim25158,0.0
sim25159,0.0
sim25160,0.0
sim25161,0.0
sim25162,77.77777777777779
sim25163,0.0
sim25164,44.44444444444444
sim25165,0.0
sim25166,11.11111111111111
sim25167,0.0
sim25168,55.55555555555556
sim25169,0.0
sim25170,22.22222222222222
sim25171,0.0
sim25172,88.88888888888889
sim25173,0.0
sim25174,0.0
sim25175,55.55555555555556
sim25176,66.66666666666666
sim25177,0.0
sim25178,0.0
sim25179,0.0
sim25180,77.77777777777779
sim25181,0.0
sim25182,0.0
sim25183,0.0
sim25184,44.44444444444444
sim25185,0.0
sim25186,0.0
sim25187,0.0
sim25188,0.0
sim25189,0.0
sim25190,77.77777777777779
sim25191,0.0
sim25192,0.0
sim25193,0.0
sim25194,0.0
sim25195,0.0
sim25196,11.11111111111111
sim25197,22.22222222222222
sim25198,88.88888888888889
sim25199,0.0
sim25200,100.0
sim25201,0.0
sim25202,0.0
sim25203,0.0
sim25204,33.33333333333333
sim25205,0.0
sim25206,44.44444444444444
sim25207,0.0
sim25208,55.55555555555556
sim25209,0.0
sim25210,33.33333333333333
sim25211,0.0
sim25212,11.11111111111111
sim25213,0.0
sim25214,0.0
sim25215,0.0
sim25216,77.77777777777779
sim25217,0.0
sim25218,0.0
sim25219,0.0
sim25220,55.55555555555556
sim25221,55.55555555555556
sim25222,44.44444444444444
sim25223,0.0
sim25224,77.77777777777779
sim25225,0.0
sim25226,0.0
sim25227,0.0
sim25228,11.11111111111111
sim25229,0.0
sim25230,0.0
sim25231,0.0
sim25232,22.22222222222222
sim25233,0.0
sim25234,44.44444444444444
sim25235,33.33333333333333
sim25236,0.0
sim25237,0.0
sim25238,22.22222222222222
sim25239,0.0
sim25240,11.11111111111111
sim25241,0.0
sim25242,0.0
sim25243,0.0
sim25244,0.0
sim25245,0.0
sim25246,88.88888888888889
sim25247,0.0
sim25248,0.0
sim25249,0.0
sim25250,77.77777777777779
sim25251,0.0
sim25252,100.0
sim25253,0.0
sim25254,0.0
sim25255,0.0
sim25256,77.77777777777779
sim25257,0.0
sim25258,0.0
sim25259,0.0
sim25260,22.22222222222222
sim25261,0.0
sim25262,0.0
sim25263,0.0
sim25264,0.0
sim25265,0.0
sim25266,77.77777777777779
sim25267,0.0
sim25268,22.22222222222222
sim25269,0.0
sim25270,0.0
sim25271,0.0
sim25272,0.0
sim25273,0.0
sim25274,33.33333333333333
sim25275,0.0
sim25276,44.44444444444444
sim25277,0.0
sim25278,66.66666666666666
sim25279,0.0
sim25280,0.0
sim25281,33.33333333333333
sim25282,0.0
sim25283,22.22222222222222
sim25284,0.0
sim25285,55.55555555555556
sim25286,0.0
sim25287,0.0
sim25288,0.0
sim25289,44.44444444444444
sim25290,0.0
sim25291,66.66666666666666
sim25292,0.0
sim25293,88.88888888888889
sim25294,0.0
sim25295,0.0
sim25296,0.0
sim25297,0.0
sim25298,0.0
sim25299,66.66666666666666
sim25300,0.0
sim25301,44.44444444444444
sim25302,33.33333333333333
sim25303,11.11111111111111
sim25304,0.0
sim25305,0.0
sim25306,0.0
sim25307,88.88888888888889
sim25308,0.0
sim25309,44.44444444444444
sim25310,0.0
sim25311,66.66666666666666
sim25312,0.0
sim25313,88.88888888888889
sim25314,0.0
sim25315,22.22222222222222
sim25316,0.0
sim25317,0.0
sim25318,0.0
sim25319,55.55555555555556
sim25320,0.0
sim25321,0.0
sim25322,0.0
sim25323,0.0
sim25324,0.0
sim25325,66.66666666666666
sim25326,0.0
sim25327,22.22222222222222
sim25328,0.0
sim25329,33.33333333333333
sim25330,0.0
sim25331,0.0
sim25332,0.0
sim25333,0.0
sim25334,0.0
sim25335,100.0
sim25336,0.0
sim25337,0.0
sim25338,0.0
sim25339,66.66666666666666
sim25340,0.0
sim25341,0.0
sim25342,0.0
sim25343,11.11111111111111
sim25344,33.33333333333333
sim25345,0.0
sim25346,0.0
sim25347,0.0
sim25348,11.11111111111111
sim25349,0.0
sim25350,0.0
sim25351,77.77777777777779
sim25352,0.0
sim25353,0.0
sim25354,0.0
sim25355,66.66666666666666
sim25356,0.0
sim25357,0.0
sim25358,0.0
sim25359,77.77777777777779
sim25360,0.0
sim25361,77.77777777777779
sim25362,33.33333333333333
sim25363,0.0
sim25364,0.0
sim25365,0.0
sim25366,0.0
sim25367,0.0
sim25368,0.0
sim25369,100.0
sim25370,0.0
sim25371,0.0
sim25372,0.0
sim25373,66.66666666666666
sim25374,0.0
sim25375,44.44444444444444
sim25376,0.0
sim25377,0.0
sim25378,0.0
sim25379,100.0
sim25380,0.0
sim25381,77.77777777777779
sim25382,0.0
sim25383,66.66666666666666
sim25384,0.0
sim25385,22.22222222222222
sim25386,0.0
sim25387,44.44444444444444
sim25388,0.0
sim25389,0.0
sim25390,0.0
sim25391,66.66666666666666
sim25392,0.0
sim25393,55.55555555555556
sim25394,0.0
sim25395,44.44444444444444
sim25396,0.0
sim25397,100.0
sim25398,0.0
sim25399,0.0
sim25400,0.0
sim25401,0.0
sim25402,0.0
sim25403,0.0
sim25404,0.0
sim25405,55.55555555555556
sim25406,0.0
sim25407,0.0
sim25408,0.0
sim25409,0.0
sim25410,66.66666666666666
sim25411,0.0
sim25412,0.0
sim25413,0.0
sim25414,22.22222222222222
sim25415,0.0
sim25416,0.0
sim25417,0.0
sim25418,77.77777777777779
sim25419,0.0
sim25420,33.33333333333333
sim25421,0.0
sim25422,11.11111111111111
sim25423,0.0
sim25424,55.55555555555556
sim25425,0.0
sim25426,22.22222222222222
sim25427,0.0
sim25428,88.88888888888889
sim25429,0.0
sim25430,0.0
sim25431,55.55555555555556
sim25432,66.66666666666666
sim25433,0.0
sim25434,0.0
sim25435,0.0
sim25436,77.77777777777779
sim25437,0.0
sim25438,0.0
sim25439,0.0
sim25440,44.44444444444444
sim25441,0.0
sim25442,0.0
sim25443,0.0
sim25444,0.0
sim25445,0.0
sim25446,77.77777777777779
sim25447,0.0
sim25448,0.0
sim25449,0.0
sim25450,0.0
sim25451,0.0
sim25452,11.11111111111111
sim25453,22.22222222222222
sim25454,88.88888888888889
sim25455,0.0
sim25456,100.0
sim25457,0.0
sim25458,0.0
sim25459,0.0
sim25460,33.33333333333333
sim25461,0.0
sim25462,44.44444444444444
sim25463,0.0
sim25464,55.55555555555556
sim25465,0.0
sim25466,33.33333333333333
sim25467,0.0
sim25468,11.11111111111111
sim25469,0.0
sim25470,0.0
sim25471,0.0
sim25472,77.77777777777779
sim25473,0.0
sim25474,0.0
sim25475,0.0
sim25476,55.55555555555556
sim25477,55.55555555555556
sim25478,44.44444444444444
sim25479,0.0
sim25480,77.77777777777779
sim25481,0.0
sim25482,0.0
sim25483,0.0
sim25484,11.11111111111111
sim25485,0.0
sim25486,0.0
sim25487,0.0
sim25488,22.22222222222222
sim25489,0.0
sim25490,44.44444444444444
sim25491,22.22222222222222
sim25492,0.0
sim25493,0.0
sim25494,22.22222222222222
sim25495,0.0
sim25496,11.11111111111111
sim25497,0.0
sim25498,0.0
sim25499,0.0
sim25500,0.0
sim25501,0.0
sim25502,88.88888888888889
sim25503,0.0
sim25504,0.0
sim25505,0.0
sim25506,77.77777777777779
sim25507,0.0
sim25508,100.0
sim25509,0.0
sim25510,0.0
sim25511,0.0
sim25512,77.77777777777779
sim25513,0.0
sim25514,0.0
sim25515,0.0
sim25516,22.22222222222222
sim25517,0.0
sim25518,0.0
sim25519,0.0
sim25520,0.0
sim25521,0.0
sim25522,77.77777777777779
sim25523,0.0
sim25524,33.33333333333333
sim25525,0.0
sim25526,0.0
sim25527,0.0
sim25528,0.0
sim25529,0.0
sim25530,33.33333333333333
sim25531,0.0
sim25532,55.55555555555556
sim25533,0.0
sim25534,66.66666666666666
sim25535,0.0
sim25536,0.0
sim25537,33.33333333333333
sim25538,0.0
sim25539,33.33333333333333
sim25540,0.0
sim25541,55.55555555555556
sim25542,0.0
sim25543,0.0
sim25544,0.0
sim25545,44.44444444444444
sim25546,0.0
sim25547,44.44444444444444
sim25548,0.0
sim25549,88.88888888888889
sim25550,0.0
sim25551,0.0
sim25552,0.0
sim25553,0.0
sim25554,0.0
sim25555,66.66666666666666
sim25556,0.0
sim25557,33.33333333333333
sim25558,33.33333333333333
sim25559,11.11111111111111
sim25560,0.0
sim25561,0.0
sim25562,0.0
sim25563,88.88888888888889
sim25564,0.0
sim25565,44.44444444444444
sim25566,0.0
sim25567,66.66666666666666
sim25568,0.0
sim25569,88.88888888888889
sim25570,0.0
sim25571,22.22222222222222
sim25572,0.0
sim25573,0.0
sim25574,0.0
sim25575,55.55555555555556
sim25576,0.0
sim25577,0.0
sim25578,0.0
sim25579,0.0
sim25580,0.0
sim25581,66.66666666666666
sim25582,0.0
sim25583,22.22222222222222
sim25584,0.0
sim25585,33.33333333333333
sim25586,0.0
sim25587,0.0
sim25588,0.0
sim25589,0.0
sim25590,0.0
sim25591,100.0
sim25592,0.0
sim25593,0.0
sim25594,0.0
sim25595,66.66666666666666
sim25596,0.0
sim25597,0.0
sim25598,0.0
sim25599,0.0
sim25600,33.33333333333333
sim25601,0.0
sim25602,0.0
sim25603,0.0
sim25604,11.11111111111111
sim25605,0.0
sim25606,0.0
sim25607,77.77777777777779
sim25608,0.0
sim25609,0.0
sim25610,0.0
sim25611,66.66666666666666
sim25612,0.0
sim25613,0.0
sim25614,0.0
sim25615,77.77777777777779
sim25616,0.0
sim25617,77.77777777777779
sim25618,33.33333333333333
sim25619,0.0
sim25620,0.0
sim25621,0.0
sim25622,0.0
sim25623,0.0
sim25624,0.0
sim25625,100.0
sim25626,0.0
sim25627,0.0
sim25628,0.0
sim25629,66.66666666666666
sim25630,0.0
sim25631,44.44444444444444
sim25632,0.0
sim25633,0.0
sim25634,0.0
sim25635,100.0
sim25636,0.0
sim25637,77.77777777777779
sim25638,0.0
sim25639,66.66666666666666
sim25640,0.0
sim25641,11.11111111111111
sim25642,0.0
sim25643,44.44444444444444
sim25644,0.0
sim25645,0.0
sim25646,0.0
sim25647,66.66666666666666
sim25648,0.0
sim25649,55.55555555555556
sim25650,0.0
sim25651,44.44444444444444
sim25652,0.0
sim25653,100.0
sim25654,0.0
sim25655,0.0
sim25656,0.0
sim25657,0.0
sim25658,0.0
sim25659,0.0
sim25660,0.0
sim25661,55.55555555555556
sim25662,0.0
sim25663,0.0
sim25664,0.0
sim25665,0.0
sim25666,66.66666666666666
sim25667,0.0
sim25668,0.0
sim25669,0.0
sim25670,22.22222222222222
sim25671,0.0
sim25672,0.0
sim25673,0.0
sim25674,77.77777777777779
sim25675,0.0
sim25676,33.33333333333333
sim25677,0.0
sim25678,11.11111111111111
sim25679,0.0
sim25680,55.55555555555556
sim25681,0.0
sim25682,33.33333333333333
sim25683,0.0
sim25684,88.88888888888889
sim25685,0.0
sim25686,0.0
sim25687,55.55555555555556
sim25688,66.66666666666666
sim25689,0.0
sim25690,0.0
sim25691,0.0
sim25692,77.77777777777779
sim25693,0.0
sim25694,0.0
sim25695,0.0
sim25696,44.44444444444444
sim25697,0.0
sim25698,0.0
sim25699,0.0
sim25700,0.0
sim25701,0.0
sim25702,77.77777777777779
sim25703,0.0
sim25704,0.0
sim25705,0.0
sim25706,0.0
sim25707,0.0
sim25708,11.11111111111111
sim25709,22.22222222222222
sim25710,88.88888888888889
sim25711,0.0
sim25712,100.0
sim25713,0.0
sim25714,0.0
sim25715,0.0
sim25716,33.33333333333333
sim25717,0.0
sim25718,44.44444444444444
sim25719,0.0
sim25720,55.55555555555556
sim25721,0.0
sim25722,33.33333333333333
sim25723,0.0
sim25724,22.22222222222222
sim25725,0.0
sim25726,0.0
sim25727,0.0
sim25728,77.77777777777779
sim25729,0.0
sim25730,0.0
sim25731,0.0
sim25732,55.55555555555556
sim25733,55.55555555555556
sim25734,44.44444444444444
sim25735,0.0
sim25736,77.77777777777779
sim25737,0.0
sim25738,0.0
sim25739,0.0
sim25740,11.11111111111111
sim25741,0.0
sim25742,0.0
sim25743,0.0
sim25744,22.22222222222222
sim25745,0.0
sim25746,44.44444444444444
sim25747,22.22222222222222
sim25748,0.0
sim25749,0.0
sim25750,22.22222222222222
sim25751,0.0
sim25752,11.11111111111111
sim25753,0.0
sim25754,0.0
sim25755,0.0
sim25756,0.0
sim25757,0.0
sim25758,88.88888888888889
sim25759,0.0
sim25760,0.0
sim25761,0.0
sim25762,77.77777777777779
sim25763,0.0
sim25764,100.0
sim25765,0.0
sim25766,0.0
sim25767,0.0
sim25768,77.77777777777779
sim25769,0.0
sim25770,0.0
sim25771,0.0
sim25772,22.22222222222222
sim25773,0.0
sim25774,0.0
sim25775,0.0
sim25776,0.0
sim25777,0.0
sim25778,77.77777777777779
sim25779,0.0
sim25780,33.33333333333333
sim25781,0.0
sim25782,0.0
sim25783,0.0
sim25784,0.0
sim25785,0.0
sim25786,33.33333333333333
sim25787,0.0
sim25788,55.55555555555556
sim25789,0.0
sim25790,66.66666666666666
sim25791,0.0
sim25792,0.0
sim25793,33.33333333333333
sim25794,0.0
sim25795,33.33333333333333
sim25796,0.0
sim25797,55.55555555555556
sim25798,0.0
sim25799,0.0
sim25800,0.0
sim25801,44.44444444444444
sim25802,0.0
sim25803,44.44444444444444
sim25804,0.0
sim25805,88.88888888888889
sim25806,0.0
sim25807,0.0
sim25808,0.0
sim25809,0.0
sim25810,0.0
sim25811,66.66666666666666
sim25812,0.0
sim25813,44.44444444444444
sim25814,33.33333333333333
sim25815,11.11111111111111
sim25816,0.0
sim25817,0.0
sim25818,0.0
sim25819,88.88888888888889
sim25820,0.0
sim25821,44.44444444444444
sim25822,0.0
sim25823,66.66666666666666
sim25824,0.0
sim25825,88.88888888888889
sim25826,0.0
sim25827,22.22222222222222
sim25828,0.0
sim25829,0.0
sim25830,0.0
sim25831,55.55555555555556
sim25832,0.0
sim25833,0.0
sim25834,0.0
sim25835,0.0
sim25836,0.0
sim25837,66.66666666666666
sim25838,0.0
sim25839,22.22222222222222
sim25840,0.0
sim25841,33.33333333333333
sim25842,0.0
sim25843,0.0
sim25844,0.0
sim25845,0.0
sim25846,0.0
sim25847,100.0
sim25848,0.0
sim25849,0.0
sim25850,0.0
sim25851,66.66666666666666
sim25852,0.0
sim25853,0.0
sim25854,0.0
sim25855,11.11111111111111
sim25856,33.33333333333333
sim25857,0.0
sim25858,0.0
sim25859,0.0
sim25860,11.11111111111111
sim25861,0.0
sim25862,0.0
sim25863,77.77777777777779
sim25864,0.0
sim25865,0.0
sim25866,0.0
sim25867,66.66666666666666
sim25868,0.0
sim25869,0.0
sim25870,0.0
sim25871,88.88888888888889
sim25872,0.0
sim25873,77.77777777777779
sim25874,33.33333333333333
sim25875,0.0
sim25876,0.0
sim25877,0.0
sim25878,0.0
sim25879,0.0
sim25880,0.0
sim25881,100.0
sim25882,0.0
sim25883,0.0
sim25884,0.0
sim25885,66.66666666666666
sim25886,0.0
sim25887,44.44444444444444
sim25888,0.0
sim25889,0.0
sim25890,0.0
sim25891,100.0
sim25892,0.0
sim25893,77.77777777777779
sim25894,0.0
sim25895,66.66666666666666
sim25896,0.0
sim25897,22.22222222222222
sim25898,0.0
sim25899,44.44444444444444
sim25900,0.0
sim25901,0.0
sim25902,0.0
sim25903,66.66666666666666
sim25904,0.0
sim25905,55.55555555555556
sim25906,0.0
sim25907,44.44444444444444
sim25908,0.0
sim25909,100.0
sim25910,0.0
sim25911,0.0
sim25912,0.0
sim25913,0.0
sim25914,0.0
sim25915,0.0
sim25916,0.0
sim25917,55.55555555555556
sim25918,0.0
sim25919,0.0
sim25920,0.0
sim25921,0.0
sim25922,66.66666666666666
sim25923,0.0
sim25924,0.0
sim25925,0.0
sim25926,22.22222222222222
sim25927,0.0
sim25928,0.0
sim25929,0.0
sim25930,77.77777777777779
sim25931,0.0
sim25932,33.33333333333333
sim25933,0.0
sim25934,11.11111111111111
sim25935,0.0
sim25936,55.55555555555556
sim25937,0.0
sim25938,22.22222222222222
sim25939,0.0
sim25940,88.88888888888889
sim25941,0.0
sim25942,0.0
sim25943,55.55555555555556
sim25944,66.66666666666666
sim25945,0.0
sim25946,0.0
sim25947,0.0
sim25948,77.77777777777779
sim25949,0.0
sim25950,0.0
sim25951,0.0
sim25952,44.44444444444444
sim25953,0.0
sim25954,0.0
sim25955,0.0
sim25956,0.0
sim25957,0.0
sim25958,77.77777777777779
sim25959,0.0
sim25960,0.0
sim25961,0.0
sim25962,0.0
sim25963,0.0
sim25964,11.11111111111111
sim25965,22.22222222222222
sim25966,88.88888888888889
sim25967,0.0
sim25968,100.0
sim25969,0.0
sim25970,0.0
sim25971,0.0
sim25972,22.22222222222222
sim25973,0.0
sim25974,44.44444444444444
sim25975,0.0
sim25976,55.55555555555556
sim25977,0.0
sim25978,33.33333333333333
sim25979,0.0
sim25980,11.11111111111111
sim25981,0.0
sim25982,0.0
sim25983,0.0
sim25984,77.77777777777779
sim25985,0.0
sim25986,0.0
sim25987,0.0
sim25988,55.55555555555556
sim25989,55.55555555555556
sim25990,44.44444444444444
sim25991,0.0
sim25992,77.77777777777779
sim25993,0.0
sim25994,0.0
sim25995,0.0
sim25996,11.11111111111111
sim25997,0.0
sim25998,0.0
sim25999,0.0
sim26000,22.22222222222222
sim26001,0.0
sim26002,44.44444444444444
sim26003,22.22222222222222
sim26004,0.0
sim26005,0.0
sim26006,22.22222222222222
sim26007,0.0
sim26008,11.11111111111111
sim26009,0.0
sim26010,0.0
sim26011,0.0
sim26012,0.0
sim26013,0.0
sim26014,88.88888888888889
sim26015,0.0
sim26016,0.0
sim26017,0.0
sim26018,77.77777777777779
sim26019,0.0
sim26020,100.0
sim26021,0.0
sim26022,0.0
sim26023,0.0
sim26024,77.77777777777779
sim26025,0.0
sim26026,0.0
sim26027,0.0
sim26028,22.22222222222222
sim26029,0.0
sim26030,0.0
sim26031,0.0
sim26032,0.0
sim26033,0.0
sim26034,77.77777777777779
sim26035,0.0
sim26036,33.33333333333333
sim26037,0.0
sim26038,0.0
sim26039,0.0
sim26040,0.0
sim26041,0.0
sim26042,33.33333333333333
sim26043,0.0
sim26044,55.55555555555556
sim26045,0.0
sim26046,66.66666666666666
sim26047,0.0
sim26048,0.0
sim26049,33.33333333333333
sim26050,0.0
sim26051,33.33333333333333
sim26052,0.0
sim26053,55.55555555555556
sim26054,0.0
sim26055,0.0
sim26056,0.0
sim26057,44.44444444444444
sim26058,0.0
sim26059,44.44444444444444
sim26060,0.0
sim26061,88.88888888888889
sim26062,0.0
sim26063,0.0
sim26064,0.0
sim26065,0.0
sim26066,0.0
sim26067,66.66666666666666
sim26068,0.0
sim26069,33.33333333333333
sim26070,44.44444444444444
sim26071,11.11111111111111
sim26072,0.0
sim26073,0.0
sim26074,0.0
sim26075,88.88888888888889
sim26076,0.0
sim26077,44.44444444444444
sim26078,0.0
sim26079,66.66666666666666
sim26080,0.0
sim26081,88.88888888888889
sim26082,0.0
sim26083,22.22222222222222
sim26084,0.0
sim26085,0.0
sim26086,0.0
sim26087,55.55555555555556
sim26088,0.0
sim26089,0.0
sim26090,0.0
sim26091,0.0
sim26092,0.0
sim26093,66.66666666666666
sim26094,0.0
sim26095,22.22222222222222
sim26096,0.0
sim26097,33.33333333333333
sim26098,0.0
sim26099,0.0
sim26100,0.0
sim26101,0.0
sim26102,0.0
sim26103,100.0
sim26104,0.0
sim26105,0.0
sim26106,0.0
sim26107,77.77777777777779
sim26108,0.0
sim26109,0.0
sim26110,0.0
sim26111,11.11111111111111
sim26112,33.33333333333333
sim26113,0.0
sim26114,0.0
sim26115,0.0
sim26116,11.11111111111111
sim26117,0.0
sim26118,0.0
sim26119,77.77777777777779
sim26120,0.0
sim26121,0.0
sim26122,0.0
sim26123,66.66666666666666
sim26124,0.0
sim26125,0.0
sim26126,0.0
sim26127,77.77777777777779
sim26128,0.0
sim26129,77.77777777777779
sim26130,33.33333333333333
sim26131,0.0
sim26132,0.0
sim26133,0.0
sim26134,0.0
sim26135,0.0
sim26136,0.0
sim26137,100.0
sim26138,0.0
sim26139,0.0
sim26140,0.0
sim26141,66.66666666666666
sim26142,0.0
sim26143,44.44444444444444
sim26144,0.0
sim26145,0.0
sim26146,0.0
sim26147,100.0
sim26148,0.0
sim26149,77.77777777777779
sim26150,0.0
sim26151,66.66666666666666
sim26152,0.0
sim26153,22.22222222222222
sim26154,0.0
sim26155,44.44444444444444
sim26156,0.0
sim26157,0.0
sim26158,0.0
sim26159,66.66666666666666
sim26160,0.0
sim26161,55.55555555555556
sim26162,0.0
sim26163,44.44444444444444
sim26164,0.0
sim26165,100.0
sim26166,0.0
sim26167,0.0
sim26168,0.0
sim26169,0.0
sim26170,0.0
sim26171,0.0
sim26172,0.0
sim26173,55.55555555555556
sim26174,0.0
sim26175,0.0
sim26176,0.0
sim26177,0.0
sim26178,66.66666666666666
sim26179,0.0
sim26180,0.0
sim26181,0.0
sim26182,22.22222222222222
sim26183,0.0
sim26184,0.0
sim26185,0.0
sim26186,77.77777777777779
sim26187,0.0
sim26188,33.33333333333333
sim26189,0.0
sim26190,11.11111111111111
sim26191,0.0
sim26192,44.44444444444444
sim26193,0.0
sim26194,22.22222222222222
sim26195,0.0
sim26196,88.88888888888889
sim26197,0.0
sim26198,0.0
sim26199,55.55555555555556
sim26200,66.66666666666666
sim26201,0.0
sim26202,0.0
sim26203,0.0
sim26204,77.77777777777779
sim26205,0.0
sim26206,0.0
sim26207,0.0
sim26208,44.44444444444444
sim26209,0.0
sim26210,0.0
sim26211,0.0
sim26212,0.0
sim26213,0.0
sim26214,77.77777777777779
sim26215,0.0
sim26216,0.0
sim26217,0.0
sim26218,0.0
sim26219,0.0
sim26220,11.11111111111111
sim26221,22.22222222222222
sim26222,88.88888888888889
sim26223,0.0
sim26224,100.0
sim26225,0.0
sim26226,0.0
sim26227,0.0
sim26228,11.11111111111111
sim26229,0.0
sim26230,44.44444444444444
sim26231,0.0
sim26232,55.55555555555556
sim26233,0.0
sim26234,33.33333333333333
sim26235,0.0
sim26236,22.22222222222222
sim26237,0.0
sim26238,0.0
sim26239,0.0
sim26240,77.77777777777779
sim26241,0.0
sim26242,0.0
sim26243,0.0
sim26244,55.55555555555556
sim26245,66.66666666666666
sim26246,44.44444444444444
sim26247,0.0
sim26248,77.77777777777779
sim26249,0.0
sim26250,0.0
sim26251,0.0
sim26252,22.22222222222222
sim26253,0.0
sim26254,0.0
sim26255,0.0
sim26256,22.22222222222222
sim26257,0.0
sim26258,44.44444444444444
sim26259,22.22222222222222
sim26260,0.0
sim26261,0.0
sim26262,22.22222222222222
sim26263,0.0
sim26264,11.11111111111111
sim26265,0.0
sim26266,0.0
sim26267,0.0
sim26268,0.0
sim26269,0.0
sim26270,88.88888888888889
sim26271,0.0
sim26272,0.0
sim26273,0.0
sim26274,77.77777777777779
sim26275,0.0
sim26276,100.0
sim26277,0.0
sim26278,0.0
sim26279,0.0
sim26280,77.77777777777779
sim26281,0.0
sim26282,0.0
sim26283,0.0
sim26284,22.22222222222222
sim26285,0.0
sim26286,0.0
sim26287,0.0
sim26288,0.0
sim26289,0.0
sim26290,77.77777777777779
sim26291,0.0
sim26292,33.33333333333333
sim26293,0.0
sim26294,0.0
sim26295,0.0
sim26296,0.0
sim26297,0.0
sim26298,33.33333333333333
sim26299,0.0
sim26300,55.55555555555556
sim26301,0.0
sim26302,66.66666666666666
sim26303,0.0
sim26304,0.0
sim26305,33.33333333333333
sim26306,0.0
sim26307,33.33333333333333
sim26308,0.0
sim26309,55.55555555555556
sim26310,0.0
sim26311,0.0
sim26312,0.0
sim26313,44.44444444444444
sim26314,0.0
sim26315,44.44444444444444
sim26316,0.0
sim26317,88.88888888888889
sim26318,0.0
sim26319,0.0
sim26320,0.0
sim26321,0.0
sim26322,0.0
sim26323,66.66666666666666
sim26324,0.0
sim26325,33.33333333333333
sim26326,33.33333333333333
sim26327,11.11111111111111
sim26328,0.0
sim26329,0.0
sim26330,0.0
sim26331,88.88888888888889
sim26332,0.0
sim26333,44.44444444444444
sim26334,0.0
sim26335,66.66666666666666
sim26336,0.0
sim26337,88.88888888888889
sim26338,0.0
sim26339,22.22222222222222
sim26340,0.0
sim26341,0.0
sim26342,0.0
sim26343,55.55555555555556
sim26344,0.0
sim26345,0.0
sim26346,0.0
sim26347,0.0
sim26348,0.0
sim26349,66.66666666666666
sim26350,0.0
sim26351,22.22222222222222
sim26352,0.0
sim26353,33.33333333333333
sim26354,0.0
sim26355,0.0
sim26356,0.0
sim26357,0.0
sim26358,0.0
sim26359,100.0
sim26360,0.0
sim26361,0.0
sim26362,0.0
sim26363,77.77777777777779
sim26364,0.0
sim26365,0.0
sim26366,0.0
sim26367,11.11111111111111
sim26368,33.33333333333333
sim26369,0.0
sim26370,0.0
sim26371,0.0
sim26372,11.11111111111111
sim26373,0.0
sim26374,0.0
sim26375,77.77777777777779
sim26376,0.0
sim26377,0.0
sim26378,0.0
sim26379,66.66666666666666
sim26380,0.0
sim26381,0.0
sim26382,0.0
sim26383,88.88888888888889
sim26384,0.0
sim26385,77.77777777777779
sim26386,33.33333333333333
sim26387,0.0
sim26388,0.0
sim26389,0.0
sim26390,0.0
sim26391,0.0
sim26392,0.0
sim26393,100.0
sim26394,0.0
sim26395,0.0
sim26396,0.0
sim26397,66.66666666666666
sim26398,0.0
sim26399,44.44444444444444
sim26400,0.0
sim26401,0.0
sim26402,0.0
sim26403,100.0
sim26404,0.0
sim26405,77.77777777777779
sim26406,0.0
sim26407,66.66666666666666
sim26408,0.0
sim26409,22.22222222222222
sim26410,0.0
sim26411,44.44444444444444
sim26412,0.0
sim26413,0.0
sim26414,0.0
sim26415,66.66666666666666
sim26416,0.0
sim26417,55.55555555555556
sim26418,0.0
sim26419,44.44444444444444
sim26420,0.0
sim26421,100.0
sim26422,0.0
sim26423,0.0
sim26424,0.0
sim26425,0.0
sim26426,0.0
sim26427,0.0
sim26428,0.0
sim26429,55.55555555555556
sim26430,0.0
sim26431,0.0
sim26432,0.0
sim26433,0.0
sim26434,66.66666666666666
sim26435,0.0
sim26436,0.0
sim26437,0.0
sim26438,22.22222222222222
sim26439,0.0
sim26440,0.0
sim26441,0.0
sim26442,77.77777777777779
sim26443,0.0
sim26444,33.33333333333333
sim26445,0.0
sim26446,11.11111111111111
sim26447,0.0
sim26448,55.55555555555556
sim26449,0.0
sim26450,22.22222222222222
sim26451,0.0
sim26452,88.88888888888889
sim26453,0.0
sim26454,0.0
sim26455,55.55555555555556
sim26456,66.66666666666666
sim26457,0.0
sim26458,0.0
sim26459,0.0
sim26460,77.77777777777779
sim26461,0.0
sim26462,0.0
sim26463,0.0
sim26464,44.44444444444444
sim26465,0.0
sim26466,0.0
sim26467,0.0
sim26468,0.0
sim26469,0.0
sim26470,77.77777777777779
sim26471,0.0
sim26472,0.0
sim26473,0.0
sim26474,0.0
sim26475,0.0
sim26476,11.11111111111111
sim26477,22.22222222222222
sim26478,88.88888888888889
sim26479,0.0
sim26480,100.0
sim26481,0.0
sim26482,0.0
sim26483,0.0
sim26484,33.33333333333333
sim26485,0.0
sim26486,44.44444444444444
sim26487,0.0
sim26488,55.55555555555556
sim26489,0.0
sim26490,33.33333333333333
sim26491,0.0
sim26492,22.22222222222222
sim26493,0.0
sim26494,0.0
sim26495,0.0
sim26496,77.77777777777779
sim26497,0.0
sim26498,0.0
sim26499,0.0
sim26500,55.55555555555556
sim26501,55.55555555555556
sim26502,44.44444444444444
sim26503,0.0
sim26504,77.77777777777779
sim26505,0.0
sim26506,0.0
sim26507,0.0
sim26508,22.22222222222222
sim26509,0.0
sim26510,0.0
sim26511,0.0
sim26512,22.22222222222222
sim26513,0.0
sim26514,44.44444444444444
sim26515,22.22222222222222
sim26516,0.0
sim26517,0.0
sim26518,22.22222222222222
sim26519,0.0
sim26520,11.11111111111111
sim26521,0.0
sim26522,0.0
sim26523,0.0
sim26524,0.0
sim26525,0.0
sim26526,88.88888888888889
sim26527,0.0
sim26528,0.0
sim26529,0.0
sim26530,77.77777777777779
sim26531,0.0
sim26532,100.0
sim26533,0.0
sim26534,0.0
sim26535,0.0
sim26536,77.77777777777779
sim26537,0.0
sim26538,0.0
sim26539,0.0
sim26540,22.22222222222222
sim26541,0.0
sim26542,0.0
sim26543,0.0
sim26544,0.0
sim26545,0.0
sim26546,77.77777777777779
sim26547,0.0
sim26548,33.33333333333333
sim26549,0.0
sim26550,0.0
sim26551,0.0
sim26552,0.0
sim26553,0.0
sim26554,33.33333333333333
sim26555,0.0
sim26556,55.55555555555556
sim26557,0.0
sim26558,66.66666666666666
sim26559,0.0
sim26560,0.0
sim26561,33.33333333333333
sim26562,0.0
sim26563,33.33333333333333
sim26564,0.0
sim26565,55.55555555555556
sim26566,0.0
sim26567,0.0
sim26568,0.0
sim26569,44.44444444444444
sim26570,0.0
sim26571,44.44444444444444
sim26572,0.0
sim26573,88.88888888888889
sim26574,0.0
sim26575,0.0
sim26576,0.0
sim26577,0.0
sim26578,0.0
sim26579,66.66666666666666
sim26580,0.0
sim26581,44.44444444444444
sim26582,33.33333333333333
sim26583,11.11111111111111
sim26584,0.0
sim26585,0.0
sim26586,0.0
sim26587,88.88888888888889
sim26588,0.0
sim26589,44.44444444444444
sim26590,0.0
sim26591,66.66666666666666
sim26592,0.0
sim26593,88.88888888888889
sim26594,0.0
sim26595,22.22222222222222
sim26596,0.0
sim26597,0.0
sim26598,0.0
sim26599,55.55555555555556
sim26600,0.0
sim26601,0.0
sim26602,0.0
sim26603,0.0
sim26604,0.0
sim26605,66.66666666666666
sim26606,0.0
sim26607,22.22222222222222
sim26608,0.0
sim26609,33.33333333333333
sim26610,0.0
sim26611,0.0
sim26612,0.0
sim26613,0.0
sim26614,0.0
sim26615,100.0
sim26616,0.0
sim26617,0.0
sim26618,0.0
sim26619,77.77777777777779
sim26620,0.0
sim26621,0.0
sim26622,0.0
sim26623,11.11111111111111
sim26624,33.33333333333333
sim26625,0.0
sim26626,0.0
sim26627,0.0
sim26628,11.11111111111111
sim26629,0.0
sim26630,0.0
sim26631,77.77777777777779
sim26632,0.0
sim26633,0.0
sim26634,0.0
sim26635,66.66666666666666
sim26636,0.0
sim26637,0.0
sim26638,0.0
sim26639,88.88888888888889
sim26640,0.0
sim26641,77.77777777777779
sim26642,33.33333333333333
sim26643,0.0
sim26644,0.0
sim26645,0.0
sim26646,0.0
sim26647,0.0
sim26648,0.0
sim26649,100.0
sim26650,0.0
sim26651,0.0
sim26652,0.0
sim26653,66.66666666666666
sim26654,0.0
sim26655,44.44444444444444
sim26656,0.0
sim26657,0.0
sim26658,0.0
sim26659,100.0
sim26660,0.0
sim26661,77.77777777777779
sim26662,0.0
sim26663,66.66666666666666
sim26664,0.0
sim26665,22.22222222222222
sim26666,0.0
sim26667,44.44444444444444
sim26668,0.0
sim26669,0.0
sim26670,0.0
sim26671,66.66666666666666
sim26672,0.0
sim26673,55.55555555555556
sim26674,0.0
sim26675,44.44444444444444
sim26676,0.0
sim26677,100.0
sim26678,0.0
sim26679,0.0
sim26680,0.0
sim26681,0.0
sim26682,0.0
sim26683,0.0
sim26684,0.0
sim26685,55.55555555555556
sim26686,0.0
sim26687,0.0
sim26688,0.0
sim26689,0.0
sim26690,66.66666666666666
sim26691,0.0
sim26692,0.0
sim26693,0.0
sim26694,0.0
sim26695,0.0
sim26696,0.0
sim26697,0.0
sim26698,77.77777777777779
sim26699,0.0
sim26700,33.33333333333333
sim26701,0.0
sim26702,11.11111111111111
sim26703,0.0
sim26704,44.44444444444444
sim26705,0.0
sim26706,22.22222222222222
sim26707,0.0
sim26708,88.88888888888889
sim26709,0.0
sim26710,0.0
sim26711,55.55555555555556
sim26712,66.66666666666666
sim26713,0.0
sim26714,0.0
sim26715,0.0
sim26716,77.77777777777779
sim26717,0.0
sim26718,0.0
sim26719,0.0
sim26720,44.44444444444444
sim26721,0.0
sim26722,0.0
sim26723,0.0
sim26724,0.0
sim26725,0.0
sim26726,77.77777777777779
sim26727,0.0
sim26728,0.0
sim26729,0.0
sim26730,0.0
sim26731,0.0
sim26732,11.11111111111111
sim26733,22.22222222222222
sim26734,88.88888888888889
sim26735,0.0
sim26736,100.0
sim26737,0.0
sim26738,0.0
sim26739,0.0
sim26740,22.22222222222222
sim26741,0.0
sim26742,44.44444444444444
sim26743,0.0
sim26744,44.44444444444444
sim26745,0.0
sim26746,33.33333333333333
sim26747,0.0
sim26748,11.11111111111111
sim26749,0.0
sim26750,0.0
sim26751,0.0
sim26752,77.77777777777779
sim26753,0.0
sim26754,0.0
sim26755,0.0
sim26756,55.55555555555556
sim26757,66.66666666666666
sim26758,44.44444444444444
sim26759,0.0
sim26760,77.77777777777779
sim26761,0.0
sim26762,0.0
sim26763,0.0
sim26764,11.11111111111111
sim26765,0.0
sim26766,0.0
sim26767,0.0
sim26768,22.22222222222222
sim26769,0.0
sim26770,44.44444444444444
sim26771,22.22222222222222
sim26772,0.0
sim26773,0.0
sim26774,22.22222222222222
sim26775,0.0
sim26776,11.11111111111111
sim26777,0.0
sim26778,0.0
sim26779,0.0
sim26780,0.0
sim26781,0.0
sim26782,88.88888888888889
sim26783,0.0
sim26784,0.0
sim26785,0.0
sim26786,77.77777777777779
sim26787,0.0
sim26788,100.0
sim26789,0.0
sim26790,0.0
sim26791,0.0
sim26792,77.77777777777779
sim26793,0.0
sim26794,0.0
sim26795,0.0
sim26796,22.22222222222222
sim26797,0.0
sim26798,0.0
sim26799,0.0
sim26800,0.0
sim26801,0.0
sim26802,77.77777777777779
sim26803,0.0
sim26804,33.33333333333333
sim26805,0.0
sim26806,0.0
sim26807,0.0
sim26808,0.0
sim26809,0.0
sim26810,22.22222222222222
sim26811,0.0
sim26812,44.44444444444444
sim26813,0.0
sim26814,66.66666666666666
sim26815,0.0
sim26816,0.0
sim26817,33.33333333333333
sim26818,0.0
sim26819,33.33333333333333
sim26820,0.0
sim26821,55.55555555555556
sim26822,0.0
sim26823,0.0
sim26824,0.0
sim26825,44.44444444444444
sim26826,0.0
sim26827,55.55555555555556
sim26828,0.0
sim26829,88.88888888888889
sim26830,0.0
sim26831,0.0
sim26832,0.0
sim26833,0.0
sim26834,0.0
sim26835,66.66666666666666
sim26836,0.0
sim26837,33.33333333333333
sim26838,33.33333333333333
sim26839,11.11111111111111
sim26840,0.0
sim26841,0.0
sim26842,0.0
sim26843,88.88888888888889
sim26844,0.0
sim26845,44.44444444444444
sim26846,0.0
sim26847,77.77777777777779
sim26848,0.0
sim26849,88.88888888888889
sim26850,0.0
sim26851,22.22222222222222
sim26852,0.0
sim26853,0.0
sim26854,0.0
sim26855,55.55555555555556
sim26856,0.0
sim26857,0.0
sim26858,0.0
sim26859,0.0
sim26860,0.0
sim26861,66.66666666666666
sim26862,0.0
sim26863,33.33333333333333
sim26864,0.0
sim26865,33.33333333333333
sim26866,0.0
sim26867,0.0
sim26868,0.0
sim26869,0.0
sim26870,0.0
sim26871,100.0
sim26872,0.0
sim26873,0.0
sim26874,0.0
sim26875,77.77777777777779
sim26876,0.0
sim26877,0.0
sim26878,0.0
sim26879,22.22222222222222
sim26880,33.33333333333333
sim26881,0.0
sim26882,0.0
sim26883,0.0
sim26884,0.0
sim26885,0.0
sim26886,0.0
sim26887,77.77777777777779
sim26888,0.0
sim26889,0.0
sim26890,0.0
sim26891,66.66666666666666
sim26892,0.0
sim26893,0.0
sim26894,0.0
sim26895,77.77777777777779
sim26896,0.0
sim26897,77.77777777777779
sim26898,33.33333333333333
sim26899,0.0
sim26900,0.0
sim26901,0.0
sim26902,0.0
sim26903,0.0
sim26904,0.0
sim26905,100.0
sim26906,0.0
sim26907,0.0
sim26908,0.0
sim26909,66.66666666666666
sim26910,0.0
sim26911,44.44444444444444
sim26912,0.0
sim26913,0.0
sim26914,0.0
sim26915,100.0
sim26916,0.0
sim26917,77.77777777777779
sim26918,0.0
sim26919,66.66666666666666
sim26920,0.0
sim26921,22.22222222222222
sim26922,0.0
sim26923,44.44444444444444
sim26924,0.0
sim26925,0.0
sim26926,0.0
sim26927,77.77777777777779
sim26928,0.0
sim26929,55.55555555555556
sim26930,0.0
sim26931,44.44444444444444
sim26932,0.0
sim26933,100.0
sim26934,0.0
sim26935,0.0
sim26936,0.0
sim26937,0.0
sim26938,0.0
sim26939,0.0
sim26940,0.0
sim26941,33.33333333333333
sim26942,0.0
sim26943,0.0
sim26944,0.0
sim26945,0.0
sim26946,66.66666666666666
sim26947,0.0
sim26948,0.0
sim26949,0.0
sim26950,33.33333333333333
sim26951,0.0
sim26952,0.0
sim26953,0.0
sim26954,77.77777777777779
sim26955,0.0
sim26956,77.77777777777779
sim26957,0.0
sim26958,11.11111111111111
sim26959,0.0
sim26960,33.33333333333333
sim26961,11.11111111111111
sim26962,33.33333333333333
sim26963,0.0
sim26964,88.88888888888889
sim26965,0.0
sim26966,0.0
sim26967,55.55555555555556
sim26968,66.66666666666666
sim26969,0.0
sim26970,0.0
sim26971,0.0
sim26972,77.77777777777779
sim26973,0.0
sim26974,0.0
sim26975,0.0
sim26976,33.33333333333333
sim26977,0.0
sim26978,0.0
sim26979,0.0
sim26980,0.0
sim26981,0.0
sim26982,77.77777777777779
sim26983,0.0
sim26984,0.0
sim26985,0.0
sim26986,0.0
sim26987,0.0
sim26988,11.11111111111111
sim26989,33.33333333333333
sim26990,88.88888888888889
sim26991,0.0
sim26992,100.0
sim26993,0.0
sim26994,0.0
sim26995,0.0
sim26996,11.11111111111111
sim26997,0.0
sim26998,44.44444444444444
sim26999,0.0
sim27000,44.44444444444444
sim27001,0.0
sim27002,33.33333333333333
sim27003,0.0
sim27004,33.33333333333333
sim27005,0.0
sim27006,0.0
sim27007,0.0
sim27008,77.77777777777779
sim27009,0.0
sim27010,0.0
sim27011,0.0
sim27012,55.55555555555556
sim27013,55.55555555555556
sim27014,44.44444444444444
sim27015,0.0
sim27016,77.77777777777779
sim27017,0.0
sim27018,11.11111111111111
sim27019,0.0
sim27020,22.22222222222222
sim27021,0.0
sim27022,0.0
sim27023,0.0
sim27024,22.22222222222222
sim27025,0.0
sim27026,55.55555555555556
sim27027,0.0
sim27028,0.0
sim27029,0.0
sim27030,11.11111111111111
sim27031,0.0
sim27032,11.11111111111111
sim27033,0.0
sim27034,0.0
sim27035,0.0
sim27036,0.0
sim27037,0.0
sim27038,100.0
sim27039,0.0
sim27040,0.0
sim27041,0.0
sim27042,77.77777777777779
sim27043,0.0
sim27044,100.0
sim27045,0.0
sim27046,0.0
sim27047,0.0
sim27048,66.66666666666666
sim27049,0.0
sim27050,0.0
sim27051,0.0
sim27052,22.22222222222222
sim27053,0.0
sim27054,0.0
sim27055,0.0
sim27056,0.0
sim27057,0.0
sim27058,77.77777777777779
sim27059,0.0
sim27060,33.33333333333333
sim27061,0.0
sim27062,11.11111111111111
sim27063,0.0
sim27064,0.0
sim27065,0.0
sim27066,33.33333333333333
sim27067,0.0
sim27068,55.55555555555556
sim27069,0.0
sim27070,66.66666666666666
sim27071,11.11111111111111
sim27072,0.0
sim27073,55.55555555555556
sim27074,0.0
sim27075,33.33333333333333
sim27076,0.0
sim27077,33.33333333333333
sim27078,0.0
sim27079,0.0
sim27080,0.0
sim27081,44.44444444444444
sim27082,0.0
sim27083,77.77777777777779
sim27084,0.0
sim27085,88.88888888888889
sim27086,0.0
sim27087,0.0
sim27088,11.11111111111111
sim27089,0.0
sim27090,0.0
sim27091,66.66666666666666
sim27092,0.0
sim27093,66.66666666666666
sim27094,22.22222222222222
sim27095,11.11111111111111
sim27096,0.0
sim27097,0.0
sim27098,0.0
sim27099,88.88888888888889
sim27100,0.0
sim27101,11.11111111111111
sim27102,0.0
sim27103,77.77777777777779
sim27104,0.0
sim27105,88.88888888888889
sim27106,0.0
sim27107,22.22222222222222
sim27108,0.0
sim27109,11.11111111111111
sim27110,0.0
sim27111,55.55555555555556
sim27112,0.0
sim27113,22.22222222222222
sim27114,0.0
sim27115,0.0
sim27116,0.0
sim27117,66.66666666666666
sim27118,0.0
sim27119,0.0
sim27120,0.0
sim27121,33.33333333333333
sim27122,0.0
sim27123,0.0
sim27124,0.0
sim27125,0.0
sim27126,0.0
sim27127,100.0
sim27128,0.0
sim27129,0.0
sim27130,0.0
sim27131,66.66666666666666
sim27132,0.0
sim27133,0.0
sim27134,0.0
sim27135,11.11111111111111
sim27136,33.33333333333333
sim27137,0.0
sim27138,0.0
sim27139,11.11111111111111
sim27140,33.33333333333333
sim27141,0.0
sim27142,0.0
sim27143,55.55555555555556
sim27144,0.0
sim27145,0.0
sim27146,0.0
sim27147,22.22222222222222
sim27148,0.0
sim27149,0.0
sim27150,0.0
sim27151,100.0
sim27152,0.0
sim27153,77.77777777777779
sim27154,0.0
sim27155,0.0
sim27156,0.0
sim27157,0.0
sim27158,0.0
sim27159,0.0
sim27160,0.0
sim27161,100.0
sim27162,0.0
sim27163,0.0
sim27164,0.0
sim27165,66.66666666666666
sim27166,0.0
sim27167,77.77777777777779
sim27168,0.0
sim27169,0.0
sim27170,0.0
sim27171,66.66666666666666
sim27172,0.0
sim27173,77.77777777777779
sim27174,0.0
sim27175,77.77777777777779
sim27176,0.0
sim27177,33.33333333333333
sim27178,0.0
sim27179,66.66666666666666
sim27180,0.0
sim27181,0.0
sim27182,11.11111111111111
sim27183,22.22222222222222
sim27184,0.0
sim27185,55.55555555555556
sim27186,0.0
sim27187,11.11111111111111
sim27188,0.0
sim27189,100.0
sim27190,0.0
sim27191,0.0
sim27192,0.0
sim27193,0.0
sim27194,0.0
sim27195,22.22222222222222
sim27196,0.0
sim27197,55.55555555555556
sim27198,0.0
sim27199,0.0
sim27200,0.0
sim27201,0.0
sim27202,77.77777777777779
sim27203,0.0
sim27204,0.0
sim27205,0.0
sim27206,22.22222222222222
sim27207,0.0
sim27208,0.0
sim27209,0.0
sim27210,77.77777777777779
sim27211,0.0
sim27212,77.77777777777779
sim27213,0.0
sim27214,11.11111111111111
sim27215,0.0
sim27216,66.66666666666666
sim27217,0.0
sim27218,22.22222222222222
sim27219,0.0
sim27220,66.66666666666666
sim27221,0.0
sim27222,0.0
sim27223,66.66666666666666
sim27224,33.33333333333333
sim27225,0.0
sim27226,0.0
sim27227,0.0
sim27228,100.0
sim27229,0.0
sim27230,11.11111111111111
sim27231,0.0
sim27232,0.0
sim27233,0.0
sim27234,0.0
sim27235,0.0
sim27236,0.0
sim27237,0.0
sim27238,100.0
sim27239,0.0
sim27240,0.0
sim27241,0.0
sim27242,0.0
sim27243,0.0
sim27244,0.0
sim27245,33.33333333333333
sim27246,88.88888888888889
sim27247,0.0
sim27248,77.77777777777779
sim27249,0.0
sim27250,0.0
sim27251,11.11111111111111
sim27252,66.66666666666666
sim27253,0.0
sim27254,44.44444444444444
sim27255,0.0
sim27256,77.77777777777779
sim27257,0.0
sim27258,44.44444444444444
sim27259,0.0
sim27260,0.0
sim27261,0.0
sim27262,0.0
sim27263,0.0
sim27264,66.66666666666666
sim27265,0.0
sim27266,0.0
sim27267,0.0
sim27268,66.66666666666666
sim27269,11.11111111111111
sim27270,55.55555555555556
sim27271,0.0
sim27272,100.0
sim27273,0.0
sim27274,0.0
sim27275,0.0
sim27276,0.0
sim27277,0.0
sim27278,0.0
sim27279,0.0
sim27280,0.0
sim27281,0.0
sim27282,44.44444444444444
sim27283,44.44444444444444
sim27284,0.0
sim27285,0.0
sim27286,22.22222222222222
sim27287,0.0
sim27288,44.44444444444444
sim27289,0.0
sim27290,44.44444444444444
sim27291,0.0
sim27292,0.0
sim27293,0.0
sim27294,88.88888888888889
sim27295,0.0
sim27296,0.0
sim27297,0.0
sim27298,88.88888888888889
sim27299,0.0
sim27300,88.88888888888889
sim27301,0.0
sim27302,0.0
sim27303,0.0
sim27304,66.66666666666666
sim27305,0.0
sim27306,0.0
sim27307,0.0
sim27308,55.55555555555556
sim27309,0.0
sim27310,0.0
sim27311,0.0
sim27312,11.11111111111111
sim27313,0.0
sim27314,77.77777777777779
sim27315,0.0
sim27316,0.0
sim27317,0.0
sim27318,0.0
sim27319,0.0
sim27320,0.0
sim27321,44.44444444444444
sim27322,33.33333333333333
sim27323,0.0
sim27324,55.55555555555556
sim27325,0.0
sim27326,77.77777777777779
sim27327,0.0
sim27328,11.11111111111111
sim27329,33.33333333333333
sim27330,0.0
sim27331,0.0
sim27332,0.0
sim27333,55.55555555555556
sim27334,0.0
sim27335,22.22222222222222
sim27336,0.0
sim27337,66.66666666666666
sim27338,0.0
sim27339,77.77777777777779
sim27340,0.0
sim27341,88.88888888888889
sim27342,0.0
sim27343,0.0
sim27344,0.0
sim27345,0.0
sim27346,0.0
sim27347,11.11111111111111
sim27348,0.0
sim27349,44.44444444444444
sim27350,0.0
sim27351,22.22222222222222
sim27352,0.0
sim27353,0.0
sim27354,0.0
sim27355,100.0
sim27356,0.0
sim27357,44.44444444444444
sim27358,0.0
sim27359,11.11111111111111
sim27360,0.0
sim27361,100.0
sim27362,0.0
sim27363,66.66666666666666
sim27364,0.0
sim27365,0.0
sim27366,0.0
sim27367,22.22222222222222
sim27368,0.0
sim27369,0.0
sim27370,11.11111111111111
sim27371,0.0
sim27372,0.0
sim27373,77.77777777777779
sim27374,0.0
sim27375,33.33333333333333
sim27376,0.0
sim27377,44.44444444444444
sim27378,0.0
sim27379,0.0
sim27380,0.0
sim27381,0.0
sim27382,0.0
sim27383,100.0
sim27384,0.0
sim27385,0.0
sim27386,0.0
sim27387,55.55555555555556
sim27388,0.0
sim27389,0.0
sim27390,0.0
sim27391,44.44444444444444
sim27392,77.77777777777779
sim27393,0.0
sim27394,44.44444444444444
sim27395,0.0
sim27396,100.0
sim27397,0.0
sim27398,0.0
sim27399,33.33333333333333
sim27400,0.0
sim27401,33.33333333333333
sim27402,0.0
sim27403,0.0
sim27404,0.0
sim27405,0.0
sim27406,0.0
sim27407,100.0
sim27408,0.0
sim27409,44.44444444444444
sim27410,100.0
sim27411,0.0
sim27412,77.77777777777779
sim27413,0.0
sim27414,0.0
sim27415,11.11111111111111
sim27416,0.0
sim27417,100.0
sim27418,0.0
sim27419,0.0
sim27420,0.0
sim27421,0.0
sim27422,0.0
sim27423,66.66666666666666
sim27424,44.44444444444444
sim27425,0.0
sim27426,0.0
sim27427,100.0
sim27428,0.0
sim27429,88.88888888888889
sim27430,0.0
sim27431,0.0
sim27432,88.88888888888889
sim27433,0.0
sim27434,0.0
sim27435,11.11111111111111
sim27436,0.0
sim27437,0.0
sim27438,88.88888888888889
sim27439,0.0
sim27440,0.0
sim27441,0.0
sim27442,0.0
sim27443,77.77777777777779
sim27444,0.0
sim27445,100.0
sim27446,55.55555555555556
sim27447,0.0
sim27448,33.33333333333333
sim27449,0.0
sim27450,0.0
sim27451,0.0
sim27452,0.0
sim27453,0.0
sim27454,100.0
sim27455,0.0
sim27456,0.0
sim27457,100.0
sim27458,0.0
sim27459,0.0
sim27460,0.0
sim27461,0.0
sim27462,0.0
sim27463,44.44444444444444
sim27464,0.0
sim27465,22.22222222222222
sim27466,88.88888888888889
sim27467,0.0
sim27468,77.77777777777779
sim27469,0.0
sim27470,0.0
sim27471,0.0
sim27472,0.0
sim27473,100.0
sim27474,11.11111111111111
sim27475,0.0
sim27476,22.22222222222222
sim27477,0.0
sim27478,0.0
sim27479,100.0
sim27480,0.0
sim27481,0.0
sim27482,11.11111111111111
sim27483,0.0
sim27484,100.0
sim27485,0.0
sim27486,0.0
sim27487,0.0
sim27488,77.77777777777779
sim27489,0.0
sim27490,0.0
sim27491,0.0
sim27492,0.0
sim27493,33.33333333333333
sim27494,88.88888888888889
sim27495,0.0
sim27496,0.0
sim27497,0.0
sim27498,0.0
sim27499,100.0
sim27500,0.0
sim27501,100.0
sim27502,44.44444444444444
sim27503,0.0
sim27504,100.0
sim27505,0.0
sim27506,0.0
sim27507,44.44444444444444
sim27508,0.0
sim27509,22.22222222222222
sim27510,100.0
sim27511,0.0
sim27512,0.0
sim27513,0.0
sim27514,0.0
sim27515,88.88888888888889
sim27516,0.0
sim27517,44.44444444444444
sim27518,0.0
sim27519,0.0
sim27520,0.0
sim27521,0.0
sim27522,0.0
sim27523,77.77777777777779
sim27524,0.0
sim27525,100.0
sim27526,44.44444444444444
sim27527,0.0
sim27528,33.33333333333333
sim27529,0.0
sim27530,0.0
sim27531,0.0
sim27532,0.0
sim27533,0.0
sim27534,77.77777777777779
sim27535,0.0
sim27536,22.22222222222222
sim27537,0.0
sim27538,0.0
sim27539,100.0
sim27540,0.0
sim27541,66.66666666666666
sim27542,0.0
sim27543,0.0
sim27544,88.88888888888889
sim27545,0.0
sim27546,0.0
sim27547,33.33333333333333
sim27548,0.0
sim27549,0.0
sim27550,88.88888888888889
sim27551,0.0
sim27552,0.0
sim27553,77.77777777777779
sim27554,100.0
sim27555,0.0
sim27556,100.0
sim27557,0.0
sim27558,0.0
sim27559,0.0
sim27560,0.0
sim27561,88.88888888888889
sim27562,0.0
sim27563,0.0
sim27564,0.0
sim27565,0.0
sim27566,0.0
sim27567,77.77777777777779
sim27568,0.0
sim27569,0.0
sim27570,44.44444444444444
sim27571,0.0
sim27572,100.0
sim27573,0.0
sim27574,0.0
sim27575,44.44444444444444
sim27576,0.0
sim27577,100.0
sim27578,0.0
sim27579,0.0
sim27580,44.44444444444444
sim27581,0.0
sim27582,0.0
sim27583,88.88888888888889
sim27584,88.88888888888889
sim27585,0.0
sim27586,0.0
sim27587,33.33333333333333
sim27588,0.0
sim27589,0.0
sim27590,77.77777777777779
sim27591,0.0
sim27592,0.0
sim27593,0.0
sim27594,0.0
sim27595,100.0
sim27596,0.0
sim27597,33.33333333333333
sim27598,0.0
sim27599,0.0
sim27600,88.88888888888889
sim27601,0.0
sim27602,0.0
sim27603,0.0
sim27604,0.0
sim27605,44.44444444444444
sim27606,100.0
sim27607,0.0
sim27608,0.0
sim27609,0.0
sim27610,0.0
sim27611,77.77777777777779
sim27612,0.0
sim27613,88.88888888888889
sim27614,11.11111111111111
sim27615,0.0
sim27616,0.0
sim27617,88.88888888888889
sim27618,0.0
sim27619,0.0
sim27620,44.44444444444444
sim27621,0.0
sim27622,0.0
sim27623,100.0
sim27624,0.0
sim27625,0.0
sim27626,77.77777777777779
sim27627,0.0
sim27628,88.88888888888889
sim27629,0.0
sim27630,0.0
sim27631,33.33333333333333
sim27632,0.0
sim27633,100.0
sim27634,22.22222222222222
sim27635,0.0
sim27636,0.0
sim27637,0.0
sim27638,0.0
sim27639,100.0
sim27640,0.0
sim27641,0.0
sim27642,88.88888888888889
sim27643,0.0
sim27644,77.77777777777779
sim27645,0.0
sim27646,0.0
sim27647,0.0
sim27648,77.77777777777779
sim27649,0.0
sim27650,0.0
sim27651,0.0
sim27652,11.11111111111111
sim27653,0.0
sim27654,0.0
sim27655,77.77777777777779
sim27656,0.0
sim27657,0.0
sim27658,0.0
sim27659,66.66666666666666
sim27660,0.0
sim27661,0.0
sim27662,0.0
sim27663,77.77777777777779
sim27664,0.0
sim27665,77.77777777777779
sim27666,33.33333333333333
sim27667,0.0
sim27668,0.0
sim27669,0.0
sim27670,0.0
sim27671,0.0
sim27672,0.0
sim27673,100.0
sim27674,0.0
sim27675,0.0
sim27676,0.0
sim27677,66.66666666666666
sim27678,0.0
sim27679,33.33333333333333
sim27680,0.0
sim27681,0.0
sim27682,0.0
sim27683,100.0
sim27684,0.0
sim27685,77.77777777777779
sim27686,0.0
sim27687,66.66666666666666
sim27688,0.0
sim27689,22.22222222222222
sim27690,0.0
sim27691,33.33333333333333
sim27692,0.0
sim27693,0.0
sim27694,0.0
sim27695,66.66666666666666
sim27696,0.0
sim27697,55.55555555555556
sim27698,0.0
sim27699,44.44444444444444
sim27700,0.0
sim27701,100.0
sim27702,0.0
sim27703,0.0
sim27704,0.0
sim27705,0.0
sim27706,0.0
sim27707,0.0
sim27708,0.0
sim27709,55.55555555555556
sim27710,0.0
sim27711,0.0
sim27712,0.0
sim27713,0.0
sim27714,66.66666666666666
sim27715,0.0
sim27716,0.0
sim27717,0.0
sim27718,22.22222222222222
sim27719,0.0
sim27720,0.0
sim27721,0.0
sim27722,77.77777777777779
sim27723,0.0
sim27724,33.33333333333333
sim27725,0.0
sim27726,11.11111111111111
sim27727,0.0
sim27728,55.55555555555556
sim27729,0.0
sim27730,33.33333333333333
sim27731,0.0
sim27732,88.88888888888889
sim27733,0.0
sim27734,0.0
sim27735,55.55555555555556
sim27736,66.66666666666666
sim27737,0.0
sim27738,0.0
sim27739,0.0
sim27740,77.77777777777779
sim27741,0.0
sim27742,0.0
sim27743,0.0
sim27744,44.44444444444444
sim27745,0.0
sim27746,0.0
sim27747,0.0
sim27748,0.0
sim27749,0.0
sim27750,77.77777777777779
sim27751,0.0
sim27752,0.0
sim27753,0.0
sim27754,0.0
sim27755,0.0
sim27756,11.11111111111111
sim27757,22.22222222222222
sim27758,88.88888888888889
sim27759,0.0
sim27760,100.0
sim27761,0.0
sim27762,0.0
sim27763,0.0
sim27764,44.44444444444444
sim27765,0.0
sim27766,44.44444444444444
sim27767,0.0
sim27768,55.55555555555556
sim27769,0.0
sim27770,33.33333333333333
sim27771,0.0
sim27772,33.33333333333333
sim27773,0.0
sim27774,0.0
sim27775,0.0
sim27776,77.77777777777779
sim27777,0.0
sim27778,0.0
sim27779,0.0
sim27780,55.55555555555556
sim27781,66.66666666666666
sim27782,44.44444444444444
sim27783,0.0
sim27784,77.77777777777779
sim27785,0.0
sim27786,11.11111111111111
sim27787,0.0
sim27788,22.22222222222222
sim27789,0.0
sim27790,0.0
sim27791,0.0
sim27792,33.33333333333333
sim27793,0.0
sim27794,44.44444444444444
sim27795,22.22222222222222
sim27796,0.0
sim27797,0.0
sim27798,22.22222222222222
sim27799,0.0
sim27800,22.22222222222222
sim27801,0.0
sim27802,0.0
sim27803,0.0
sim27804,0.0
sim27805,0.0
sim27806,88.88888888888889
sim27807,0.0
sim27808,0.0
sim27809,0.0
sim27810,77.77777777777779
sim27811,0.0
sim27812,100.0
sim27813,0.0
sim27814,0.0
sim27815,0.0
sim27816,77.77777777777779
sim27817,0.0
sim27818,0.0
sim27819,0.0
sim27820,33.33333333333333
sim27821,0.0
sim27822,0.0
sim27823,0.0
sim27824,0.0
sim27825,0.0
sim27826,77.77777777777779
sim27827,0.0
sim27828,33.33333333333333
sim27829,0.0
sim27830,0.0
sim27831,0.0
sim27832,0.0
sim27833,0.0
sim27834,33.33333333333333
sim27835,0.0
sim27836,55.55555555555556
sim27837,0.0
sim27838,77.77777777777779
sim27839,0.0
sim27840,0.0
sim27841,44.44444444444444
sim27842,0.0
sim27843,33.33333333333333
sim27844,0.0
sim27845,55.55555555555556
sim27846,0.0
sim27847,0.0
sim27848,0.0
sim27849,55.55555555555556
sim27850,0.0
sim27851,44.44444444444444
sim27852,0.0
sim27853,88.88888888888889
sim27854,0.0
sim27855,0.0
sim27856,0.0
sim27857,0.0
sim27858,0.0
sim27859,66.66666666666666
sim27860,0.0
sim27861,33.33333333333333
sim27862,44.44444444444444
sim27863,0.0
sim27864,0.0
sim27865,0.0
sim27866,0.0
sim27867,88.88888888888889
sim27868,0.0
sim27869,44.44444444444444
sim27870,0.0
sim27871,44.44444444444444
sim27872,0.0
sim27873,88.88888888888889
sim27874,0.0
sim27875,22.22222222222222
sim27876,0.0
sim27877,0.0
sim27878,0.0
sim27879,55.55555555555556
sim27880,0.0
sim27881,0.0
sim27882,0.0
sim27883,0.0
sim27884,0.0
sim27885,66.66666666666666
sim27886,0.0
sim27887,22.22222222222222
sim27888,0.0
sim27889,22.22222222222222
sim27890,0.0
sim27891,0.0
sim27892,0.0
sim27893,0.0
sim27894,0.0
sim27895,100.0
sim27896,0.0
sim27897,0.0
sim27898,0.0
sim27899,66.66666666666666
sim27900,0.0
sim27901,0.0
sim27902,0.0
sim27903,0.0
sim27904,33.33333333333333
sim27905,0.0
sim27906,0.0
sim27907,0.0
sim27908,0.0
sim27909,0.0
sim27910,0.0
sim27911,66.66666666666666
sim27912,0.0
sim27913,11.11111111111111
sim27914,0.0
sim27915,55.55555555555556
sim27916,0.0
sim27917,0.0
sim27918,0.0
sim27919,100.0
sim27920,0.0
sim27921,88.88888888888889
sim27922,44.44444444444444
sim27923,0.0
sim27924,0.0
sim27925,0.0
sim27926,0.0
sim27927,0.0
sim27928,0.0
sim27929,100.0
sim27930,0.0
sim27931,0.0
sim27932,0.0
sim27933,77.77777777777779
sim27934,0.0
sim27935,33.33333333333333
sim27936,0.0
sim27937,0.0
sim27938,0.0
sim27939,100.0
sim27940,0.0
sim27941,44.44444444444444
sim27942,0.0
sim27943,66.66666666666666
sim27944,33.33333333333333
sim27945,0.0
sim27946,0.0
sim27947,77.77777777777779
sim27948,0.0
sim27949,0.0
sim27950,0.0
sim27951,66.66666666666666
sim27952,0.0
sim27953,33.33333333333333
sim27954,0.0
sim27955,77.77777777777779
sim27956,0.0
sim27957,100.0
sim27958,0.0
sim27959,0.0
sim27960,0.0
sim27961,0.0
sim27962,0.0
sim27963,0.0
sim27964,0.0
sim27965,44.44444444444444
sim27966,0.0
sim27967,0.0
sim27968,0.0
sim27969,11.11111111111111
sim27970,77.77777777777779
sim27971,0.0
sim27972,0.0
sim27973,0.0
sim27974,22.22222222222222
sim27975,0.0
sim27976,0.0
sim27977,0.0
sim27978,77.77777777777779
sim27979,0.0
sim27980,0.0
sim27981,0.0
sim27982,44.44444444444444
sim27983,0.0
sim27984,55.55555555555556
sim27985,44.44444444444444
sim27986,0.0
sim27987,0.0
sim27988,88.88888888888889
sim27989,0.0
sim27990,0.0
sim27991,44.44444444444444
sim27992,44.44444444444444
sim27993,0.0
sim27994,0.0
sim27995,0.0
sim27996,77.77777777777779
sim27997,0.0
sim27998,0.0
sim27999,0.0
sim28000,77.77777777777779
sim28001,0.0
sim28002,0.0
sim28003,0.0
sim28004,0.0
sim28005,0.0
sim28006,77.77777777777779
sim28007,0.0
sim28008,0.0
sim28009,0.0
sim28010,0.0
sim28011,0.0
sim28012,33.33333333333333
sim28013,0.0
sim28014,66.66666666666666
sim28015,0.0
sim28016,88.88888888888889
sim28017,0.0
sim28018,0.0
sim28019,11.11111111111111
sim28020,44.44444444444444
sim28021,0.0
sim28022,44.44444444444444
sim28023,0.0
sim28024,55.55555555555556
sim28025,0.0
sim28026,11.11111111111111
sim28027,0.0
sim28028,11.11111111111111
sim28029,0.0
sim28030,0.0
sim28031,0.0
sim28032,44.44444444444444
sim28033,0.0
sim28034,0.0
sim28035,0.0
sim28036,55.55555555555556
sim28037,66.66666666666666
sim28038,44.44444444444444
sim28039,0.0
sim28040,77.77777777777779
sim28041,0.0
sim28042,0.0
sim28043,0.0
sim28044,11.11111111111111
sim28045,0.0
sim28046,0.0
sim28047,0.0
sim28048,22.22222222222222
sim28049,0.0
sim28050,55.55555555555556
sim28051,22.22222222222222
sim28052,0.0
sim28053,0.0
sim28054,55.55555555555556
sim28055,0.0
sim28056,0.0
sim28057,0.0
sim28058,22.22222222222222
sim28059,0.0
sim28060,0.0
sim28061,0.0
sim28062,88.88888888888889
sim28063,0.0
sim28064,0.0
sim28065,0.0
sim28066,55.55555555555556
sim28067,0.0
sim28068,100.0
sim28069,0.0
sim28070,0.0
sim28071,0.0
sim28072,77.77777777777779
sim28073,0.0
sim28074,0.0
sim28075,0.0
sim28076,33.33333333333333
sim28077,0.0
sim28078,0.0
sim28079,0.0
sim28080,11.11111111111111
sim28081,0.0
sim28082,77.77777777777779
sim28083,0.0
sim28084,55.55555555555556
sim28085,0.0
sim28086,0.0
sim28087,11.11111111111111
sim28088,0.0
sim28089,0.0
sim28090,22.22222222222222
sim28091,0.0
sim28092,44.44444444444444
sim28093,0.0
sim28094,66.66666666666666
sim28095,0.0
sim28096,0.0
sim28097,44.44444444444444
sim28098,0.0
sim28099,33.33333333333333
sim28100,0.0
sim28101,77.77777777777779
sim28102,0.0
sim28103,0.0
sim28104,0.0
sim28105,77.77777777777779
sim28106,0.0
sim28107,22.22222222222222
sim28108,0.0
sim28109,88.88888888888889
sim28110,0.0
sim28111,0.0
sim28112,0.0
sim28113,0.0
sim28114,0.0
sim28115,66.66666666666666
sim28116,0.0
sim28117,11.11111111111111
sim28118,44.44444444444444
sim28119,11.11111111111111
sim28120,0.0
sim28121,0.0
sim28122,0.0
sim28123,88.88888888888889
sim28124,0.0
sim28125,44.44444444444444
sim28126,0.0
sim28127,33.33333333333333
sim28128,0.0
sim28129,88.88888888888889
sim28130,0.0
sim28131,22.22222222222222
sim28132,0.0
sim28133,0.0
sim28134,0.0
sim28135,66.66666666666666
sim28136,0.0
sim28137,0.0
sim28138,0.0
sim28139,0.0
sim28140,0.0
sim28141,66.66666666666666
sim28142,0.0
sim28143,33.33333333333333
sim28144,0.0
sim28145,11.11111111111111
sim28146,0.0
sim28147,0.0
sim28148,0.0
sim28149,0.0
sim28150,0.0
sim28151,100.0
sim28152,0.0
sim28153,0.0
sim28154,0.0
sim28155,66.66666666666666
sim28156,0.0
sim28157,0.0
sim28158,0.0
sim28159,33.33333333333333
sim28160,44.44444444444444
sim28161,0.0
sim28162,0.0
sim28163,0.0
sim28164,0.0
sim28165,0.0
sim28166,0.0
sim28167,77.77777777777779
sim28168,0.0
sim28169,33.33333333333333
sim28170,0.0
sim28171,66.66666666666666
sim28172,0.0
sim28173,0.0
sim28174,0.0
sim28175,100.0
sim28176,0.0
sim28177,77.77777777777779
sim28178,66.66666666666666
sim28179,0.0
sim28180,0.0
sim28181,0.0
sim28182,0.0
sim28183,0.0
sim28184,0.0
sim28185,100.0
sim28186,0.0
sim28187,0.0
sim28188,0.0
sim28189,55.55555555555556
sim28190,0.0
sim28191,33.33333333333333
sim28192,0.0
sim28193,0.0
sim28194,0.0
sim28195,100.0
sim28196,0.0
sim28197,77.77777777777779
sim28198,0.0
sim28199,66.66666666666666
sim28200,0.0
sim28201,0.0
sim28202,0.0
sim28203,44.44444444444444
sim28204,0.0
sim28205,0.0
sim28206,0.0
sim28207,66.66666666666666
sim28208,0.0
sim28209,55.55555555555556
sim28210,0.0
sim28211,44.44444444444444
sim28212,0.0
sim28213,77.77777777777779
sim28214,0.0
sim28215,0.0
sim28216,0.0
sim28217,0.0
sim28218,0.0
sim28219,0.0
sim28220,0.0
sim28221,77.77777777777779
sim28222,0.0
sim28223,0.0
sim28224,0.0
sim28225,0.0
sim28226,66.66666666666666
sim28227,0.0
sim28228,0.0
sim28229,0.0
sim28230,44.44444444444444
sim28231,0.0
sim28232,0.0
sim28233,0.0
sim28234,77.77777777777779
sim28235,0.0
sim28236,33.33333333333333
sim28237,0.0
sim28238,11.11111111111111
sim28239,0.0
sim28240,22.22222222222222
sim28241,0.0
sim28242,0.0
sim28243,0.0
sim28244,88.88888888888889
sim28245,0.0
sim28246,0.0
sim28247,44.44444444444444
sim28248,66.66666666666666
sim28249,0.0
sim28250,0.0
sim28251,0.0
sim28252,77.77777777777779
sim28253,0.0
sim28254,0.0
sim28255,0.0
sim28256,44.44444444444444
sim28257,0.0
sim28258,0.0
sim28259,0.0
sim28260,0.0
sim28261,0.0
sim28262,66.66666666666666
sim28263,0.0
sim28264,0.0
sim28265,0.0
sim28266,0.0
sim28267,0.0
sim28268,11.11111111111111
sim28269,44.44444444444444
sim28270,88.88888888888889
sim28271,0.0
sim28272,100.0
sim28273,0.0
sim28274,0.0
sim28275,0.0
sim28276,33.33333333333333
sim28277,0.0
sim28278,44.44444444444444
sim28279,0.0
sim28280,66.66666666666666
sim28281,0.0
sim28282,22.22222222222222
sim28283,0.0
sim28284,22.22222222222222
sim28285,0.0
sim28286,0.0
sim28287,0.0
sim28288,77.77777777777779
sim28289,0.0
sim28290,0.0
sim28291,0.0
sim28292,55.55555555555556
sim28293,55.55555555555556
sim28294,44.44444444444444
sim28295,0.0
sim28296,77.77777777777779
sim28297,0.0
sim28298,0.0
sim28299,0.0
sim28300,44.44444444444444
sim28301,0.0
sim28302,11.11111111111111
sim28303,0.0
sim28304,22.22222222222222
sim28305,0.0
sim28306,44.44444444444444
sim28307,11.11111111111111
sim28308,0.0
sim28309,0.0
sim28310,22.22222222222222
sim28311,0.0
sim28312,0.0
sim28313,0.0
sim28314,0.0
sim28315,0.0
sim28316,0.0
sim28317,0.0
sim28318,88.88888888888889
sim28319,0.0
sim28320,0.0
sim28321,11.11111111111111
sim28322,66.66666666666666
sim28323,0.0
sim28324,100.0
sim28325,0.0
sim28326,0.0
sim28327,0.0
sim28328,77.77777777777779
sim28329,0.0
sim28330,0.0
sim28331,0.0
sim28332,0.0
sim28333,0.0
sim28334,0.0
sim28335,0.0
sim28336,0.0
sim28337,0.0
sim28338,77.77777777777779
sim28339,0.0
sim28340,44.44444444444444
sim28341,0.0
sim28342,0.0
sim28343,0.0
sim28344,0.0
sim28345,0.0
sim28346,44.44444444444444
sim28347,0.0
sim28348,77.77777777777779
sim28349,0.0
sim28350,66.66666666666666
sim28351,0.0
sim28352,0.0
sim28353,66.66666666666666
sim28354,0.0
sim28355,44.44444444444444
sim28356,0.0
sim28357,55.55555555555556
sim28358,0.0
sim28359,0.0
sim28360,0.0
sim28361,33.33333333333333
sim28362,0.0
sim28363,55.55555555555556
sim28364,0.0
sim28365,88.88888888888889
sim28366,0.0
sim28367,11.11111111111111
sim28368,0.0
sim28369,0.0
sim28370,0.0
sim28371,66.66666666666666
sim28372,0.0
sim28373,33.33333333333333
sim28374,44.44444444444444
sim28375,0.0
sim28376,0.0
sim28377,0.0
sim28378,0.0
sim28379,88.88888888888889
sim28380,0.0
sim28381,44.44444444444444
sim28382,0.0
sim28383,66.66666666666666
sim28384,0.0
sim28385,88.88888888888889
sim28386,0.0
sim28387,0.0
sim28388,0.0
sim28389,0.0
sim28390,0.0
sim28391,55.55555555555556
sim28392,0.0
sim28393,0.0
sim28394,0.0
sim28395,0.0
sim28396,0.0
sim28397,66.66666666666666
sim28398,0.0
sim28399,0.0
sim28400,0.0
sim28401,11.11111111111111
sim28402,0.0
sim28403,11.11111111111111
sim28404,0.0
sim28405,0.0
sim28406,0.0
sim28407,100.0
sim28408,0.0
sim28409,11.11111111111111
sim28410,0.0
sim28411,77.77777777777779
sim28412,0.0
sim28413,0.0
sim28414,0.0
sim28415,22.22222222222222
sim28416,22.22222222222222
sim28417,0.0
sim28418,0.0
sim28419,0.0
sim28420,0.0
sim28421,0.0
sim28422,0.0
sim28423,66.66666666666666
sim28424,0.0
sim28425,0.0
sim28426,0.0
sim28427,100.0
sim28428,0.0
sim28429,0.0
sim28430,0.0
sim28431,66.66666666666666
sim28432,0.0
sim28433,77.77777777777779
sim28434,0.0
sim28435,0.0
sim28436,0.0
sim28437,22.22222222222222
sim28438,0.0
sim28439,0.0
sim28440,0.0
sim28441,44.44444444444444
sim28442,0.0
sim28443,0.0
sim28444,0.0
sim28445,66.66666666666666
sim28446,0.0
sim28447,77.77777777777779
sim28448,11.11111111111111
sim28449,0.0
sim28450,0.0
sim28451,77.77777777777779
sim28452,0.0
sim28453,33.33333333333333
sim28454,0.0
sim28455,88.88888888888889
sim28456,0.0
sim28457,88.88888888888889
sim28458,0.0
sim28459,11.11111111111111
sim28460,0.0
sim28461,0.0
sim28462,0.0
sim28463,66.66666666666666
sim28464,0.0
sim28465,55.55555555555556
sim28466,0.0
sim28467,66.66666666666666
sim28468,0.0
sim28469,44.44444444444444
sim28470,0.0
sim28471,0.0
sim28472,0.0
sim28473,44.44444444444444
sim28474,55.55555555555556
sim28475,0.0
sim28476,0.0
sim28477,88.88888888888889
sim28478,0.0
sim28479,0.0
sim28480,0.0
sim28481,0.0
sim28482,66.66666666666666
sim28483,0.0
sim28484,0.0
sim28485,0.0
sim28486,88.88888888888889
sim28487,0.0
sim28488,22.22222222222222
sim28489,0.0
sim28490,0.0
sim28491,0.0
sim28492,11.11111111111111
sim28493,0.0
sim28494,22.22222222222222
sim28495,0.0
sim28496,55.55555555555556
sim28497,0.0
sim28498,44.44444444444444
sim28499,0.0
sim28500,77.77777777777779
sim28501,11.11111111111111
sim28502,0.0
sim28503,0.0
sim28504,66.66666666666666
sim28505,0.0
sim28506,0.0
sim28507,0.0
sim28508,77.77777777777779
sim28509,0.0
sim28510,0.0
sim28511,0.0
sim28512,33.33333333333333
sim28513,0.0
sim28514,11.11111111111111
sim28515,0.0
sim28516,0.0
sim28517,0.0
sim28518,0.0
sim28519,0.0
sim28520,0.0
sim28521,0.0
sim28522,77.77777777777779
sim28523,0.0
sim28524,0.0
sim28525,0.0
sim28526,77.77777777777779
sim28527,0.0
sim28528,100.0
sim28529,0.0
sim28530,0.0
sim28531,0.0
sim28532,44.44444444444444
sim28533,0.0
sim28534,0.0
sim28535,0.0
sim28536,33.33333333333333
sim28537,22.22222222222222
sim28538,55.55555555555556
sim28539,0.0
sim28540,22.22222222222222
sim28541,0.0
sim28542,0.0
sim28543,0.0
sim28544,66.66666666666666
sim28545,0.0
sim28546,11.11111111111111
sim28547,0.0
sim28548,55.55555555555556
sim28549,33.33333333333333
sim28550,33.33333333333333
sim28551,0.0
sim28552,77.77777777777779
sim28553,0.0
sim28554,11.11111111111111
sim28555,0.0
sim28556,77.77777777777779
sim28557,0.0
sim28558,0.0
sim28559,0.0
sim28560,0.0
sim28561,0.0
sim28562,55.55555555555556
sim28563,0.0
sim28564,0.0
sim28565,0.0
sim28566,44.44444444444444
sim28567,0.0
sim28568,0.0
sim28569,0.0
sim28570,0.0
sim28571,0.0
sim28572,0.0
sim28573,0.0
sim28574,22.22222222222222
sim28575,0.0
sim28576,11.11111111111111
sim28577,0.0
sim28578,0.0
sim28579,0.0
sim28580,77.77777777777779
sim28581,0.0
sim28582,0.0
sim28583,0.0
sim28584,77.77777777777779
sim28585,0.0
sim28586,0.0
sim28587,0.0
sim28588,11.11111111111111
sim28589,11.11111111111111
sim28590,66.66666666666666
sim28591,0.0
sim28592,0.0
sim28593,0.0
sim28594,55.55555555555556
sim28595,0.0
sim28596,33.33333333333333
sim28597,0.0
sim28598,0.0
sim28599,0.0
sim28600,0.0
sim28601,0.0
sim28602,77.77777777777779
sim28603,0.0
sim28604,33.33333333333333
sim28605,0.0
sim28606,88.88888888888889
sim28607,0.0
sim28608,0.0
sim28609,100.0
sim28610,0.0
sim28611,0.0
sim28612,0.0
sim28613,55.55555555555556
sim28614,0.0
sim28615,0.0
sim28616,0.0
sim28617,55.55555555555556
sim28618,0.0
sim28619,22.22222222222222
sim28620,0.0
sim28621,66.66666666666666
sim28622,0.0
sim28623,44.44444444444444
sim28624,0.0
sim28625,0.0
sim28626,0.0
sim28627,66.66666666666666
sim28628,0.0
sim28629,77.77777777777779
sim28630,0.0
sim28631,11.11111111111111
sim28632,0.0
sim28633,0.0
sim28634,0.0
sim28635,88.88888888888889
sim28636,0.0
sim28637,0.0
sim28638,0.0
sim28639,77.77777777777779
sim28640,0.0
sim28641,44.44444444444444
sim28642,0.0
sim28643,77.77777777777779
sim28644,33.33333333333333
sim28645,0.0
sim28646,0.0
sim28647,0.0
sim28648,0.0
sim28649,0.0
sim28650,0.0
sim28651,0.0
sim28652,0.0
sim28653,100.0
sim28654,0.0
sim28655,0.0
sim28656,0.0
sim28657,0.0
sim28658,0.0
sim28659,11.11111111111111
sim28660,0.0
sim28661,0.0
sim28662,0.0
sim28663,100.0
sim28664,0.0
sim28665,0.0
sim28666,0.0
sim28667,66.66666666666666
sim28668,0.0
sim28669,0.0
sim28670,0.0
sim28671,0.0
sim28672,0.0
